2026-03-28T10:05:26.549+01:00  INFO 51736 --- [Pharmacies] [main] c.gestion.invoice.JwtApplicationTests    : Starting JwtApplicationTests using Java 17.0.18 with PID 51736 (started by thierry in /home/thierry/Clients/fullstock/gestions/Pharmacies)
2026-03-28T10:05:26.551+01:00  INFO 51736 --- [Pharmacies] [main] c.gestion.invoice.JwtApplicationTests    : No active profile set, falling back to 1 default profile: "default"
2026-03-28T10:05:26.582+01:00 DEBUG 51736 --- [Pharmacies] [main] o.s.w.c.s.GenericWebApplicationContext   : Refreshing org.springframework.web.context.support.GenericWebApplicationContext@6b530eb9
2026-03-28T10:05:27.218+01:00  INFO 51736 --- [Pharmacies] [main] .s.d.r.c.RepositoryConfigurationDelegate : Bootstrapping Spring Data JPA repositories in DEFAULT mode.
2026-03-28T10:05:27.331+01:00  INFO 51736 --- [Pharmacies] [main] .s.d.r.c.RepositoryConfigurationDelegate : Finished Spring Data repository scanning in 104 ms. Found 13 JPA repository interfaces.
2026-03-28T10:05:27.931+01:00  INFO 51736 --- [Pharmacies] [main] o.hibernate.jpa.internal.util.LogHelper  : HHH000204: Processing PersistenceUnitInfo [name: default]
2026-03-28T10:05:27.969+01:00  INFO 51736 --- [Pharmacies] [main] org.hibernate.Version                    : HHH000412: Hibernate ORM core version 6.6.29.Final
2026-03-28T10:05:28.022+01:00  INFO 51736 --- [Pharmacies] [main] o.h.c.internal.RegionFactoryInitiator    : HHH000026: Second-level cache disabled
2026-03-28T10:05:28.235+01:00  INFO 51736 --- [Pharmacies] [main] o.s.o.j.p.SpringPersistenceUnitInfo      : No LoadTimeWeaver setup: ignoring JPA class transformer
2026-03-28T10:05:28.263+01:00  INFO 51736 --- [Pharmacies] [main] com.zaxxer.hikari.HikariDataSource       : HikariPool-1 - Starting...
2026-03-28T10:05:28.419+01:00  INFO 51736 --- [Pharmacies] [main] com.zaxxer.hikari.pool.HikariPool        : HikariPool-1 - Added connection com.mysql.cj.jdbc.ConnectionImpl@7d18338b
2026-03-28T10:05:28.422+01:00  INFO 51736 --- [Pharmacies] [main] com.zaxxer.hikari.HikariDataSource       : HikariPool-1 - Start completed.
2026-03-28T10:05:28.472+01:00  WARN 51736 --- [Pharmacies] [main] org.hibernate.dialect.Dialect            : HHH000511: The 5.5.5 version for [org.hibernate.dialect.MySQLDialect] is no longer supported, hence certain features may not work properly. The minimum supported version is 8.0.0. Check the community dialects project for available legacy versions.
2026-03-28T10:05:28.493+01:00  INFO 51736 --- [Pharmacies] [main] org.hibernate.orm.connections.pooling    : HHH10001005: Database info:
	Database JDBC URL [Connecting through datasource 'HikariDataSource (HikariPool-1)']
	Database driver: undefined/unknown
	Database version: 5.5.5
	Autocommit mode: undefined/unknown
	Isolation level: undefined/unknown
	Minimum pool size: undefined/unknown
	Maximum pool size: undefined/unknown
2026-03-28T10:05:29.551+01:00  INFO 51736 --- [Pharmacies] [main] o.h.e.t.j.p.i.JtaPlatformInitiator       : HHH000489: No JTA platform available (set 'hibernate.transaction.jta.platform' to enable JTA platform integration)
2026-03-28T10:05:29.642+01:00  INFO 51736 --- [Pharmacies] [main] j.LocalContainerEntityManagerFactoryBean : Initialized JPA EntityManagerFactory for persistence unit 'default'
2026-03-28T10:05:30.007+01:00  INFO 51736 --- [Pharmacies] [main] o.s.d.j.r.query.QueryEnhancerFactory     : Hibernate is in classpath; If applicable, HQL parser will be used.
2026-03-28T10:05:31.546+01:00  INFO 51736 --- [Pharmacies] [main] r$InitializeUserDetailsManagerConfigurer : Global AuthenticationManager configured with UserDetailsService bean with name userDetailsService
2026-03-28T10:05:31.567+01:00  WARN 51736 --- [Pharmacies] [main] JpaBaseConfiguration$JpaWebConfiguration : spring.jpa.open-in-view is enabled by default. Therefore, database queries may be performed during view rendering. Explicitly configure spring.jpa.open-in-view to disable this warning
2026-03-28T10:05:31.694+01:00  INFO 51736 --- [Pharmacies] [main] o.s.b.a.w.s.WelcomePageHandlerMapping    : Adding welcome page: class path resource [static/index.html]
2026-03-28T10:05:31.728+01:00 TRACE 51736 --- [Pharmacies] [main] s.w.s.m.m.a.RequestMappingHandlerMapping : 
	c.g.i.c.CategorieController:
	{POST [/api/v1/categorie/add]}: addCategorie(CategorieProduit)
	{GET [/api/v1/categorie/all]}: allCategories()
	{PUT [/api/v1/categorie/update/{id}]}: updateCategorie(Long,CategorieProduit)
	{DELETE [/api/v1/categorie/delete/{id}]}: deleteCategorie(Long)
2026-03-28T10:05:31.736+01:00 TRACE 51736 --- [Pharmacies] [main] s.w.s.m.m.a.RequestMappingHandlerMapping : 
	c.g.i.c.ClientController:
	{POST [/api/v1/client/add]}: addClient(Client)
	{PUT [/api/v1/client/update/{id}]}: updateClient(Long,Client)
	{DELETE [/api/v1/client/delete/{id}]}: deleteClient(Long)
	{GET [/api/v1/client/all]}: getAllClients()
2026-03-28T10:05:31.738+01:00 TRACE 51736 --- [Pharmacies] [main] s.w.s.m.m.a.RequestMappingHandlerMapping : 
	c.g.i.c.CpteTicketsController:
	{GET [/api/v1/compteurticket]}: generateTk()
2026-03-28T10:05:31.740+01:00 TRACE 51736 --- [Pharmacies] [main] s.w.s.m.m.a.RequestMappingHandlerMapping : 
	c.g.i.c.DetailsVenteController:
	{POST [/api/v1/detailsticket/add]}: addDetailsTicket(DetailsVentes)
	{DELETE [/api/v1/detailsticket/delete/{id}]}: deleteDetailsTicket(Long)
	{PUT [/api/v1/detailsticket/disable/{produitId}/{ticketCode}]}: deleteDetailsTicketByProduit(Long,String)
	{PUT [/api/v1/detailsticket/finaliser/{codeTicket}]}: finaliserTicket(String,FinaliserTicketDTO)
	{GET [/api/v1/detailsticket/all]}: allDetailsTickets()
	{PUT [/api/v1/detailsticket/update/{id}]}: updateDetailsTicket(Long,DetailsVentes)
2026-03-28T10:05:31.744+01:00 TRACE 51736 --- [Pharmacies] [main] s.w.s.m.m.a.RequestMappingHandlerMapping : 
	c.g.i.c.EntreeStockController:
	{GET [/api/v1/entree-stock/search]}: searchEntrees(String,Pageable)
	{POST [/api/v1/entree-stock/add]}: addEntreeStock(EntreeStock)
	{GET [/api/v1/entree-stock/all]}: allEntrees()
	{GET [/api/v1/entree-stock]}: allEntrees(Pageable)
	{PUT [/api/v1/entree-stock/update/{id}]}: updateEntreeStock(Long,EntreeStock)
	{DELETE [/api/v1/entree-stock/delete/{id}]}: deleteEntreeStock(Long)
2026-03-28T10:05:31.749+01:00 TRACE 51736 --- [Pharmacies] [main] s.w.s.m.m.a.RequestMappingHandlerMapping : 
	c.g.i.c.FournisseurController:
	{POST [/api/v1/fournisseur/add]}: addFournisseur(Fournisseur)
	{PUT [/api/v1/fournisseur/update/{id}]}: updateFournisseur(Long,Fournisseur)
	{DELETE [/api/v1/fournisseur/delete/{id}]}: deleteFournisseur(Long)
	{GET [/api/v1/fournisseur/all]}: allFournisseurs()
2026-03-28T10:05:31.751+01:00 TRACE 51736 --- [Pharmacies] [main] s.w.s.m.m.a.RequestMappingHandlerMapping : 
	c.g.i.c.MesVenteController:
	{GET [/api/v1/mesventes/actives]}: getVentesActives(String,Long,String,String,int,int)
	{GET [/api/v1/mesventes/jour/by-phone/{phone}]}: getVentesDuJourByPhone(String)
	{POST [/api/v1/mesventes/annuler/{id}]}: annulerVente(Long)
2026-03-28T10:05:31.754+01:00 TRACE 51736 --- [Pharmacies] [main] s.w.s.m.m.a.RequestMappingHandlerMapping : 
	c.g.i.c.NomProduitController:
	{GET [/api/v1/nomproduit/all]}: allNomProduits()
	{POST [/api/v1/nomproduit/add]}: addNomProduit(NomProduit)
	{PUT [/api/v1/nomproduit/{id}]}: updateNomProduit(Long,NomProduit)
	{DELETE [/api/v1/nomproduit/{id}]}: deleteNomProduit(Long)
	{GET [/api/v1/nomproduit/search]}: searchNomProduit(String)
	{GET [/api/v1/nomproduit/{id}]}: getNomProduit(Long)
2026-03-28T10:05:31.757+01:00 TRACE 51736 --- [Pharmacies] [main] s.w.s.m.m.a.RequestMappingHandlerMapping : 
	c.g.i.c.PresentationController:
	{POST [/api/v1/presentation/add]}: create(Presentation)
	{GET [/api/v1/presentation/all]}: getAll()
	{PUT [/api/v1/presentation/{id}]}: updatePresentation(Long,Presentation)
	{DELETE [/api/v1/presentation/{id}]}: deletePresentation(Long)
2026-03-28T10:05:31.760+01:00 TRACE 51736 --- [Pharmacies] [main] s.w.s.m.m.a.RequestMappingHandlerMapping : 
	c.g.i.c.ProduitController:
	{POST [/api/v1/produit/add]}: addProduit(Produit)
	{PUT [/api/v1/produit/update/{id}]}: updateProduit(Long,Produit)
	{DELETE [/api/v1/produit/delete/{id}]}: deleteProduit(Long)
	{GET [/api/v1/produit/search]}: searchProduits(String,Pageable)
	{GET [/api/v1/produit/all]}: allProduits()
	{GET [/api/v1/produit]}: allProduits(Pageable)
	{GET [/api/v1/produit/stats/{produitId}]}: getProduitStats(Long)
2026-03-28T10:05:31.762+01:00 TRACE 51736 --- [Pharmacies] [main] s.w.s.m.m.a.RequestMappingHandlerMapping : 
	c.g.i.c.RecuPdfController:
	{GET [/api/v1/tickets/{codeTicket}/pdf]}: getOrCreatePdf(String)
	{GET [/api/v1/tickets/recu/all]}: getAllRecus(int,int)
	{DELETE [/api/v1/tickets/recu/{codeTicket}]}: deleteRecu(String)
2026-03-28T10:05:31.765+01:00 TRACE 51736 --- [Pharmacies] [main] s.w.s.m.m.a.RequestMappingHandlerMapping : 
	c.g.i.c.UserController:
	{POST [/api/v1/users/auth/login]}: login(Map,HttpServletRequest)
	{POST [/api/v1/users]}: addUser(AppUser)
	{POST [/api/v1/users/roles]}: addRole(AppRole)
	{PUT [/api/v1/users/{telephone}]}: updateUser(String,AppUser)
	{POST [/api/v1/users/auth/change-password]}: changePassword(Map)
	{GET [/api/v1/users]}: getAllUsers()
	{POST [/api/v1/users/addRoleToUser]}: addRoleToUser(UserToRole)
2026-03-28T10:05:31.768+01:00 TRACE 51736 --- [Pharmacies] [main] s.w.s.m.m.a.RequestMappingHandlerMapping : 
	c.g.i.c.VenteController:
	{PUT [/api/v1/ticket/update/{id}]}: updateTicket(Long,Vente)
	{DELETE [/api/v1/ticket/delete/{id}]}: deleteTicket(Long)
	{POST [/api/v1/ticket/create]}: createTicket(VenteCreateDTO)
	{GET [/api/v1/ticket/all]}: allTickets()
	{GET [/api/v1/ticket]}: allTickets(Pageable)
	{GET [/api/v1/ticket/find/{code}]}: findByCode(String)
2026-03-28T10:05:31.773+01:00 TRACE 51736 --- [Pharmacies] [main] s.w.s.m.m.a.RequestMappingHandlerMapping : 
	o.s.b.a.w.s.e.BasicErrorController:
	{ [/error]}: error(HttpServletRequest)
	{ [/error], produces [text/html]}: errorHtml(HttpServletRequest,HttpServletResponse)
2026-03-28T10:05:31.776+01:00 DEBUG 51736 --- [Pharmacies] [main] s.w.s.m.m.a.RequestMappingHandlerMapping : 63 mappings in 'requestMappingHandlerMapping'
2026-03-28T10:05:31.793+01:00 DEBUG 51736 --- [Pharmacies] [main] o.s.w.s.h.BeanNameUrlHandlerMapping      : Detected 0 mappings in 'beanNameHandlerMapping'
2026-03-28T10:05:31.941+01:00 TRACE 51736 --- [Pharmacies] [main] o.s.w.s.f.support.RouterFunctionMapping  : 0 RouterFunction(s) in 'routerFunctionMapping'
2026-03-28T10:05:31.961+01:00 TRACE 51736 --- [Pharmacies] [main] o.s.w.s.handler.SimpleUrlHandlerMapping  : Mapped [/webjars/**] onto ResourceHttpRequestHandler [classpath [META-INF/resources/webjars/]]
2026-03-28T10:05:31.962+01:00 TRACE 51736 --- [Pharmacies] [main] o.s.w.s.handler.SimpleUrlHandlerMapping  : Mapped [/**] onto ResourceHttpRequestHandler [classpath [META-INF/resources/], classpath [resources/], classpath [static/], classpath [public/], ServletContext [/]]
2026-03-28T10:05:31.962+01:00 DEBUG 51736 --- [Pharmacies] [main] o.s.w.s.handler.SimpleUrlHandlerMapping  : Patterns [/webjars/**, /**] in 'resourceHandlerMapping'
2026-03-28T10:05:32.233+01:00 DEBUG 51736 --- [Pharmacies] [main] s.w.s.m.m.a.RequestMappingHandlerAdapter : ControllerAdvice beans: 0 @ModelAttribute, 0 @InitBinder, 1 RequestBodyAdvice, 1 ResponseBodyAdvice
2026-03-28T10:05:32.283+01:00  WARN 51736 --- [Pharmacies] [main] ion$DefaultTemplateResolverConfiguration : Cannot find template location: classpath:/templates/ (please add some templates, check your Thymeleaf configuration, or set spring.thymeleaf.check-template-location=false)
2026-03-28T10:05:32.324+01:00 DEBUG 51736 --- [Pharmacies] [main] .m.m.a.ExceptionHandlerExceptionResolver : ControllerAdvice beans: 1 @ExceptionHandler, 1 ResponseBodyAdvice
2026-03-28T10:05:32.485+01:00  INFO 51736 --- [Pharmacies] [main] c.gestion.invoice.JwtApplicationTests    : Started JwtApplicationTests in 6.26 seconds (process running for 7.086)
2026-03-28T10:05:33.030+01:00 DEBUG 51736 --- [Pharmacies] [SpringApplicationShutdownHook] o.s.w.c.s.GenericWebApplicationContext   : Closing org.springframework.web.context.support.GenericWebApplicationContext@6b530eb9, started on Sat Mar 28 10:05:26 WAT 2026
2026-03-28T10:05:33.043+01:00  INFO 51736 --- [Pharmacies] [SpringApplicationShutdownHook] j.LocalContainerEntityManagerFactoryBean : Closing JPA EntityManagerFactory for persistence unit 'default'
2026-03-28T10:05:33.049+01:00  INFO 51736 --- [Pharmacies] [SpringApplicationShutdownHook] com.zaxxer.hikari.HikariDataSource       : HikariPool-1 - Shutdown initiated...
2026-03-28T10:05:33.062+01:00  INFO 51736 --- [Pharmacies] [SpringApplicationShutdownHook] com.zaxxer.hikari.HikariDataSource       : HikariPool-1 - Shutdown completed.
2026-03-28T10:14:55.799+01:00  INFO 53172 --- [Pharmacies] [main] c.gestion.invoice.JwtApplicationTests    : Starting JwtApplicationTests using Java 17.0.18 with PID 53172 (started by thierry in /home/thierry/Clients/fullstock/gestions/Pharmacies)
2026-03-28T10:14:55.801+01:00  INFO 53172 --- [Pharmacies] [main] c.gestion.invoice.JwtApplicationTests    : No active profile set, falling back to 1 default profile: "default"
2026-03-28T10:14:55.828+01:00 DEBUG 53172 --- [Pharmacies] [main] o.s.w.c.s.GenericWebApplicationContext   : Refreshing org.springframework.web.context.support.GenericWebApplicationContext@6b530eb9
2026-03-28T10:14:56.475+01:00  INFO 53172 --- [Pharmacies] [main] .s.d.r.c.RepositoryConfigurationDelegate : Bootstrapping Spring Data JPA repositories in DEFAULT mode.
2026-03-28T10:14:56.559+01:00  INFO 53172 --- [Pharmacies] [main] .s.d.r.c.RepositoryConfigurationDelegate : Finished Spring Data repository scanning in 74 ms. Found 13 JPA repository interfaces.
2026-03-28T10:14:57.148+01:00  INFO 53172 --- [Pharmacies] [main] o.hibernate.jpa.internal.util.LogHelper  : HHH000204: Processing PersistenceUnitInfo [name: default]
2026-03-28T10:14:57.199+01:00  INFO 53172 --- [Pharmacies] [main] org.hibernate.Version                    : HHH000412: Hibernate ORM core version 6.6.29.Final
2026-03-28T10:14:57.243+01:00  INFO 53172 --- [Pharmacies] [main] o.h.c.internal.RegionFactoryInitiator    : HHH000026: Second-level cache disabled
2026-03-28T10:14:57.541+01:00  INFO 53172 --- [Pharmacies] [main] o.s.o.j.p.SpringPersistenceUnitInfo      : No LoadTimeWeaver setup: ignoring JPA class transformer
2026-03-28T10:14:57.584+01:00  INFO 53172 --- [Pharmacies] [main] com.zaxxer.hikari.HikariDataSource       : HikariPool-1 - Starting...
2026-03-28T10:14:57.752+01:00  INFO 53172 --- [Pharmacies] [main] com.zaxxer.hikari.pool.HikariPool        : HikariPool-1 - Added connection com.mysql.cj.jdbc.ConnectionImpl@351d93bd
2026-03-28T10:14:57.754+01:00  INFO 53172 --- [Pharmacies] [main] com.zaxxer.hikari.HikariDataSource       : HikariPool-1 - Start completed.
2026-03-28T10:14:57.809+01:00  WARN 53172 --- [Pharmacies] [main] org.hibernate.dialect.Dialect            : HHH000511: The 5.5.5 version for [org.hibernate.dialect.MySQLDialect] is no longer supported, hence certain features may not work properly. The minimum supported version is 8.0.0. Check the community dialects project for available legacy versions.
2026-03-28T10:14:57.841+01:00  INFO 53172 --- [Pharmacies] [main] org.hibernate.orm.connections.pooling    : HHH10001005: Database info:
	Database JDBC URL [Connecting through datasource 'HikariDataSource (HikariPool-1)']
	Database driver: undefined/unknown
	Database version: 5.5.5
	Autocommit mode: undefined/unknown
	Isolation level: undefined/unknown
	Minimum pool size: undefined/unknown
	Maximum pool size: undefined/unknown
2026-03-28T10:14:59.270+01:00  INFO 53172 --- [Pharmacies] [main] o.h.e.t.j.p.i.JtaPlatformInitiator       : HHH000489: No JTA platform available (set 'hibernate.transaction.jta.platform' to enable JTA platform integration)
2026-03-28T10:14:59.396+01:00  INFO 53172 --- [Pharmacies] [main] j.LocalContainerEntityManagerFactoryBean : Initialized JPA EntityManagerFactory for persistence unit 'default'
2026-03-28T10:14:59.801+01:00  INFO 53172 --- [Pharmacies] [main] o.s.d.j.r.query.QueryEnhancerFactory     : Hibernate is in classpath; If applicable, HQL parser will be used.
2026-03-28T10:15:01.631+01:00  INFO 53172 --- [Pharmacies] [main] r$InitializeUserDetailsManagerConfigurer : Global AuthenticationManager configured with UserDetailsService bean with name userDetailsService
2026-03-28T10:15:01.656+01:00  WARN 53172 --- [Pharmacies] [main] JpaBaseConfiguration$JpaWebConfiguration : spring.jpa.open-in-view is enabled by default. Therefore, database queries may be performed during view rendering. Explicitly configure spring.jpa.open-in-view to disable this warning
2026-03-28T10:15:01.776+01:00  INFO 53172 --- [Pharmacies] [main] o.s.b.a.w.s.WelcomePageHandlerMapping    : Adding welcome page: class path resource [static/index.html]
2026-03-28T10:15:01.811+01:00 TRACE 53172 --- [Pharmacies] [main] s.w.s.m.m.a.RequestMappingHandlerMapping : 
	c.g.i.c.CategorieController:
	{POST [/api/v1/categorie/add]}: addCategorie(CategorieProduit)
	{GET [/api/v1/categorie/all]}: allCategories()
	{PUT [/api/v1/categorie/update/{id}]}: updateCategorie(Long,CategorieProduit)
	{DELETE [/api/v1/categorie/delete/{id}]}: deleteCategorie(Long)
2026-03-28T10:15:01.821+01:00 TRACE 53172 --- [Pharmacies] [main] s.w.s.m.m.a.RequestMappingHandlerMapping : 
	c.g.i.c.ClientController:
	{DELETE [/api/v1/client/delete/{id}]}: deleteClient(Long)
	{GET [/api/v1/client/all]}: getAllClients()
	{POST [/api/v1/client/add]}: addClient(Client)
	{PUT [/api/v1/client/update/{id}]}: updateClient(Long,Client)
2026-03-28T10:15:01.822+01:00 TRACE 53172 --- [Pharmacies] [main] s.w.s.m.m.a.RequestMappingHandlerMapping : 
	c.g.i.c.CpteTicketsController:
	{GET [/api/v1/compteurticket]}: generateTk()
2026-03-28T10:15:01.825+01:00 TRACE 53172 --- [Pharmacies] [main] s.w.s.m.m.a.RequestMappingHandlerMapping : 
	c.g.i.c.DetailsVenteController:
	{DELETE [/api/v1/detailsticket/delete/{id}]}: deleteDetailsTicket(Long)
	{PUT [/api/v1/detailsticket/disable/{produitId}/{ticketCode}]}: deleteDetailsTicketByProduit(Long,String)
	{PUT [/api/v1/detailsticket/finaliser/{codeTicket}]}: finaliserTicket(String,FinaliserTicketDTO)
	{POST [/api/v1/detailsticket/add]}: addDetailsTicket(DetailsVentes)
	{PUT [/api/v1/detailsticket/update/{id}]}: updateDetailsTicket(Long,DetailsVentes)
	{GET [/api/v1/detailsticket/all]}: allDetailsTickets()
2026-03-28T10:15:01.828+01:00 TRACE 53172 --- [Pharmacies] [main] s.w.s.m.m.a.RequestMappingHandlerMapping : 
	c.g.i.c.EntreeStockController:
	{GET [/api/v1/entree-stock/search]}: searchEntrees(String,Pageable)
	{POST [/api/v1/entree-stock/add]}: addEntreeStock(EntreeStock)
	{GET [/api/v1/entree-stock/all]}: allEntrees()
	{GET [/api/v1/entree-stock]}: allEntrees(Pageable)
	{PUT [/api/v1/entree-stock/update/{id}]}: updateEntreeStock(Long,EntreeStock)
	{DELETE [/api/v1/entree-stock/delete/{id}]}: deleteEntreeStock(Long)
2026-03-28T10:15:01.832+01:00 TRACE 53172 --- [Pharmacies] [main] s.w.s.m.m.a.RequestMappingHandlerMapping : 
	c.g.i.c.FournisseurController:
	{POST [/api/v1/fournisseur/add]}: addFournisseur(Fournisseur)
	{PUT [/api/v1/fournisseur/update/{id}]}: updateFournisseur(Long,Fournisseur)
	{DELETE [/api/v1/fournisseur/delete/{id}]}: deleteFournisseur(Long)
	{GET [/api/v1/fournisseur/all]}: allFournisseurs()
2026-03-28T10:15:01.834+01:00 TRACE 53172 --- [Pharmacies] [main] s.w.s.m.m.a.RequestMappingHandlerMapping : 
	c.g.i.c.MesVenteController:
	{GET [/api/v1/mesventes/actives]}: getVentesActives(String,Long,String,String,int,int)
	{GET [/api/v1/mesventes/jour/by-phone/{phone}]}: getVentesDuJourByPhone(String)
	{POST [/api/v1/mesventes/annuler/{id}]}: annulerVente(Long)
2026-03-28T10:15:01.837+01:00 TRACE 53172 --- [Pharmacies] [main] s.w.s.m.m.a.RequestMappingHandlerMapping : 
	c.g.i.c.NomProduitController:
	{GET [/api/v1/nomproduit/all]}: allNomProduits()
	{POST [/api/v1/nomproduit/add]}: addNomProduit(NomProduit)
	{PUT [/api/v1/nomproduit/{id}]}: updateNomProduit(Long,NomProduit)
	{DELETE [/api/v1/nomproduit/{id}]}: deleteNomProduit(Long)
	{GET [/api/v1/nomproduit/search]}: searchNomProduit(String)
	{GET [/api/v1/nomproduit/{id}]}: getNomProduit(Long)
2026-03-28T10:15:01.839+01:00 TRACE 53172 --- [Pharmacies] [main] s.w.s.m.m.a.RequestMappingHandlerMapping : 
	c.g.i.c.PresentationController:
	{POST [/api/v1/presentation/add]}: create(Presentation)
	{GET [/api/v1/presentation/all]}: getAll()
	{PUT [/api/v1/presentation/{id}]}: updatePresentation(Long,Presentation)
	{DELETE [/api/v1/presentation/{id}]}: deletePresentation(Long)
2026-03-28T10:15:01.841+01:00 TRACE 53172 --- [Pharmacies] [main] s.w.s.m.m.a.RequestMappingHandlerMapping : 
	c.g.i.c.ProduitController:
	{POST [/api/v1/produit/add]}: addProduit(Produit)
	{PUT [/api/v1/produit/update/{id}]}: updateProduit(Long,Produit)
	{DELETE [/api/v1/produit/delete/{id}]}: deleteProduit(Long)
	{GET [/api/v1/produit/search]}: searchProduits(String,Pageable)
	{GET [/api/v1/produit/all]}: allProduits()
	{GET [/api/v1/produit]}: allProduits(Pageable)
	{GET [/api/v1/produit/stats/{produitId}]}: getProduitStats(Long)
2026-03-28T10:15:01.845+01:00 TRACE 53172 --- [Pharmacies] [main] s.w.s.m.m.a.RequestMappingHandlerMapping : 
	c.g.i.c.RecuPdfController:
	{GET [/api/v1/tickets/{codeTicket}/pdf]}: getOrCreatePdf(String)
	{GET [/api/v1/tickets/recu/all]}: getAllRecus(int,int)
	{DELETE [/api/v1/tickets/recu/{codeTicket}]}: deleteRecu(String)
2026-03-28T10:15:01.848+01:00 TRACE 53172 --- [Pharmacies] [main] s.w.s.m.m.a.RequestMappingHandlerMapping : 
	c.g.i.c.UserController:
	{POST [/api/v1/users/auth/login]}: login(Map,HttpServletRequest)
	{POST [/api/v1/users]}: addUser(AppUser)
	{POST [/api/v1/users/roles]}: addRole(AppRole)
	{PUT [/api/v1/users/{telephone}]}: updateUser(String,AppUser)
	{POST [/api/v1/users/auth/change-password]}: changePassword(Map)
	{GET [/api/v1/users]}: getAllUsers()
	{POST [/api/v1/users/addRoleToUser]}: addRoleToUser(UserToRole)
2026-03-28T10:15:01.852+01:00 TRACE 53172 --- [Pharmacies] [main] s.w.s.m.m.a.RequestMappingHandlerMapping : 
	c.g.i.c.VenteController:
	{PUT [/api/v1/ticket/update/{id}]}: updateTicket(Long,Vente)
	{DELETE [/api/v1/ticket/delete/{id}]}: deleteTicket(Long)
	{POST [/api/v1/ticket/create]}: createTicket(VenteCreateDTO)
	{GET [/api/v1/ticket/all]}: allTickets()
	{GET [/api/v1/ticket]}: allTickets(Pageable)
	{GET [/api/v1/ticket/find/{code}]}: findByCode(String)
2026-03-28T10:15:01.858+01:00 TRACE 53172 --- [Pharmacies] [main] s.w.s.m.m.a.RequestMappingHandlerMapping : 
	o.s.b.a.w.s.e.BasicErrorController:
	{ [/error]}: error(HttpServletRequest)
	{ [/error], produces [text/html]}: errorHtml(HttpServletRequest,HttpServletResponse)
2026-03-28T10:15:01.862+01:00 DEBUG 53172 --- [Pharmacies] [main] s.w.s.m.m.a.RequestMappingHandlerMapping : 63 mappings in 'requestMappingHandlerMapping'
2026-03-28T10:15:01.883+01:00 DEBUG 53172 --- [Pharmacies] [main] o.s.w.s.h.BeanNameUrlHandlerMapping      : Detected 0 mappings in 'beanNameHandlerMapping'
2026-03-28T10:15:02.022+01:00 TRACE 53172 --- [Pharmacies] [main] o.s.w.s.f.support.RouterFunctionMapping  : 0 RouterFunction(s) in 'routerFunctionMapping'
2026-03-28T10:15:02.037+01:00 TRACE 53172 --- [Pharmacies] [main] o.s.w.s.handler.SimpleUrlHandlerMapping  : Mapped [/webjars/**] onto ResourceHttpRequestHandler [classpath [META-INF/resources/webjars/]]
2026-03-28T10:15:02.038+01:00 TRACE 53172 --- [Pharmacies] [main] o.s.w.s.handler.SimpleUrlHandlerMapping  : Mapped [/**] onto ResourceHttpRequestHandler [classpath [META-INF/resources/], classpath [resources/], classpath [static/], classpath [public/], ServletContext [/]]
2026-03-28T10:15:02.038+01:00 DEBUG 53172 --- [Pharmacies] [main] o.s.w.s.handler.SimpleUrlHandlerMapping  : Patterns [/webjars/**, /**] in 'resourceHandlerMapping'
2026-03-28T10:15:02.214+01:00 DEBUG 53172 --- [Pharmacies] [main] s.w.s.m.m.a.RequestMappingHandlerAdapter : ControllerAdvice beans: 0 @ModelAttribute, 0 @InitBinder, 1 RequestBodyAdvice, 1 ResponseBodyAdvice
2026-03-28T10:15:02.256+01:00  WARN 53172 --- [Pharmacies] [main] ion$DefaultTemplateResolverConfiguration : Cannot find template location: classpath:/templates/ (please add some templates, check your Thymeleaf configuration, or set spring.thymeleaf.check-template-location=false)
2026-03-28T10:15:02.288+01:00 DEBUG 53172 --- [Pharmacies] [main] .m.m.a.ExceptionHandlerExceptionResolver : ControllerAdvice beans: 1 @ExceptionHandler, 1 ResponseBodyAdvice
2026-03-28T10:15:02.465+01:00  INFO 53172 --- [Pharmacies] [main] c.gestion.invoice.JwtApplicationTests    : Started JwtApplicationTests in 6.949 seconds (process running for 7.718)
2026-03-28T10:15:02.921+01:00 DEBUG 53172 --- [Pharmacies] [SpringApplicationShutdownHook] o.s.w.c.s.GenericWebApplicationContext   : Closing org.springframework.web.context.support.GenericWebApplicationContext@6b530eb9, started on Sat Mar 28 10:14:55 WAT 2026
2026-03-28T10:15:02.927+01:00  INFO 53172 --- [Pharmacies] [SpringApplicationShutdownHook] j.LocalContainerEntityManagerFactoryBean : Closing JPA EntityManagerFactory for persistence unit 'default'
2026-03-28T10:15:02.930+01:00  INFO 53172 --- [Pharmacies] [SpringApplicationShutdownHook] com.zaxxer.hikari.HikariDataSource       : HikariPool-1 - Shutdown initiated...
2026-03-28T10:15:02.936+01:00  INFO 53172 --- [Pharmacies] [SpringApplicationShutdownHook] com.zaxxer.hikari.HikariDataSource       : HikariPool-1 - Shutdown completed.
2026-03-28T10:23:16.598+01:00  INFO 54160 --- [Pharmacies] [main] c.gestion.invoice.JwtApplicationTests    : Starting JwtApplicationTests using Java 17.0.18 with PID 54160 (started by thierry in /home/thierry/Clients/fullstock/gestions/Pharmacies)
2026-03-28T10:23:16.600+01:00 DEBUG 54160 --- [Pharmacies] [main] c.gestion.invoice.JwtApplicationTests    : Running with Spring Boot v3.5.6, Spring v6.2.11
2026-03-28T10:23:16.601+01:00  INFO 54160 --- [Pharmacies] [main] c.gestion.invoice.JwtApplicationTests    : No active profile set, falling back to 1 default profile: "default"
2026-03-28T10:23:16.636+01:00 DEBUG 54160 --- [Pharmacies] [main] o.s.w.c.s.GenericWebApplicationContext   : Refreshing org.springframework.web.context.support.GenericWebApplicationContext@678040b3
2026-03-28T10:23:17.393+01:00  INFO 54160 --- [Pharmacies] [main] .s.d.r.c.RepositoryConfigurationDelegate : Bootstrapping Spring Data JPA repositories in DEFAULT mode.
2026-03-28T10:23:17.494+01:00  INFO 54160 --- [Pharmacies] [main] .s.d.r.c.RepositoryConfigurationDelegate : Finished Spring Data repository scanning in 89 ms. Found 13 JPA repository interfaces.
2026-03-28T10:23:18.208+01:00  INFO 54160 --- [Pharmacies] [main] o.hibernate.jpa.internal.util.LogHelper  : HHH000204: Processing PersistenceUnitInfo [name: default]
2026-03-28T10:23:18.257+01:00  INFO 54160 --- [Pharmacies] [main] org.hibernate.Version                    : HHH000412: Hibernate ORM core version 6.6.29.Final
2026-03-28T10:23:18.301+01:00  INFO 54160 --- [Pharmacies] [main] o.h.c.internal.RegionFactoryInitiator    : HHH000026: Second-level cache disabled
2026-03-28T10:23:18.536+01:00  INFO 54160 --- [Pharmacies] [main] o.s.o.j.p.SpringPersistenceUnitInfo      : No LoadTimeWeaver setup: ignoring JPA class transformer
2026-03-28T10:23:18.562+01:00  INFO 54160 --- [Pharmacies] [main] com.zaxxer.hikari.HikariDataSource       : HikariPool-1 - Starting...
2026-03-28T10:23:18.749+01:00  INFO 54160 --- [Pharmacies] [main] com.zaxxer.hikari.pool.HikariPool        : HikariPool-1 - Added connection com.mysql.cj.jdbc.ConnectionImpl@bcfe29c
2026-03-28T10:23:18.752+01:00  INFO 54160 --- [Pharmacies] [main] com.zaxxer.hikari.HikariDataSource       : HikariPool-1 - Start completed.
2026-03-28T10:23:18.811+01:00  WARN 54160 --- [Pharmacies] [main] org.hibernate.dialect.Dialect            : HHH000511: The 5.5.5 version for [org.hibernate.dialect.MySQLDialect] is no longer supported, hence certain features may not work properly. The minimum supported version is 8.0.0. Check the community dialects project for available legacy versions.
2026-03-28T10:23:18.839+01:00  INFO 54160 --- [Pharmacies] [main] org.hibernate.orm.connections.pooling    : HHH10001005: Database info:
	Database JDBC URL [Connecting through datasource 'HikariDataSource (HikariPool-1)']
	Database driver: undefined/unknown
	Database version: 5.5.5
	Autocommit mode: undefined/unknown
	Isolation level: undefined/unknown
	Minimum pool size: undefined/unknown
	Maximum pool size: undefined/unknown
2026-03-28T10:23:20.045+01:00  INFO 54160 --- [Pharmacies] [main] o.h.e.t.j.p.i.JtaPlatformInitiator       : HHH000489: No JTA platform available (set 'hibernate.transaction.jta.platform' to enable JTA platform integration)
2026-03-28T10:23:20.156+01:00  INFO 54160 --- [Pharmacies] [main] j.LocalContainerEntityManagerFactoryBean : Initialized JPA EntityManagerFactory for persistence unit 'default'
2026-03-28T10:23:20.571+01:00  INFO 54160 --- [Pharmacies] [main] o.s.d.j.r.query.QueryEnhancerFactory     : Hibernate is in classpath; If applicable, HQL parser will be used.
2026-03-28T10:23:22.345+01:00  INFO 54160 --- [Pharmacies] [main] r$InitializeUserDetailsManagerConfigurer : Global AuthenticationManager configured with UserDetailsService bean with name userDetailsService
2026-03-28T10:23:22.372+01:00  WARN 54160 --- [Pharmacies] [main] JpaBaseConfiguration$JpaWebConfiguration : spring.jpa.open-in-view is enabled by default. Therefore, database queries may be performed during view rendering. Explicitly configure spring.jpa.open-in-view to disable this warning
2026-03-28T10:23:22.505+01:00  INFO 54160 --- [Pharmacies] [main] o.s.b.a.w.s.WelcomePageHandlerMapping    : Adding welcome page: class path resource [static/index.html]
2026-03-28T10:23:22.546+01:00 TRACE 54160 --- [Pharmacies] [main] s.w.s.m.m.a.RequestMappingHandlerMapping : 
	c.g.i.c.CategorieController:
	{PUT [/api/v1/categorie/update/{id}]}: updateCategorie(Long,CategorieProduit)
	{DELETE [/api/v1/categorie/delete/{id}]}: deleteCategorie(Long)
	{POST [/api/v1/categorie/add]}: addCategorie(CategorieProduit)
	{GET [/api/v1/categorie/all]}: allCategories()
2026-03-28T10:23:22.555+01:00 TRACE 54160 --- [Pharmacies] [main] s.w.s.m.m.a.RequestMappingHandlerMapping : 
	c.g.i.c.ClientController:
	{POST [/api/v1/client/add]}: addClient(Client)
	{PUT [/api/v1/client/update/{id}]}: updateClient(Long,Client)
	{DELETE [/api/v1/client/delete/{id}]}: deleteClient(Long)
	{GET [/api/v1/client/all]}: getAllClients()
2026-03-28T10:23:22.557+01:00 TRACE 54160 --- [Pharmacies] [main] s.w.s.m.m.a.RequestMappingHandlerMapping : 
	c.g.i.c.CpteTicketsController:
	{GET [/api/v1/compteurticket]}: generateTk()
2026-03-28T10:23:22.560+01:00 TRACE 54160 --- [Pharmacies] [main] s.w.s.m.m.a.RequestMappingHandlerMapping : 
	c.g.i.c.DetailsVenteController:
	{GET [/api/v1/detailsticket/all]}: allDetailsTickets()
	{PUT [/api/v1/detailsticket/update/{id}]}: updateDetailsTicket(Long,DetailsVentes)
	{POST [/api/v1/detailsticket/add]}: addDetailsTicket(DetailsVentes)
	{DELETE [/api/v1/detailsticket/delete/{id}]}: deleteDetailsTicket(Long)
	{PUT [/api/v1/detailsticket/disable/{produitId}/{ticketCode}]}: deleteDetailsTicketByProduit(Long,String)
	{PUT [/api/v1/detailsticket/finaliser/{codeTicket}]}: finaliserTicket(String,FinaliserTicketDTO)
2026-03-28T10:23:22.566+01:00 TRACE 54160 --- [Pharmacies] [main] s.w.s.m.m.a.RequestMappingHandlerMapping : 
	c.g.i.c.EntreeStockController:
	{GET [/api/v1/entree-stock/search]}: searchEntrees(String,Pageable)
	{POST [/api/v1/entree-stock/add]}: addEntreeStock(EntreeStock)
	{GET [/api/v1/entree-stock/all]}: allEntrees()
	{GET [/api/v1/entree-stock]}: allEntrees(Pageable)
	{PUT [/api/v1/entree-stock/update/{id}]}: updateEntreeStock(Long,EntreeStock)
	{DELETE [/api/v1/entree-stock/delete/{id}]}: deleteEntreeStock(Long)
2026-03-28T10:23:22.572+01:00 TRACE 54160 --- [Pharmacies] [main] s.w.s.m.m.a.RequestMappingHandlerMapping : 
	c.g.i.c.FournisseurController:
	{POST [/api/v1/fournisseur/add]}: addFournisseur(Fournisseur)
	{PUT [/api/v1/fournisseur/update/{id}]}: updateFournisseur(Long,Fournisseur)
	{DELETE [/api/v1/fournisseur/delete/{id}]}: deleteFournisseur(Long)
	{GET [/api/v1/fournisseur/all]}: allFournisseurs()
2026-03-28T10:23:22.575+01:00 TRACE 54160 --- [Pharmacies] [main] s.w.s.m.m.a.RequestMappingHandlerMapping : 
	c.g.i.c.MesVenteController:
	{GET [/api/v1/mesventes/actives]}: getVentesActives(String,Long,String,String,int,int)
	{GET [/api/v1/mesventes/jour/by-phone/{phone}]}: getVentesDuJourByPhone(String)
	{POST [/api/v1/mesventes/annuler/{id}]}: annulerVente(Long)
2026-03-28T10:23:22.579+01:00 TRACE 54160 --- [Pharmacies] [main] s.w.s.m.m.a.RequestMappingHandlerMapping : 
	c.g.i.c.NomProduitController:
	{GET [/api/v1/nomproduit/all]}: allNomProduits()
	{POST [/api/v1/nomproduit/add]}: addNomProduit(NomProduit)
	{PUT [/api/v1/nomproduit/{id}]}: updateNomProduit(Long,NomProduit)
	{DELETE [/api/v1/nomproduit/{id}]}: deleteNomProduit(Long)
	{GET [/api/v1/nomproduit/search]}: searchNomProduit(String)
	{GET [/api/v1/nomproduit/{id}]}: getNomProduit(Long)
2026-03-28T10:23:22.581+01:00 TRACE 54160 --- [Pharmacies] [main] s.w.s.m.m.a.RequestMappingHandlerMapping : 
	c.g.i.c.PresentationController:
	{POST [/api/v1/presentation/add]}: create(Presentation)
	{GET [/api/v1/presentation/all]}: getAll()
	{PUT [/api/v1/presentation/{id}]}: updatePresentation(Long,Presentation)
	{DELETE [/api/v1/presentation/{id}]}: deletePresentation(Long)
2026-03-28T10:23:22.584+01:00 TRACE 54160 --- [Pharmacies] [main] s.w.s.m.m.a.RequestMappingHandlerMapping : 
	c.g.i.c.ProduitController:
	{POST [/api/v1/produit/add]}: addProduit(Produit)
	{PUT [/api/v1/produit/update/{id}]}: updateProduit(Long,Produit)
	{DELETE [/api/v1/produit/delete/{id}]}: deleteProduit(Long)
	{GET [/api/v1/produit/search]}: searchProduits(String,Pageable)
	{GET [/api/v1/produit/all]}: allProduits()
	{GET [/api/v1/produit]}: allProduits(Pageable)
	{GET [/api/v1/produit/stats/{produitId}]}: getProduitStats(Long)
2026-03-28T10:23:22.587+01:00 TRACE 54160 --- [Pharmacies] [main] s.w.s.m.m.a.RequestMappingHandlerMapping : 
	c.g.i.c.RecuPdfController:
	{GET [/api/v1/tickets/{codeTicket}/pdf]}: getOrCreatePdf(String)
	{GET [/api/v1/tickets/recu/all]}: getAllRecus(int,int)
	{DELETE [/api/v1/tickets/recu/{codeTicket}]}: deleteRecu(String)
2026-03-28T10:23:22.591+01:00 TRACE 54160 --- [Pharmacies] [main] s.w.s.m.m.a.RequestMappingHandlerMapping : 
	c.g.i.c.UserController:
	{POST [/api/v1/users/auth/login]}: login(Map,HttpServletRequest)
	{POST [/api/v1/users]}: addUser(AppUser)
	{POST [/api/v1/users/roles]}: addRole(AppRole)
	{PUT [/api/v1/users/{telephone}]}: updateUser(String,AppUser)
	{POST [/api/v1/users/auth/change-password]}: changePassword(Map)
	{GET [/api/v1/users]}: getAllUsers()
	{POST [/api/v1/users/addRoleToUser]}: addRoleToUser(UserToRole)
2026-03-28T10:23:22.595+01:00 TRACE 54160 --- [Pharmacies] [main] s.w.s.m.m.a.RequestMappingHandlerMapping : 
	c.g.i.c.VenteController:
	{PUT [/api/v1/ticket/update/{id}]}: updateTicket(Long,Vente)
	{DELETE [/api/v1/ticket/delete/{id}]}: deleteTicket(Long)
	{POST [/api/v1/ticket/create]}: createTicket(VenteCreateDTO)
	{GET [/api/v1/ticket/all]}: allTickets()
	{GET [/api/v1/ticket]}: allTickets(Pageable)
	{GET [/api/v1/ticket/find/{code}]}: findByCode(String)
2026-03-28T10:23:22.603+01:00 TRACE 54160 --- [Pharmacies] [main] s.w.s.m.m.a.RequestMappingHandlerMapping : 
	o.s.b.a.w.s.e.BasicErrorController:
	{ [/error]}: error(HttpServletRequest)
	{ [/error], produces [text/html]}: errorHtml(HttpServletRequest,HttpServletResponse)
2026-03-28T10:23:22.608+01:00 DEBUG 54160 --- [Pharmacies] [main] s.w.s.m.m.a.RequestMappingHandlerMapping : 63 mappings in 'requestMappingHandlerMapping'
2026-03-28T10:23:22.626+01:00 DEBUG 54160 --- [Pharmacies] [main] o.s.w.s.h.BeanNameUrlHandlerMapping      : Detected 0 mappings in 'beanNameHandlerMapping'
2026-03-28T10:23:22.767+01:00 TRACE 54160 --- [Pharmacies] [main] o.s.w.s.f.support.RouterFunctionMapping  : 0 RouterFunction(s) in 'routerFunctionMapping'
2026-03-28T10:23:22.784+01:00 TRACE 54160 --- [Pharmacies] [main] o.s.w.s.handler.SimpleUrlHandlerMapping  : Mapped [/webjars/**] onto ResourceHttpRequestHandler [classpath [META-INF/resources/webjars/]]
2026-03-28T10:23:22.785+01:00 TRACE 54160 --- [Pharmacies] [main] o.s.w.s.handler.SimpleUrlHandlerMapping  : Mapped [/**] onto ResourceHttpRequestHandler [classpath [META-INF/resources/], classpath [resources/], classpath [static/], classpath [public/], ServletContext [/]]
2026-03-28T10:23:22.785+01:00 DEBUG 54160 --- [Pharmacies] [main] o.s.w.s.handler.SimpleUrlHandlerMapping  : Patterns [/webjars/**, /**] in 'resourceHandlerMapping'
2026-03-28T10:23:22.977+01:00 DEBUG 54160 --- [Pharmacies] [main] s.w.s.m.m.a.RequestMappingHandlerAdapter : ControllerAdvice beans: 0 @ModelAttribute, 0 @InitBinder, 1 RequestBodyAdvice, 1 ResponseBodyAdvice
2026-03-28T10:23:23.019+01:00  WARN 54160 --- [Pharmacies] [main] ion$DefaultTemplateResolverConfiguration : Cannot find template location: classpath:/templates/ (please add some templates, check your Thymeleaf configuration, or set spring.thymeleaf.check-template-location=false)
2026-03-28T10:23:23.049+01:00 DEBUG 54160 --- [Pharmacies] [main] .m.m.a.ExceptionHandlerExceptionResolver : ControllerAdvice beans: 1 @ExceptionHandler, 1 ResponseBodyAdvice
2026-03-28T10:23:23.213+01:00  INFO 54160 --- [Pharmacies] [main] c.gestion.invoice.JwtApplicationTests    : Started JwtApplicationTests in 6.966 seconds (process running for 7.824)
2026-03-28T10:23:23.648+01:00 DEBUG 54160 --- [Pharmacies] [SpringApplicationShutdownHook] o.s.w.c.s.GenericWebApplicationContext   : Closing org.springframework.web.context.support.GenericWebApplicationContext@678040b3, started on Sat Mar 28 10:23:16 WAT 2026
2026-03-28T10:23:23.655+01:00  INFO 54160 --- [Pharmacies] [SpringApplicationShutdownHook] j.LocalContainerEntityManagerFactoryBean : Closing JPA EntityManagerFactory for persistence unit 'default'
2026-03-28T10:23:23.658+01:00  INFO 54160 --- [Pharmacies] [SpringApplicationShutdownHook] com.zaxxer.hikari.HikariDataSource       : HikariPool-1 - Shutdown initiated...
2026-03-28T10:23:23.665+01:00  INFO 54160 --- [Pharmacies] [SpringApplicationShutdownHook] com.zaxxer.hikari.HikariDataSource       : HikariPool-1 - Shutdown completed.
2026-03-28T11:22:54.723+01:00  INFO 58831 --- [Pharmacies] [main] c.gestion.invoice.JwtApplicationTests    : Starting JwtApplicationTests using Java 17.0.18 with PID 58831 (started by thierry in /home/thierry/Clients/fullstock/gestions/Pharmacies)
2026-03-28T11:22:54.725+01:00 DEBUG 58831 --- [Pharmacies] [main] c.gestion.invoice.JwtApplicationTests    : Running with Spring Boot v3.5.6, Spring v6.2.11
2026-03-28T11:22:54.726+01:00  INFO 58831 --- [Pharmacies] [main] c.gestion.invoice.JwtApplicationTests    : No active profile set, falling back to 1 default profile: "default"
2026-03-28T11:22:54.764+01:00 DEBUG 58831 --- [Pharmacies] [main] o.s.w.c.s.GenericWebApplicationContext   : Refreshing org.springframework.web.context.support.GenericWebApplicationContext@678040b3
2026-03-28T11:22:55.521+01:00  INFO 58831 --- [Pharmacies] [main] .s.d.r.c.RepositoryConfigurationDelegate : Bootstrapping Spring Data JPA repositories in DEFAULT mode.
2026-03-28T11:22:55.628+01:00  INFO 58831 --- [Pharmacies] [main] .s.d.r.c.RepositoryConfigurationDelegate : Finished Spring Data repository scanning in 96 ms. Found 13 JPA repository interfaces.
2026-03-28T11:22:56.214+01:00  INFO 58831 --- [Pharmacies] [main] o.hibernate.jpa.internal.util.LogHelper  : HHH000204: Processing PersistenceUnitInfo [name: default]
2026-03-28T11:22:56.257+01:00  INFO 58831 --- [Pharmacies] [main] org.hibernate.Version                    : HHH000412: Hibernate ORM core version 6.6.29.Final
2026-03-28T11:22:56.301+01:00  INFO 58831 --- [Pharmacies] [main] o.h.c.internal.RegionFactoryInitiator    : HHH000026: Second-level cache disabled
2026-03-28T11:22:56.559+01:00  INFO 58831 --- [Pharmacies] [main] o.s.o.j.p.SpringPersistenceUnitInfo      : No LoadTimeWeaver setup: ignoring JPA class transformer
2026-03-28T11:22:56.600+01:00  INFO 58831 --- [Pharmacies] [main] com.zaxxer.hikari.HikariDataSource       : HikariPool-1 - Starting...
2026-03-28T11:22:56.769+01:00  INFO 58831 --- [Pharmacies] [main] com.zaxxer.hikari.pool.HikariPool        : HikariPool-1 - Added connection com.mysql.cj.jdbc.ConnectionImpl@61c5fd78
2026-03-28T11:22:56.772+01:00  INFO 58831 --- [Pharmacies] [main] com.zaxxer.hikari.HikariDataSource       : HikariPool-1 - Start completed.
2026-03-28T11:22:56.847+01:00  WARN 58831 --- [Pharmacies] [main] org.hibernate.dialect.Dialect            : HHH000511: The 5.5.5 version for [org.hibernate.dialect.MySQLDialect] is no longer supported, hence certain features may not work properly. The minimum supported version is 8.0.0. Check the community dialects project for available legacy versions.
2026-03-28T11:22:56.873+01:00  INFO 58831 --- [Pharmacies] [main] org.hibernate.orm.connections.pooling    : HHH10001005: Database info:
	Database JDBC URL [Connecting through datasource 'HikariDataSource (HikariPool-1)']
	Database driver: undefined/unknown
	Database version: 5.5.5
	Autocommit mode: undefined/unknown
	Isolation level: undefined/unknown
	Minimum pool size: undefined/unknown
	Maximum pool size: undefined/unknown
2026-03-28T11:22:58.454+01:00  INFO 58831 --- [Pharmacies] [main] o.h.e.t.j.p.i.JtaPlatformInitiator       : HHH000489: No JTA platform available (set 'hibernate.transaction.jta.platform' to enable JTA platform integration)
2026-03-28T11:22:58.584+01:00  INFO 58831 --- [Pharmacies] [main] j.LocalContainerEntityManagerFactoryBean : Initialized JPA EntityManagerFactory for persistence unit 'default'
2026-03-28T11:22:58.993+01:00  INFO 58831 --- [Pharmacies] [main] o.s.d.j.r.query.QueryEnhancerFactory     : Hibernate is in classpath; If applicable, HQL parser will be used.
2026-03-28T11:23:00.790+01:00  INFO 58831 --- [Pharmacies] [main] r$InitializeUserDetailsManagerConfigurer : Global AuthenticationManager configured with UserDetailsService bean with name userDetailsService
2026-03-28T11:23:00.815+01:00  WARN 58831 --- [Pharmacies] [main] JpaBaseConfiguration$JpaWebConfiguration : spring.jpa.open-in-view is enabled by default. Therefore, database queries may be performed during view rendering. Explicitly configure spring.jpa.open-in-view to disable this warning
2026-03-28T11:23:00.957+01:00  INFO 58831 --- [Pharmacies] [main] o.s.b.a.w.s.WelcomePageHandlerMapping    : Adding welcome page: class path resource [static/index.html]
2026-03-28T11:23:01.002+01:00 TRACE 58831 --- [Pharmacies] [main] s.w.s.m.m.a.RequestMappingHandlerMapping : 
	c.g.i.c.CategorieController:
	{POST [/api/v1/categorie/add]}: addCategorie(CategorieProduit)
	{GET [/api/v1/categorie/all]}: allCategories()
	{PUT [/api/v1/categorie/update/{id}]}: updateCategorie(Long,CategorieProduit)
	{DELETE [/api/v1/categorie/delete/{id}]}: deleteCategorie(Long)
2026-03-28T11:23:01.012+01:00 TRACE 58831 --- [Pharmacies] [main] s.w.s.m.m.a.RequestMappingHandlerMapping : 
	c.g.i.c.ClientController:
	{POST [/api/v1/client/add]}: addClient(Client)
	{PUT [/api/v1/client/update/{id}]}: updateClient(Long,Client)
	{DELETE [/api/v1/client/delete/{id}]}: deleteClient(Long)
	{GET [/api/v1/client/all]}: getAllClients()
2026-03-28T11:23:01.014+01:00 TRACE 58831 --- [Pharmacies] [main] s.w.s.m.m.a.RequestMappingHandlerMapping : 
	c.g.i.c.CpteTicketsController:
	{GET [/api/v1/compteurticket]}: generateTk()
2026-03-28T11:23:01.020+01:00 TRACE 58831 --- [Pharmacies] [main] s.w.s.m.m.a.RequestMappingHandlerMapping : 
	c.g.i.c.DetailsVenteController:
	{POST [/api/v1/detailsticket/add]}: addDetailsTicket(DetailsVentes)
	{DELETE [/api/v1/detailsticket/delete/{id}]}: deleteDetailsTicket(Long)
	{PUT [/api/v1/detailsticket/disable/{produitId}/{ticketCode}]}: deleteDetailsTicketByProduit(Long,String)
	{PUT [/api/v1/detailsticket/finaliser/{codeTicket}]}: finaliserTicket(String,FinaliserTicketDTO)
	{GET [/api/v1/detailsticket/all]}: allDetailsTickets()
	{PUT [/api/v1/detailsticket/update/{id}]}: updateDetailsTicket(Long,DetailsVentes)
2026-03-28T11:23:01.024+01:00 TRACE 58831 --- [Pharmacies] [main] s.w.s.m.m.a.RequestMappingHandlerMapping : 
	c.g.i.c.EntreeStockController:
	{GET [/api/v1/entree-stock/search]}: searchEntrees(String,Pageable)
	{POST [/api/v1/entree-stock/add]}: addEntreeStock(EntreeStock)
	{GET [/api/v1/entree-stock/all]}: allEntrees()
	{GET [/api/v1/entree-stock]}: allEntrees(Pageable)
	{PUT [/api/v1/entree-stock/update/{id}]}: updateEntreeStock(Long,EntreeStock)
	{DELETE [/api/v1/entree-stock/delete/{id}]}: deleteEntreeStock(Long)
2026-03-28T11:23:01.029+01:00 TRACE 58831 --- [Pharmacies] [main] s.w.s.m.m.a.RequestMappingHandlerMapping : 
	c.g.i.c.FournisseurController:
	{POST [/api/v1/fournisseur/add]}: addFournisseur(Fournisseur)
	{PUT [/api/v1/fournisseur/update/{id}]}: updateFournisseur(Long,Fournisseur)
	{DELETE [/api/v1/fournisseur/delete/{id}]}: deleteFournisseur(Long)
	{GET [/api/v1/fournisseur/all]}: allFournisseurs()
2026-03-28T11:23:01.032+01:00 TRACE 58831 --- [Pharmacies] [main] s.w.s.m.m.a.RequestMappingHandlerMapping : 
	c.g.i.c.MesVenteController:
	{GET [/api/v1/mesventes/actives]}: getVentesActives(String,Long,String,String,int,int)
	{GET [/api/v1/mesventes/jour/by-phone/{phone}]}: getVentesDuJourByPhone(String)
	{POST [/api/v1/mesventes/annuler/{id}]}: annulerVente(Long)
2026-03-28T11:23:01.035+01:00 TRACE 58831 --- [Pharmacies] [main] s.w.s.m.m.a.RequestMappingHandlerMapping : 
	c.g.i.c.NomProduitController:
	{GET [/api/v1/nomproduit/all]}: allNomProduits()
	{POST [/api/v1/nomproduit/add]}: addNomProduit(NomProduit)
	{PUT [/api/v1/nomproduit/{id}]}: updateNomProduit(Long,NomProduit)
	{DELETE [/api/v1/nomproduit/{id}]}: deleteNomProduit(Long)
	{GET [/api/v1/nomproduit/search]}: searchNomProduit(String)
	{GET [/api/v1/nomproduit/{id}]}: getNomProduit(Long)
2026-03-28T11:23:01.038+01:00 TRACE 58831 --- [Pharmacies] [main] s.w.s.m.m.a.RequestMappingHandlerMapping : 
	c.g.i.c.PresentationController:
	{POST [/api/v1/presentation/add]}: create(Presentation)
	{GET [/api/v1/presentation/all]}: getAll()
	{PUT [/api/v1/presentation/{id}]}: updatePresentation(Long,Presentation)
	{DELETE [/api/v1/presentation/{id}]}: deletePresentation(Long)
2026-03-28T11:23:01.043+01:00 TRACE 58831 --- [Pharmacies] [main] s.w.s.m.m.a.RequestMappingHandlerMapping : 
	c.g.i.c.ProduitController:
	{POST [/api/v1/produit/add]}: addProduit(Produit)
	{PUT [/api/v1/produit/update/{id}]}: updateProduit(Long,Produit)
	{DELETE [/api/v1/produit/delete/{id}]}: deleteProduit(Long)
	{GET [/api/v1/produit/search]}: searchProduits(String,Pageable)
	{GET [/api/v1/produit/all]}: allProduits()
	{GET [/api/v1/produit]}: allProduits(Pageable)
	{GET [/api/v1/produit/stats/{produitId}]}: getProduitStats(Long)
2026-03-28T11:23:01.046+01:00 TRACE 58831 --- [Pharmacies] [main] s.w.s.m.m.a.RequestMappingHandlerMapping : 
	c.g.i.c.RecuPdfController:
	{GET [/api/v1/tickets/{codeTicket}/pdf]}: getOrCreatePdf(String)
	{GET [/api/v1/tickets/recu/all]}: getAllRecus(int,int)
	{DELETE [/api/v1/tickets/recu/{codeTicket}]}: deleteRecu(String)
2026-03-28T11:23:01.049+01:00 TRACE 58831 --- [Pharmacies] [main] s.w.s.m.m.a.RequestMappingHandlerMapping : 
	c.g.i.c.UserController:
	{POST [/api/v1/users/auth/login]}: login(Map,HttpServletRequest)
	{POST [/api/v1/users]}: addUser(AppUser)
	{POST [/api/v1/users/roles]}: addRole(AppRole)
	{PUT [/api/v1/users/{telephone}]}: updateUser(String,AppUser)
	{POST [/api/v1/users/auth/change-password]}: changePassword(Map)
	{GET [/api/v1/users]}: getAllUsers()
	{POST [/api/v1/users/addRoleToUser]}: addRoleToUser(UserToRole)
2026-03-28T11:23:01.052+01:00 TRACE 58831 --- [Pharmacies] [main] s.w.s.m.m.a.RequestMappingHandlerMapping : 
	c.g.i.c.VenteController:
	{PUT [/api/v1/ticket/update/{id}]}: updateTicket(Long,Vente)
	{DELETE [/api/v1/ticket/delete/{id}]}: deleteTicket(Long)
	{POST [/api/v1/ticket/create]}: createTicket(VenteCreateDTO)
	{GET [/api/v1/ticket/all]}: allTickets()
	{GET [/api/v1/ticket]}: allTickets(Pageable)
	{GET [/api/v1/ticket/find/{code}]}: findByCode(String)
2026-03-28T11:23:01.056+01:00 TRACE 58831 --- [Pharmacies] [main] s.w.s.m.m.a.RequestMappingHandlerMapping : 
	o.s.b.a.w.s.e.BasicErrorController:
	{ [/error]}: error(HttpServletRequest)
	{ [/error], produces [text/html]}: errorHtml(HttpServletRequest,HttpServletResponse)
2026-03-28T11:23:01.059+01:00 DEBUG 58831 --- [Pharmacies] [main] s.w.s.m.m.a.RequestMappingHandlerMapping : 63 mappings in 'requestMappingHandlerMapping'
2026-03-28T11:23:01.073+01:00 DEBUG 58831 --- [Pharmacies] [main] o.s.w.s.h.BeanNameUrlHandlerMapping      : Detected 0 mappings in 'beanNameHandlerMapping'
2026-03-28T11:23:01.218+01:00 TRACE 58831 --- [Pharmacies] [main] o.s.w.s.f.support.RouterFunctionMapping  : 0 RouterFunction(s) in 'routerFunctionMapping'
2026-03-28T11:23:01.237+01:00 TRACE 58831 --- [Pharmacies] [main] o.s.w.s.handler.SimpleUrlHandlerMapping  : Mapped [/webjars/**] onto ResourceHttpRequestHandler [classpath [META-INF/resources/webjars/]]
2026-03-28T11:23:01.238+01:00 TRACE 58831 --- [Pharmacies] [main] o.s.w.s.handler.SimpleUrlHandlerMapping  : Mapped [/**] onto ResourceHttpRequestHandler [classpath [META-INF/resources/], classpath [resources/], classpath [static/], classpath [public/], ServletContext [/]]
2026-03-28T11:23:01.238+01:00 DEBUG 58831 --- [Pharmacies] [main] o.s.w.s.handler.SimpleUrlHandlerMapping  : Patterns [/webjars/**, /**] in 'resourceHandlerMapping'
2026-03-28T11:23:01.467+01:00 DEBUG 58831 --- [Pharmacies] [main] s.w.s.m.m.a.RequestMappingHandlerAdapter : ControllerAdvice beans: 0 @ModelAttribute, 0 @InitBinder, 1 RequestBodyAdvice, 1 ResponseBodyAdvice
2026-03-28T11:23:01.537+01:00  WARN 58831 --- [Pharmacies] [main] ion$DefaultTemplateResolverConfiguration : Cannot find template location: classpath:/templates/ (please add some templates, check your Thymeleaf configuration, or set spring.thymeleaf.check-template-location=false)
2026-03-28T11:23:01.578+01:00 DEBUG 58831 --- [Pharmacies] [main] .m.m.a.ExceptionHandlerExceptionResolver : ControllerAdvice beans: 1 @ExceptionHandler, 1 ResponseBodyAdvice
2026-03-28T11:23:01.818+01:00  INFO 58831 --- [Pharmacies] [main] c.gestion.invoice.JwtApplicationTests    : Started JwtApplicationTests in 7.456 seconds (process running for 8.689)
2026-03-28T11:23:02.387+01:00 DEBUG 58831 --- [Pharmacies] [SpringApplicationShutdownHook] o.s.w.c.s.GenericWebApplicationContext   : Closing org.springframework.web.context.support.GenericWebApplicationContext@678040b3, started on Sat Mar 28 11:22:54 WAT 2026
2026-03-28T11:23:02.398+01:00  INFO 58831 --- [Pharmacies] [SpringApplicationShutdownHook] j.LocalContainerEntityManagerFactoryBean : Closing JPA EntityManagerFactory for persistence unit 'default'
2026-03-28T11:23:02.401+01:00  INFO 58831 --- [Pharmacies] [SpringApplicationShutdownHook] com.zaxxer.hikari.HikariDataSource       : HikariPool-1 - Shutdown initiated...
2026-03-28T11:23:02.416+01:00  INFO 58831 --- [Pharmacies] [SpringApplicationShutdownHook] com.zaxxer.hikari.HikariDataSource       : HikariPool-1 - Shutdown completed.
2026-03-28T11:24:48.945+01:00  INFO 59344 --- [Pharmacies] [main] c.gestion.invoice.JwtApplicationTests    : Starting JwtApplicationTests using Java 17.0.18 with PID 59344 (started by thierry in /home/thierry/Clients/fullstock/gestions/Pharmacies)
2026-03-28T11:24:48.947+01:00 DEBUG 59344 --- [Pharmacies] [main] c.gestion.invoice.JwtApplicationTests    : Running with Spring Boot v3.5.6, Spring v6.2.11
2026-03-28T11:24:48.948+01:00  INFO 59344 --- [Pharmacies] [main] c.gestion.invoice.JwtApplicationTests    : No active profile set, falling back to 1 default profile: "default"
2026-03-28T11:24:48.982+01:00 DEBUG 59344 --- [Pharmacies] [main] o.s.w.c.s.GenericWebApplicationContext   : Refreshing org.springframework.web.context.support.GenericWebApplicationContext@678040b3
2026-03-28T11:24:49.770+01:00  INFO 59344 --- [Pharmacies] [main] .s.d.r.c.RepositoryConfigurationDelegate : Bootstrapping Spring Data JPA repositories in DEFAULT mode.
2026-03-28T11:24:49.889+01:00  INFO 59344 --- [Pharmacies] [main] .s.d.r.c.RepositoryConfigurationDelegate : Finished Spring Data repository scanning in 106 ms. Found 13 JPA repository interfaces.
2026-03-28T11:24:50.656+01:00  INFO 59344 --- [Pharmacies] [main] o.hibernate.jpa.internal.util.LogHelper  : HHH000204: Processing PersistenceUnitInfo [name: default]
2026-03-28T11:24:50.722+01:00  INFO 59344 --- [Pharmacies] [main] org.hibernate.Version                    : HHH000412: Hibernate ORM core version 6.6.29.Final
2026-03-28T11:24:50.812+01:00  INFO 59344 --- [Pharmacies] [main] o.h.c.internal.RegionFactoryInitiator    : HHH000026: Second-level cache disabled
2026-03-28T11:24:51.134+01:00  INFO 59344 --- [Pharmacies] [main] o.s.o.j.p.SpringPersistenceUnitInfo      : No LoadTimeWeaver setup: ignoring JPA class transformer
2026-03-28T11:24:51.166+01:00  INFO 59344 --- [Pharmacies] [main] com.zaxxer.hikari.HikariDataSource       : HikariPool-1 - Starting...
2026-03-28T11:24:51.347+01:00  INFO 59344 --- [Pharmacies] [main] com.zaxxer.hikari.pool.HikariPool        : HikariPool-1 - Added connection com.mysql.cj.jdbc.ConnectionImpl@bcfe29c
2026-03-28T11:24:51.350+01:00  INFO 59344 --- [Pharmacies] [main] com.zaxxer.hikari.HikariDataSource       : HikariPool-1 - Start completed.
2026-03-28T11:24:51.435+01:00  WARN 59344 --- [Pharmacies] [main] org.hibernate.dialect.Dialect            : HHH000511: The 5.5.5 version for [org.hibernate.dialect.MySQLDialect] is no longer supported, hence certain features may not work properly. The minimum supported version is 8.0.0. Check the community dialects project for available legacy versions.
2026-03-28T11:24:51.469+01:00  INFO 59344 --- [Pharmacies] [main] org.hibernate.orm.connections.pooling    : HHH10001005: Database info:
	Database JDBC URL [Connecting through datasource 'HikariDataSource (HikariPool-1)']
	Database driver: undefined/unknown
	Database version: 5.5.5
	Autocommit mode: undefined/unknown
	Isolation level: undefined/unknown
	Minimum pool size: undefined/unknown
	Maximum pool size: undefined/unknown
2026-03-28T11:24:52.870+01:00  INFO 59344 --- [Pharmacies] [main] o.h.e.t.j.p.i.JtaPlatformInitiator       : HHH000489: No JTA platform available (set 'hibernate.transaction.jta.platform' to enable JTA platform integration)
2026-03-28T11:24:53.003+01:00  INFO 59344 --- [Pharmacies] [main] j.LocalContainerEntityManagerFactoryBean : Initialized JPA EntityManagerFactory for persistence unit 'default'
2026-03-28T11:24:53.557+01:00  INFO 59344 --- [Pharmacies] [main] o.s.d.j.r.query.QueryEnhancerFactory     : Hibernate is in classpath; If applicable, HQL parser will be used.
2026-03-28T11:24:55.353+01:00  INFO 59344 --- [Pharmacies] [main] r$InitializeUserDetailsManagerConfigurer : Global AuthenticationManager configured with UserDetailsService bean with name userDetailsService
2026-03-28T11:24:55.373+01:00  WARN 59344 --- [Pharmacies] [main] JpaBaseConfiguration$JpaWebConfiguration : spring.jpa.open-in-view is enabled by default. Therefore, database queries may be performed during view rendering. Explicitly configure spring.jpa.open-in-view to disable this warning
2026-03-28T11:24:55.492+01:00  INFO 59344 --- [Pharmacies] [main] o.s.b.a.w.s.WelcomePageHandlerMapping    : Adding welcome page: class path resource [static/index.html]
2026-03-28T11:24:55.525+01:00 TRACE 59344 --- [Pharmacies] [main] s.w.s.m.m.a.RequestMappingHandlerMapping : 
	c.g.i.c.CategorieController:
	{POST [/api/v1/categorie/add]}: addCategorie(CategorieProduit)
	{GET [/api/v1/categorie/all]}: allCategories()
	{PUT [/api/v1/categorie/update/{id}]}: updateCategorie(Long,CategorieProduit)
	{DELETE [/api/v1/categorie/delete/{id}]}: deleteCategorie(Long)
2026-03-28T11:24:55.533+01:00 TRACE 59344 --- [Pharmacies] [main] s.w.s.m.m.a.RequestMappingHandlerMapping : 
	c.g.i.c.ClientController:
	{POST [/api/v1/client/add]}: addClient(Client)
	{PUT [/api/v1/client/update/{id}]}: updateClient(Long,Client)
	{DELETE [/api/v1/client/delete/{id}]}: deleteClient(Long)
	{GET [/api/v1/client/all]}: getAllClients()
2026-03-28T11:24:55.535+01:00 TRACE 59344 --- [Pharmacies] [main] s.w.s.m.m.a.RequestMappingHandlerMapping : 
	c.g.i.c.CpteTicketsController:
	{GET [/api/v1/compteurticket]}: generateTk()
2026-03-28T11:24:55.537+01:00 TRACE 59344 --- [Pharmacies] [main] s.w.s.m.m.a.RequestMappingHandlerMapping : 
	c.g.i.c.DetailsVenteController:
	{POST [/api/v1/detailsticket/add]}: addDetailsTicket(DetailsVentes)
	{DELETE [/api/v1/detailsticket/delete/{id}]}: deleteDetailsTicket(Long)
	{PUT [/api/v1/detailsticket/disable/{produitId}/{ticketCode}]}: deleteDetailsTicketByProduit(Long,String)
	{PUT [/api/v1/detailsticket/finaliser/{codeTicket}]}: finaliserTicket(String,FinaliserTicketDTO)
	{GET [/api/v1/detailsticket/all]}: allDetailsTickets()
	{PUT [/api/v1/detailsticket/update/{id}]}: updateDetailsTicket(Long,DetailsVentes)
2026-03-28T11:24:55.541+01:00 TRACE 59344 --- [Pharmacies] [main] s.w.s.m.m.a.RequestMappingHandlerMapping : 
	c.g.i.c.EntreeStockController:
	{GET [/api/v1/entree-stock/search]}: searchEntrees(String,Pageable)
	{POST [/api/v1/entree-stock/add]}: addEntreeStock(EntreeStock)
	{GET [/api/v1/entree-stock/all]}: allEntrees()
	{GET [/api/v1/entree-stock]}: allEntrees(Pageable)
	{PUT [/api/v1/entree-stock/update/{id}]}: updateEntreeStock(Long,EntreeStock)
	{DELETE [/api/v1/entree-stock/delete/{id}]}: deleteEntreeStock(Long)
2026-03-28T11:24:55.546+01:00 TRACE 59344 --- [Pharmacies] [main] s.w.s.m.m.a.RequestMappingHandlerMapping : 
	c.g.i.c.FournisseurController:
	{POST [/api/v1/fournisseur/add]}: addFournisseur(Fournisseur)
	{PUT [/api/v1/fournisseur/update/{id}]}: updateFournisseur(Long,Fournisseur)
	{DELETE [/api/v1/fournisseur/delete/{id}]}: deleteFournisseur(Long)
	{GET [/api/v1/fournisseur/all]}: allFournisseurs()
2026-03-28T11:24:55.549+01:00 TRACE 59344 --- [Pharmacies] [main] s.w.s.m.m.a.RequestMappingHandlerMapping : 
	c.g.i.c.MesVenteController:
	{GET [/api/v1/mesventes/actives]}: getVentesActives(String,Long,String,String,int,int)
	{GET [/api/v1/mesventes/jour/by-phone/{phone}]}: getVentesDuJourByPhone(String)
	{POST [/api/v1/mesventes/annuler/{id}]}: annulerVente(Long)
2026-03-28T11:24:55.552+01:00 TRACE 59344 --- [Pharmacies] [main] s.w.s.m.m.a.RequestMappingHandlerMapping : 
	c.g.i.c.NomProduitController:
	{GET [/api/v1/nomproduit/all]}: allNomProduits()
	{POST [/api/v1/nomproduit/add]}: addNomProduit(NomProduit)
	{PUT [/api/v1/nomproduit/{id}]}: updateNomProduit(Long,NomProduit)
	{DELETE [/api/v1/nomproduit/{id}]}: deleteNomProduit(Long)
	{GET [/api/v1/nomproduit/search]}: searchNomProduit(String)
	{GET [/api/v1/nomproduit/{id}]}: getNomProduit(Long)
2026-03-28T11:24:55.555+01:00 TRACE 59344 --- [Pharmacies] [main] s.w.s.m.m.a.RequestMappingHandlerMapping : 
	c.g.i.c.PresentationController:
	{POST [/api/v1/presentation/add]}: create(Presentation)
	{GET [/api/v1/presentation/all]}: getAll()
	{PUT [/api/v1/presentation/{id}]}: updatePresentation(Long,Presentation)
	{DELETE [/api/v1/presentation/{id}]}: deletePresentation(Long)
2026-03-28T11:24:55.558+01:00 TRACE 59344 --- [Pharmacies] [main] s.w.s.m.m.a.RequestMappingHandlerMapping : 
	c.g.i.c.ProduitController:
	{POST [/api/v1/produit/add]}: addProduit(Produit)
	{PUT [/api/v1/produit/update/{id}]}: updateProduit(Long,Produit)
	{DELETE [/api/v1/produit/delete/{id}]}: deleteProduit(Long)
	{GET [/api/v1/produit/search]}: searchProduits(String,Pageable)
	{GET [/api/v1/produit/all]}: allProduits()
	{GET [/api/v1/produit]}: allProduits(Pageable)
	{GET [/api/v1/produit/stats/{produitId}]}: getProduitStats(Long)
2026-03-28T11:24:55.561+01:00 TRACE 59344 --- [Pharmacies] [main] s.w.s.m.m.a.RequestMappingHandlerMapping : 
	c.g.i.c.RecuPdfController:
	{GET [/api/v1/tickets/{codeTicket}/pdf]}: getOrCreatePdf(String)
	{GET [/api/v1/tickets/recu/all]}: getAllRecus(int,int)
	{DELETE [/api/v1/tickets/recu/{codeTicket}]}: deleteRecu(String)
2026-03-28T11:24:55.563+01:00 TRACE 59344 --- [Pharmacies] [main] s.w.s.m.m.a.RequestMappingHandlerMapping : 
	c.g.i.c.UserController:
	{POST [/api/v1/users/auth/login]}: login(Map,HttpServletRequest)
	{POST [/api/v1/users]}: addUser(AppUser)
	{POST [/api/v1/users/roles]}: addRole(AppRole)
	{PUT [/api/v1/users/{telephone}]}: updateUser(String,AppUser)
	{POST [/api/v1/users/auth/change-password]}: changePassword(Map)
	{GET [/api/v1/users]}: getAllUsers()
	{POST [/api/v1/users/addRoleToUser]}: addRoleToUser(UserToRole)
2026-03-28T11:24:55.566+01:00 TRACE 59344 --- [Pharmacies] [main] s.w.s.m.m.a.RequestMappingHandlerMapping : 
	c.g.i.c.VenteController:
	{PUT [/api/v1/ticket/update/{id}]}: updateTicket(Long,Vente)
	{DELETE [/api/v1/ticket/delete/{id}]}: deleteTicket(Long)
	{POST [/api/v1/ticket/create]}: createTicket(VenteCreateDTO)
	{GET [/api/v1/ticket/all]}: allTickets()
	{GET [/api/v1/ticket]}: allTickets(Pageable)
	{GET [/api/v1/ticket/find/{code}]}: findByCode(String)
2026-03-28T11:24:55.570+01:00 TRACE 59344 --- [Pharmacies] [main] s.w.s.m.m.a.RequestMappingHandlerMapping : 
	o.s.b.a.w.s.e.BasicErrorController:
	{ [/error]}: error(HttpServletRequest)
	{ [/error], produces [text/html]}: errorHtml(HttpServletRequest,HttpServletResponse)
2026-03-28T11:24:55.572+01:00 DEBUG 59344 --- [Pharmacies] [main] s.w.s.m.m.a.RequestMappingHandlerMapping : 63 mappings in 'requestMappingHandlerMapping'
2026-03-28T11:24:55.582+01:00 DEBUG 59344 --- [Pharmacies] [main] o.s.w.s.h.BeanNameUrlHandlerMapping      : Detected 0 mappings in 'beanNameHandlerMapping'
2026-03-28T11:24:55.694+01:00 TRACE 59344 --- [Pharmacies] [main] o.s.w.s.f.support.RouterFunctionMapping  : 0 RouterFunction(s) in 'routerFunctionMapping'
2026-03-28T11:24:55.708+01:00 TRACE 59344 --- [Pharmacies] [main] o.s.w.s.handler.SimpleUrlHandlerMapping  : Mapped [/webjars/**] onto ResourceHttpRequestHandler [classpath [META-INF/resources/webjars/]]
2026-03-28T11:24:55.709+01:00 TRACE 59344 --- [Pharmacies] [main] o.s.w.s.handler.SimpleUrlHandlerMapping  : Mapped [/**] onto ResourceHttpRequestHandler [classpath [META-INF/resources/], classpath [resources/], classpath [static/], classpath [public/], ServletContext [/]]
2026-03-28T11:24:55.709+01:00 DEBUG 59344 --- [Pharmacies] [main] o.s.w.s.handler.SimpleUrlHandlerMapping  : Patterns [/webjars/**, /**] in 'resourceHandlerMapping'
2026-03-28T11:24:55.895+01:00 DEBUG 59344 --- [Pharmacies] [main] s.w.s.m.m.a.RequestMappingHandlerAdapter : ControllerAdvice beans: 0 @ModelAttribute, 0 @InitBinder, 1 RequestBodyAdvice, 1 ResponseBodyAdvice
2026-03-28T11:24:55.947+01:00  WARN 59344 --- [Pharmacies] [main] ion$DefaultTemplateResolverConfiguration : Cannot find template location: classpath:/templates/ (please add some templates, check your Thymeleaf configuration, or set spring.thymeleaf.check-template-location=false)
2026-03-28T11:24:55.976+01:00 DEBUG 59344 --- [Pharmacies] [main] .m.m.a.ExceptionHandlerExceptionResolver : ControllerAdvice beans: 1 @ExceptionHandler, 1 ResponseBodyAdvice
2026-03-28T11:24:56.138+01:00  INFO 59344 --- [Pharmacies] [main] c.gestion.invoice.JwtApplicationTests    : Started JwtApplicationTests in 7.523 seconds (process running for 8.542)
2026-03-28T11:24:56.538+01:00 DEBUG 59344 --- [Pharmacies] [SpringApplicationShutdownHook] o.s.w.c.s.GenericWebApplicationContext   : Closing org.springframework.web.context.support.GenericWebApplicationContext@678040b3, started on Sat Mar 28 11:24:48 WAT 2026
2026-03-28T11:24:56.546+01:00  INFO 59344 --- [Pharmacies] [SpringApplicationShutdownHook] j.LocalContainerEntityManagerFactoryBean : Closing JPA EntityManagerFactory for persistence unit 'default'
2026-03-28T11:24:56.550+01:00  INFO 59344 --- [Pharmacies] [SpringApplicationShutdownHook] com.zaxxer.hikari.HikariDataSource       : HikariPool-1 - Shutdown initiated...
2026-03-28T11:24:56.557+01:00  INFO 59344 --- [Pharmacies] [SpringApplicationShutdownHook] com.zaxxer.hikari.HikariDataSource       : HikariPool-1 - Shutdown completed.
2026-03-28T11:26:25.844+01:00  INFO 59794 --- [Pharmacies] [main] c.gestion.invoice.JwtApplicationTests    : Starting JwtApplicationTests using Java 17.0.18 with PID 59794 (started by thierry in /home/thierry/Clients/fullstock/gestions/Pharmacies)
2026-03-28T11:26:25.846+01:00  INFO 59794 --- [Pharmacies] [main] c.gestion.invoice.JwtApplicationTests    : No active profile set, falling back to 1 default profile: "default"
2026-03-28T11:26:25.882+01:00 DEBUG 59794 --- [Pharmacies] [main] o.s.w.c.s.GenericWebApplicationContext   : Refreshing org.springframework.web.context.support.GenericWebApplicationContext@6b530eb9
2026-03-28T11:26:27.127+01:00  INFO 59794 --- [Pharmacies] [main] .s.d.r.c.RepositoryConfigurationDelegate : Bootstrapping Spring Data JPA repositories in DEFAULT mode.
2026-03-28T11:26:27.245+01:00  INFO 59794 --- [Pharmacies] [main] .s.d.r.c.RepositoryConfigurationDelegate : Finished Spring Data repository scanning in 102 ms. Found 13 JPA repository interfaces.
2026-03-28T11:26:27.922+01:00  INFO 59794 --- [Pharmacies] [main] o.hibernate.jpa.internal.util.LogHelper  : HHH000204: Processing PersistenceUnitInfo [name: default]
2026-03-28T11:26:27.958+01:00  INFO 59794 --- [Pharmacies] [main] org.hibernate.Version                    : HHH000412: Hibernate ORM core version 6.6.29.Final
2026-03-28T11:26:28.004+01:00  INFO 59794 --- [Pharmacies] [main] o.h.c.internal.RegionFactoryInitiator    : HHH000026: Second-level cache disabled
2026-03-28T11:26:28.216+01:00  INFO 59794 --- [Pharmacies] [main] o.s.o.j.p.SpringPersistenceUnitInfo      : No LoadTimeWeaver setup: ignoring JPA class transformer
2026-03-28T11:26:28.243+01:00  INFO 59794 --- [Pharmacies] [main] com.zaxxer.hikari.HikariDataSource       : HikariPool-1 - Starting...
2026-03-28T11:26:28.390+01:00  INFO 59794 --- [Pharmacies] [main] com.zaxxer.hikari.pool.HikariPool        : HikariPool-1 - Added connection com.mysql.cj.jdbc.ConnectionImpl@19ec5357
2026-03-28T11:26:28.392+01:00  INFO 59794 --- [Pharmacies] [main] com.zaxxer.hikari.HikariDataSource       : HikariPool-1 - Start completed.
2026-03-28T11:26:28.435+01:00  WARN 59794 --- [Pharmacies] [main] org.hibernate.dialect.Dialect            : HHH000511: The 5.5.5 version for [org.hibernate.dialect.MySQLDialect] is no longer supported, hence certain features may not work properly. The minimum supported version is 8.0.0. Check the community dialects project for available legacy versions.
2026-03-28T11:26:28.457+01:00  INFO 59794 --- [Pharmacies] [main] org.hibernate.orm.connections.pooling    : HHH10001005: Database info:
	Database JDBC URL [Connecting through datasource 'HikariDataSource (HikariPool-1)']
	Database driver: undefined/unknown
	Database version: 5.5.5
	Autocommit mode: undefined/unknown
	Isolation level: undefined/unknown
	Minimum pool size: undefined/unknown
	Maximum pool size: undefined/unknown
2026-03-28T11:26:29.484+01:00  INFO 59794 --- [Pharmacies] [main] o.h.e.t.j.p.i.JtaPlatformInitiator       : HHH000489: No JTA platform available (set 'hibernate.transaction.jta.platform' to enable JTA platform integration)
2026-03-28T11:26:29.583+01:00  INFO 59794 --- [Pharmacies] [main] j.LocalContainerEntityManagerFactoryBean : Initialized JPA EntityManagerFactory for persistence unit 'default'
2026-03-28T11:26:30.071+01:00  INFO 59794 --- [Pharmacies] [main] o.s.d.j.r.query.QueryEnhancerFactory     : Hibernate is in classpath; If applicable, HQL parser will be used.
2026-03-28T11:26:31.814+01:00  INFO 59794 --- [Pharmacies] [main] r$InitializeUserDetailsManagerConfigurer : Global AuthenticationManager configured with UserDetailsService bean with name userDetailsService
2026-03-28T11:26:31.841+01:00  WARN 59794 --- [Pharmacies] [main] JpaBaseConfiguration$JpaWebConfiguration : spring.jpa.open-in-view is enabled by default. Therefore, database queries may be performed during view rendering. Explicitly configure spring.jpa.open-in-view to disable this warning
2026-03-28T11:26:31.971+01:00  INFO 59794 --- [Pharmacies] [main] o.s.b.a.w.s.WelcomePageHandlerMapping    : Adding welcome page: class path resource [static/index.html]
2026-03-28T11:26:32.004+01:00 TRACE 59794 --- [Pharmacies] [main] s.w.s.m.m.a.RequestMappingHandlerMapping : 
	c.g.i.c.CategorieController:
	{POST [/api/v1/categorie/add]}: addCategorie(CategorieProduit)
	{GET [/api/v1/categorie/all]}: allCategories()
	{PUT [/api/v1/categorie/update/{id}]}: updateCategorie(Long,CategorieProduit)
	{DELETE [/api/v1/categorie/delete/{id}]}: deleteCategorie(Long)
2026-03-28T11:26:32.013+01:00 TRACE 59794 --- [Pharmacies] [main] s.w.s.m.m.a.RequestMappingHandlerMapping : 
	c.g.i.c.ClientController:
	{POST [/api/v1/client/add]}: addClient(Client)
	{PUT [/api/v1/client/update/{id}]}: updateClient(Long,Client)
	{DELETE [/api/v1/client/delete/{id}]}: deleteClient(Long)
	{GET [/api/v1/client/all]}: getAllClients()
2026-03-28T11:26:32.015+01:00 TRACE 59794 --- [Pharmacies] [main] s.w.s.m.m.a.RequestMappingHandlerMapping : 
	c.g.i.c.CpteTicketsController:
	{GET [/api/v1/compteurticket]}: generateTk()
2026-03-28T11:26:32.017+01:00 TRACE 59794 --- [Pharmacies] [main] s.w.s.m.m.a.RequestMappingHandlerMapping : 
	c.g.i.c.DetailsVenteController:
	{PUT [/api/v1/detailsticket/update/{id}]}: updateDetailsTicket(Long,DetailsVentes)
	{POST [/api/v1/detailsticket/add]}: addDetailsTicket(DetailsVentes)
	{DELETE [/api/v1/detailsticket/delete/{id}]}: deleteDetailsTicket(Long)
	{PUT [/api/v1/detailsticket/disable/{produitId}/{ticketCode}]}: deleteDetailsTicketByProduit(Long,String)
	{PUT [/api/v1/detailsticket/finaliser/{codeTicket}]}: finaliserTicket(String,FinaliserTicketDTO)
	{GET [/api/v1/detailsticket/all]}: allDetailsTickets()
2026-03-28T11:26:32.020+01:00 TRACE 59794 --- [Pharmacies] [main] s.w.s.m.m.a.RequestMappingHandlerMapping : 
	c.g.i.c.EntreeStockController:
	{GET [/api/v1/entree-stock/search]}: searchEntrees(String,Pageable)
	{POST [/api/v1/entree-stock/add]}: addEntreeStock(EntreeStock)
	{GET [/api/v1/entree-stock/all]}: allEntrees()
	{GET [/api/v1/entree-stock]}: allEntrees(Pageable)
	{PUT [/api/v1/entree-stock/update/{id}]}: updateEntreeStock(Long,EntreeStock)
	{DELETE [/api/v1/entree-stock/delete/{id}]}: deleteEntreeStock(Long)
2026-03-28T11:26:32.026+01:00 TRACE 59794 --- [Pharmacies] [main] s.w.s.m.m.a.RequestMappingHandlerMapping : 
	c.g.i.c.FournisseurController:
	{POST [/api/v1/fournisseur/add]}: addFournisseur(Fournisseur)
	{PUT [/api/v1/fournisseur/update/{id}]}: updateFournisseur(Long,Fournisseur)
	{DELETE [/api/v1/fournisseur/delete/{id}]}: deleteFournisseur(Long)
	{GET [/api/v1/fournisseur/all]}: allFournisseurs()
2026-03-28T11:26:32.028+01:00 TRACE 59794 --- [Pharmacies] [main] s.w.s.m.m.a.RequestMappingHandlerMapping : 
	c.g.i.c.MesVenteController:
	{GET [/api/v1/mesventes/actives]}: getVentesActives(String,Long,String,String,int,int)
	{GET [/api/v1/mesventes/jour/by-phone/{phone}]}: getVentesDuJourByPhone(String)
	{POST [/api/v1/mesventes/annuler/{id}]}: annulerVente(Long)
2026-03-28T11:26:32.032+01:00 TRACE 59794 --- [Pharmacies] [main] s.w.s.m.m.a.RequestMappingHandlerMapping : 
	c.g.i.c.NomProduitController:
	{GET [/api/v1/nomproduit/all]}: allNomProduits()
	{POST [/api/v1/nomproduit/add]}: addNomProduit(NomProduit)
	{PUT [/api/v1/nomproduit/{id}]}: updateNomProduit(Long,NomProduit)
	{DELETE [/api/v1/nomproduit/{id}]}: deleteNomProduit(Long)
	{GET [/api/v1/nomproduit/search]}: searchNomProduit(String)
	{GET [/api/v1/nomproduit/{id}]}: getNomProduit(Long)
2026-03-28T11:26:32.035+01:00 TRACE 59794 --- [Pharmacies] [main] s.w.s.m.m.a.RequestMappingHandlerMapping : 
	c.g.i.c.PresentationController:
	{POST [/api/v1/presentation/add]}: create(Presentation)
	{GET [/api/v1/presentation/all]}: getAll()
	{PUT [/api/v1/presentation/{id}]}: updatePresentation(Long,Presentation)
	{DELETE [/api/v1/presentation/{id}]}: deletePresentation(Long)
2026-03-28T11:26:32.038+01:00 TRACE 59794 --- [Pharmacies] [main] s.w.s.m.m.a.RequestMappingHandlerMapping : 
	c.g.i.c.ProduitController:
	{POST [/api/v1/produit/add]}: addProduit(Produit)
	{PUT [/api/v1/produit/update/{id}]}: updateProduit(Long,Produit)
	{DELETE [/api/v1/produit/delete/{id}]}: deleteProduit(Long)
	{GET [/api/v1/produit/search]}: searchProduits(String,Pageable)
	{GET [/api/v1/produit/all]}: allProduits()
	{GET [/api/v1/produit]}: allProduits(Pageable)
	{GET [/api/v1/produit/stats/{produitId}]}: getProduitStats(Long)
2026-03-28T11:26:32.041+01:00 TRACE 59794 --- [Pharmacies] [main] s.w.s.m.m.a.RequestMappingHandlerMapping : 
	c.g.i.c.RecuPdfController:
	{GET [/api/v1/tickets/{codeTicket}/pdf]}: getOrCreatePdf(String)
	{GET [/api/v1/tickets/recu/all]}: getAllRecus(int,int)
	{DELETE [/api/v1/tickets/recu/{codeTicket}]}: deleteRecu(String)
2026-03-28T11:26:32.043+01:00 TRACE 59794 --- [Pharmacies] [main] s.w.s.m.m.a.RequestMappingHandlerMapping : 
	c.g.i.c.UserController:
	{POST [/api/v1/users/auth/login]}: login(Map,HttpServletRequest)
	{POST [/api/v1/users]}: addUser(AppUser)
	{POST [/api/v1/users/roles]}: addRole(AppRole)
	{PUT [/api/v1/users/{telephone}]}: updateUser(String,AppUser)
	{POST [/api/v1/users/auth/change-password]}: changePassword(Map)
	{GET [/api/v1/users]}: getAllUsers()
	{POST [/api/v1/users/addRoleToUser]}: addRoleToUser(UserToRole)
2026-03-28T11:26:32.046+01:00 TRACE 59794 --- [Pharmacies] [main] s.w.s.m.m.a.RequestMappingHandlerMapping : 
	c.g.i.c.VenteController:
	{PUT [/api/v1/ticket/update/{id}]}: updateTicket(Long,Vente)
	{DELETE [/api/v1/ticket/delete/{id}]}: deleteTicket(Long)
	{POST [/api/v1/ticket/create]}: createTicket(VenteCreateDTO)
	{GET [/api/v1/ticket/all]}: allTickets()
	{GET [/api/v1/ticket]}: allTickets(Pageable)
	{GET [/api/v1/ticket/find/{code}]}: findByCode(String)
2026-03-28T11:26:32.052+01:00 TRACE 59794 --- [Pharmacies] [main] s.w.s.m.m.a.RequestMappingHandlerMapping : 
	o.s.b.a.w.s.e.BasicErrorController:
	{ [/error]}: error(HttpServletRequest)
	{ [/error], produces [text/html]}: errorHtml(HttpServletRequest,HttpServletResponse)
2026-03-28T11:26:32.056+01:00 DEBUG 59794 --- [Pharmacies] [main] s.w.s.m.m.a.RequestMappingHandlerMapping : 63 mappings in 'requestMappingHandlerMapping'
2026-03-28T11:26:32.077+01:00 DEBUG 59794 --- [Pharmacies] [main] o.s.w.s.h.BeanNameUrlHandlerMapping      : Detected 0 mappings in 'beanNameHandlerMapping'
2026-03-28T11:26:32.195+01:00 TRACE 59794 --- [Pharmacies] [main] o.s.w.s.f.support.RouterFunctionMapping  : 0 RouterFunction(s) in 'routerFunctionMapping'
2026-03-28T11:26:32.208+01:00 TRACE 59794 --- [Pharmacies] [main] o.s.w.s.handler.SimpleUrlHandlerMapping  : Mapped [/webjars/**] onto ResourceHttpRequestHandler [classpath [META-INF/resources/webjars/]]
2026-03-28T11:26:32.209+01:00 TRACE 59794 --- [Pharmacies] [main] o.s.w.s.handler.SimpleUrlHandlerMapping  : Mapped [/**] onto ResourceHttpRequestHandler [classpath [META-INF/resources/], classpath [resources/], classpath [static/], classpath [public/], ServletContext [/]]
2026-03-28T11:26:32.209+01:00 DEBUG 59794 --- [Pharmacies] [main] o.s.w.s.handler.SimpleUrlHandlerMapping  : Patterns [/webjars/**, /**] in 'resourceHandlerMapping'
2026-03-28T11:26:32.398+01:00 DEBUG 59794 --- [Pharmacies] [main] s.w.s.m.m.a.RequestMappingHandlerAdapter : ControllerAdvice beans: 0 @ModelAttribute, 0 @InitBinder, 1 RequestBodyAdvice, 1 ResponseBodyAdvice
2026-03-28T11:26:32.444+01:00  WARN 59794 --- [Pharmacies] [main] ion$DefaultTemplateResolverConfiguration : Cannot find template location: classpath:/templates/ (please add some templates, check your Thymeleaf configuration, or set spring.thymeleaf.check-template-location=false)
2026-03-28T11:26:32.477+01:00 DEBUG 59794 --- [Pharmacies] [main] .m.m.a.ExceptionHandlerExceptionResolver : ControllerAdvice beans: 1 @ExceptionHandler, 1 ResponseBodyAdvice
2026-03-28T11:26:32.640+01:00  INFO 59794 --- [Pharmacies] [main] c.gestion.invoice.JwtApplicationTests    : Started JwtApplicationTests in 7.179 seconds (process running for 8.074)
2026-03-28T11:26:33.088+01:00 DEBUG 59794 --- [Pharmacies] [SpringApplicationShutdownHook] o.s.w.c.s.GenericWebApplicationContext   : Closing org.springframework.web.context.support.GenericWebApplicationContext@6b530eb9, started on Sat Mar 28 11:26:25 WAT 2026
2026-03-28T11:26:33.096+01:00  INFO 59794 --- [Pharmacies] [SpringApplicationShutdownHook] j.LocalContainerEntityManagerFactoryBean : Closing JPA EntityManagerFactory for persistence unit 'default'
2026-03-28T11:26:33.100+01:00  INFO 59794 --- [Pharmacies] [SpringApplicationShutdownHook] com.zaxxer.hikari.HikariDataSource       : HikariPool-1 - Shutdown initiated...
2026-03-28T11:26:33.107+01:00  INFO 59794 --- [Pharmacies] [SpringApplicationShutdownHook] com.zaxxer.hikari.HikariDataSource       : HikariPool-1 - Shutdown completed.
2026-03-28T11:29:00.181+01:00  INFO 60366 --- [Pharmacies] [main] c.gestion.invoice.JwtApplicationTests    : Starting JwtApplicationTests using Java 17.0.18 with PID 60366 (started by thierry in /home/thierry/Clients/fullstock/gestions/Pharmacies)
2026-03-28T11:29:00.184+01:00  INFO 60366 --- [Pharmacies] [main] c.gestion.invoice.JwtApplicationTests    : No active profile set, falling back to 1 default profile: "default"
2026-03-28T11:29:00.217+01:00 DEBUG 60366 --- [Pharmacies] [main] o.s.w.c.s.GenericWebApplicationContext   : Refreshing org.springframework.web.context.support.GenericWebApplicationContext@6b530eb9
2026-03-28T11:29:00.959+01:00  INFO 60366 --- [Pharmacies] [main] .s.d.r.c.RepositoryConfigurationDelegate : Bootstrapping Spring Data JPA repositories in DEFAULT mode.
2026-03-28T11:29:01.079+01:00  INFO 60366 --- [Pharmacies] [main] .s.d.r.c.RepositoryConfigurationDelegate : Finished Spring Data repository scanning in 107 ms. Found 13 JPA repository interfaces.
2026-03-28T11:29:01.817+01:00  INFO 60366 --- [Pharmacies] [main] o.hibernate.jpa.internal.util.LogHelper  : HHH000204: Processing PersistenceUnitInfo [name: default]
2026-03-28T11:29:01.867+01:00  INFO 60366 --- [Pharmacies] [main] org.hibernate.Version                    : HHH000412: Hibernate ORM core version 6.6.29.Final
2026-03-28T11:29:01.934+01:00  INFO 60366 --- [Pharmacies] [main] o.h.c.internal.RegionFactoryInitiator    : HHH000026: Second-level cache disabled
2026-03-28T11:29:02.241+01:00  INFO 60366 --- [Pharmacies] [main] o.s.o.j.p.SpringPersistenceUnitInfo      : No LoadTimeWeaver setup: ignoring JPA class transformer
2026-03-28T11:29:02.275+01:00  INFO 60366 --- [Pharmacies] [main] com.zaxxer.hikari.HikariDataSource       : HikariPool-1 - Starting...
2026-03-28T11:29:02.434+01:00  INFO 60366 --- [Pharmacies] [main] com.zaxxer.hikari.pool.HikariPool        : HikariPool-1 - Added connection com.mysql.cj.jdbc.ConnectionImpl@bcfe29c
2026-03-28T11:29:02.437+01:00  INFO 60366 --- [Pharmacies] [main] com.zaxxer.hikari.HikariDataSource       : HikariPool-1 - Start completed.
2026-03-28T11:29:02.491+01:00  WARN 60366 --- [Pharmacies] [main] org.hibernate.dialect.Dialect            : HHH000511: The 5.5.5 version for [org.hibernate.dialect.MySQLDialect] is no longer supported, hence certain features may not work properly. The minimum supported version is 8.0.0. Check the community dialects project for available legacy versions.
2026-03-28T11:29:02.512+01:00  INFO 60366 --- [Pharmacies] [main] org.hibernate.orm.connections.pooling    : HHH10001005: Database info:
	Database JDBC URL [Connecting through datasource 'HikariDataSource (HikariPool-1)']
	Database driver: undefined/unknown
	Database version: 5.5.5
	Autocommit mode: undefined/unknown
	Isolation level: undefined/unknown
	Minimum pool size: undefined/unknown
	Maximum pool size: undefined/unknown
2026-03-28T11:29:03.679+01:00  INFO 60366 --- [Pharmacies] [main] o.h.e.t.j.p.i.JtaPlatformInitiator       : HHH000489: No JTA platform available (set 'hibernate.transaction.jta.platform' to enable JTA platform integration)
2026-03-28T11:29:03.814+01:00  INFO 60366 --- [Pharmacies] [main] j.LocalContainerEntityManagerFactoryBean : Initialized JPA EntityManagerFactory for persistence unit 'default'
2026-03-28T11:29:04.213+01:00  INFO 60366 --- [Pharmacies] [main] o.s.d.j.r.query.QueryEnhancerFactory     : Hibernate is in classpath; If applicable, HQL parser will be used.
2026-03-28T11:29:05.950+01:00  INFO 60366 --- [Pharmacies] [main] r$InitializeUserDetailsManagerConfigurer : Global AuthenticationManager configured with UserDetailsService bean with name userDetailsService
2026-03-28T11:29:05.971+01:00  WARN 60366 --- [Pharmacies] [main] JpaBaseConfiguration$JpaWebConfiguration : spring.jpa.open-in-view is enabled by default. Therefore, database queries may be performed during view rendering. Explicitly configure spring.jpa.open-in-view to disable this warning
2026-03-28T11:29:06.093+01:00  INFO 60366 --- [Pharmacies] [main] o.s.b.a.w.s.WelcomePageHandlerMapping    : Adding welcome page: class path resource [static/index.html]
2026-03-28T11:29:06.130+01:00 TRACE 60366 --- [Pharmacies] [main] s.w.s.m.m.a.RequestMappingHandlerMapping : 
	c.g.i.c.CategorieController:
	{POST [/api/v1/categorie/add]}: addCategorie(CategorieProduit)
	{GET [/api/v1/categorie/all]}: allCategories()
	{PUT [/api/v1/categorie/update/{id}]}: updateCategorie(Long,CategorieProduit)
	{DELETE [/api/v1/categorie/delete/{id}]}: deleteCategorie(Long)
2026-03-28T11:29:06.138+01:00 TRACE 60366 --- [Pharmacies] [main] s.w.s.m.m.a.RequestMappingHandlerMapping : 
	c.g.i.c.ClientController:
	{POST [/api/v1/client/add]}: addClient(Client)
	{PUT [/api/v1/client/update/{id}]}: updateClient(Long,Client)
	{DELETE [/api/v1/client/delete/{id}]}: deleteClient(Long)
	{GET [/api/v1/client/all]}: getAllClients()
2026-03-28T11:29:06.140+01:00 TRACE 60366 --- [Pharmacies] [main] s.w.s.m.m.a.RequestMappingHandlerMapping : 
	c.g.i.c.CpteTicketsController:
	{GET [/api/v1/compteurticket]}: generateTk()
2026-03-28T11:29:06.142+01:00 TRACE 60366 --- [Pharmacies] [main] s.w.s.m.m.a.RequestMappingHandlerMapping : 
	c.g.i.c.DetailsVenteController:
	{PUT [/api/v1/detailsticket/update/{id}]}: updateDetailsTicket(Long,DetailsVentes)
	{POST [/api/v1/detailsticket/add]}: addDetailsTicket(DetailsVentes)
	{DELETE [/api/v1/detailsticket/delete/{id}]}: deleteDetailsTicket(Long)
	{PUT [/api/v1/detailsticket/disable/{produitId}/{ticketCode}]}: deleteDetailsTicketByProduit(Long,String)
	{PUT [/api/v1/detailsticket/finaliser/{codeTicket}]}: finaliserTicket(String,FinaliserTicketDTO)
	{GET [/api/v1/detailsticket/all]}: allDetailsTickets()
2026-03-28T11:29:06.147+01:00 TRACE 60366 --- [Pharmacies] [main] s.w.s.m.m.a.RequestMappingHandlerMapping : 
	c.g.i.c.EntreeStockController:
	{GET [/api/v1/entree-stock/search]}: searchEntrees(String,Pageable)
	{POST [/api/v1/entree-stock/add]}: addEntreeStock(EntreeStock)
	{GET [/api/v1/entree-stock/all]}: allEntrees()
	{GET [/api/v1/entree-stock]}: allEntrees(Pageable)
	{PUT [/api/v1/entree-stock/update/{id}]}: updateEntreeStock(Long,EntreeStock)
	{DELETE [/api/v1/entree-stock/delete/{id}]}: deleteEntreeStock(Long)
2026-03-28T11:29:06.152+01:00 TRACE 60366 --- [Pharmacies] [main] s.w.s.m.m.a.RequestMappingHandlerMapping : 
	c.g.i.c.FournisseurController:
	{POST [/api/v1/fournisseur/add]}: addFournisseur(Fournisseur)
	{PUT [/api/v1/fournisseur/update/{id}]}: updateFournisseur(Long,Fournisseur)
	{DELETE [/api/v1/fournisseur/delete/{id}]}: deleteFournisseur(Long)
	{GET [/api/v1/fournisseur/all]}: allFournisseurs()
2026-03-28T11:29:06.155+01:00 TRACE 60366 --- [Pharmacies] [main] s.w.s.m.m.a.RequestMappingHandlerMapping : 
	c.g.i.c.MesVenteController:
	{GET [/api/v1/mesventes/actives]}: getVentesActives(String,Long,String,String,int,int)
	{GET [/api/v1/mesventes/jour/by-phone/{phone}]}: getVentesDuJourByPhone(String)
	{POST [/api/v1/mesventes/annuler/{id}]}: annulerVente(Long)
2026-03-28T11:29:06.158+01:00 TRACE 60366 --- [Pharmacies] [main] s.w.s.m.m.a.RequestMappingHandlerMapping : 
	c.g.i.c.NomProduitController:
	{GET [/api/v1/nomproduit/all]}: allNomProduits()
	{POST [/api/v1/nomproduit/add]}: addNomProduit(NomProduit)
	{PUT [/api/v1/nomproduit/{id}]}: updateNomProduit(Long,NomProduit)
	{DELETE [/api/v1/nomproduit/{id}]}: deleteNomProduit(Long)
	{GET [/api/v1/nomproduit/search]}: searchNomProduit(String)
	{GET [/api/v1/nomproduit/{id}]}: getNomProduit(Long)
2026-03-28T11:29:06.161+01:00 TRACE 60366 --- [Pharmacies] [main] s.w.s.m.m.a.RequestMappingHandlerMapping : 
	c.g.i.c.PresentationController:
	{POST [/api/v1/presentation/add]}: create(Presentation)
	{GET [/api/v1/presentation/all]}: getAll()
	{PUT [/api/v1/presentation/{id}]}: updatePresentation(Long,Presentation)
	{DELETE [/api/v1/presentation/{id}]}: deletePresentation(Long)
2026-03-28T11:29:06.164+01:00 TRACE 60366 --- [Pharmacies] [main] s.w.s.m.m.a.RequestMappingHandlerMapping : 
	c.g.i.c.ProduitController:
	{POST [/api/v1/produit/add]}: addProduit(Produit)
	{PUT [/api/v1/produit/update/{id}]}: updateProduit(Long,Produit)
	{DELETE [/api/v1/produit/delete/{id}]}: deleteProduit(Long)
	{GET [/api/v1/produit/search]}: searchProduits(String,Pageable)
	{GET [/api/v1/produit/all]}: allProduits()
	{GET [/api/v1/produit]}: allProduits(Pageable)
	{GET [/api/v1/produit/stats/{produitId}]}: getProduitStats(Long)
2026-03-28T11:29:06.166+01:00 TRACE 60366 --- [Pharmacies] [main] s.w.s.m.m.a.RequestMappingHandlerMapping : 
	c.g.i.c.RecuPdfController:
	{GET [/api/v1/tickets/{codeTicket}/pdf]}: getOrCreatePdf(String)
	{GET [/api/v1/tickets/recu/all]}: getAllRecus(int,int)
	{DELETE [/api/v1/tickets/recu/{codeTicket}]}: deleteRecu(String)
2026-03-28T11:29:06.169+01:00 TRACE 60366 --- [Pharmacies] [main] s.w.s.m.m.a.RequestMappingHandlerMapping : 
	c.g.i.c.UserController:
	{POST [/api/v1/users/auth/login]}: login(Map,HttpServletRequest)
	{POST [/api/v1/users]}: addUser(AppUser)
	{POST [/api/v1/users/roles]}: addRole(AppRole)
	{PUT [/api/v1/users/{telephone}]}: updateUser(String,AppUser)
	{POST [/api/v1/users/auth/change-password]}: changePassword(Map)
	{GET [/api/v1/users]}: getAllUsers()
	{POST [/api/v1/users/addRoleToUser]}: addRoleToUser(UserToRole)
2026-03-28T11:29:06.172+01:00 TRACE 60366 --- [Pharmacies] [main] s.w.s.m.m.a.RequestMappingHandlerMapping : 
	c.g.i.c.VenteController:
	{PUT [/api/v1/ticket/update/{id}]}: updateTicket(Long,Vente)
	{DELETE [/api/v1/ticket/delete/{id}]}: deleteTicket(Long)
	{POST [/api/v1/ticket/create]}: createTicket(VenteCreateDTO)
	{GET [/api/v1/ticket/all]}: allTickets()
	{GET [/api/v1/ticket]}: allTickets(Pageable)
	{GET [/api/v1/ticket/find/{code}]}: findByCode(String)
2026-03-28T11:29:06.177+01:00 TRACE 60366 --- [Pharmacies] [main] s.w.s.m.m.a.RequestMappingHandlerMapping : 
	o.s.b.a.w.s.e.BasicErrorController:
	{ [/error]}: error(HttpServletRequest)
	{ [/error], produces [text/html]}: errorHtml(HttpServletRequest,HttpServletResponse)
2026-03-28T11:29:06.180+01:00 DEBUG 60366 --- [Pharmacies] [main] s.w.s.m.m.a.RequestMappingHandlerMapping : 63 mappings in 'requestMappingHandlerMapping'
2026-03-28T11:29:06.192+01:00 DEBUG 60366 --- [Pharmacies] [main] o.s.w.s.h.BeanNameUrlHandlerMapping      : Detected 0 mappings in 'beanNameHandlerMapping'
2026-03-28T11:29:06.324+01:00 TRACE 60366 --- [Pharmacies] [main] o.s.w.s.f.support.RouterFunctionMapping  : 0 RouterFunction(s) in 'routerFunctionMapping'
2026-03-28T11:29:06.340+01:00 TRACE 60366 --- [Pharmacies] [main] o.s.w.s.handler.SimpleUrlHandlerMapping  : Mapped [/webjars/**] onto ResourceHttpRequestHandler [classpath [META-INF/resources/webjars/]]
2026-03-28T11:29:06.341+01:00 TRACE 60366 --- [Pharmacies] [main] o.s.w.s.handler.SimpleUrlHandlerMapping  : Mapped [/**] onto ResourceHttpRequestHandler [classpath [META-INF/resources/], classpath [resources/], classpath [static/], classpath [public/], ServletContext [/]]
2026-03-28T11:29:06.342+01:00 DEBUG 60366 --- [Pharmacies] [main] o.s.w.s.handler.SimpleUrlHandlerMapping  : Patterns [/webjars/**, /**] in 'resourceHandlerMapping'
2026-03-28T11:29:06.558+01:00 DEBUG 60366 --- [Pharmacies] [main] s.w.s.m.m.a.RequestMappingHandlerAdapter : ControllerAdvice beans: 0 @ModelAttribute, 0 @InitBinder, 1 RequestBodyAdvice, 1 ResponseBodyAdvice
2026-03-28T11:29:06.609+01:00  WARN 60366 --- [Pharmacies] [main] ion$DefaultTemplateResolverConfiguration : Cannot find template location: classpath:/templates/ (please add some templates, check your Thymeleaf configuration, or set spring.thymeleaf.check-template-location=false)
2026-03-28T11:29:06.641+01:00 DEBUG 60366 --- [Pharmacies] [main] .m.m.a.ExceptionHandlerExceptionResolver : ControllerAdvice beans: 1 @ExceptionHandler, 1 ResponseBodyAdvice
2026-03-28T11:29:06.807+01:00  INFO 60366 --- [Pharmacies] [main] c.gestion.invoice.JwtApplicationTests    : Started JwtApplicationTests in 6.996 seconds (process running for 7.905)
2026-03-28T11:29:07.233+01:00 DEBUG 60366 --- [Pharmacies] [SpringApplicationShutdownHook] o.s.w.c.s.GenericWebApplicationContext   : Closing org.springframework.web.context.support.GenericWebApplicationContext@6b530eb9, started on Sat Mar 28 11:29:00 WAT 2026
2026-03-28T11:29:07.241+01:00  INFO 60366 --- [Pharmacies] [SpringApplicationShutdownHook] j.LocalContainerEntityManagerFactoryBean : Closing JPA EntityManagerFactory for persistence unit 'default'
2026-03-28T11:29:07.244+01:00  INFO 60366 --- [Pharmacies] [SpringApplicationShutdownHook] com.zaxxer.hikari.HikariDataSource       : HikariPool-1 - Shutdown initiated...
2026-03-28T11:29:07.251+01:00  INFO 60366 --- [Pharmacies] [SpringApplicationShutdownHook] com.zaxxer.hikari.HikariDataSource       : HikariPool-1 - Shutdown completed.
2026-03-28T11:33:35.598+01:00  INFO 61201 --- [Pharmacies] [main] c.gestion.invoice.JwtApplicationTests    : Starting JwtApplicationTests using Java 17.0.18 with PID 61201 (started by thierry in /home/thierry/Clients/fullstock/gestions/Pharmacies)
2026-03-28T11:33:35.600+01:00 DEBUG 61201 --- [Pharmacies] [main] c.gestion.invoice.JwtApplicationTests    : Running with Spring Boot v3.5.6, Spring v6.2.11
2026-03-28T11:33:35.601+01:00  INFO 61201 --- [Pharmacies] [main] c.gestion.invoice.JwtApplicationTests    : No active profile set, falling back to 1 default profile: "default"
2026-03-28T11:33:35.635+01:00 DEBUG 61201 --- [Pharmacies] [main] o.s.w.c.s.GenericWebApplicationContext   : Refreshing org.springframework.web.context.support.GenericWebApplicationContext@678040b3
2026-03-28T11:33:36.371+01:00  INFO 61201 --- [Pharmacies] [main] .s.d.r.c.RepositoryConfigurationDelegate : Bootstrapping Spring Data JPA repositories in DEFAULT mode.
2026-03-28T11:33:36.473+01:00  INFO 61201 --- [Pharmacies] [main] .s.d.r.c.RepositoryConfigurationDelegate : Finished Spring Data repository scanning in 78 ms. Found 13 JPA repository interfaces.
2026-03-28T11:33:37.012+01:00  INFO 61201 --- [Pharmacies] [main] o.hibernate.jpa.internal.util.LogHelper  : HHH000204: Processing PersistenceUnitInfo [name: default]
2026-03-28T11:33:37.062+01:00  INFO 61201 --- [Pharmacies] [main] org.hibernate.Version                    : HHH000412: Hibernate ORM core version 6.6.29.Final
2026-03-28T11:33:37.101+01:00  INFO 61201 --- [Pharmacies] [main] o.h.c.internal.RegionFactoryInitiator    : HHH000026: Second-level cache disabled
2026-03-28T11:33:37.400+01:00  INFO 61201 --- [Pharmacies] [main] o.s.o.j.p.SpringPersistenceUnitInfo      : No LoadTimeWeaver setup: ignoring JPA class transformer
2026-03-28T11:33:37.436+01:00  INFO 61201 --- [Pharmacies] [main] com.zaxxer.hikari.HikariDataSource       : HikariPool-1 - Starting...
2026-03-28T11:33:37.629+01:00  INFO 61201 --- [Pharmacies] [main] com.zaxxer.hikari.pool.HikariPool        : HikariPool-1 - Added connection com.mysql.cj.jdbc.ConnectionImpl@351d93bd
2026-03-28T11:33:37.632+01:00  INFO 61201 --- [Pharmacies] [main] com.zaxxer.hikari.HikariDataSource       : HikariPool-1 - Start completed.
2026-03-28T11:33:37.706+01:00  WARN 61201 --- [Pharmacies] [main] org.hibernate.dialect.Dialect            : HHH000511: The 5.5.5 version for [org.hibernate.dialect.MySQLDialect] is no longer supported, hence certain features may not work properly. The minimum supported version is 8.0.0. Check the community dialects project for available legacy versions.
2026-03-28T11:33:37.744+01:00  INFO 61201 --- [Pharmacies] [main] org.hibernate.orm.connections.pooling    : HHH10001005: Database info:
	Database JDBC URL [Connecting through datasource 'HikariDataSource (HikariPool-1)']
	Database driver: undefined/unknown
	Database version: 5.5.5
	Autocommit mode: undefined/unknown
	Isolation level: undefined/unknown
	Minimum pool size: undefined/unknown
	Maximum pool size: undefined/unknown
2026-03-28T11:33:38.946+01:00  INFO 61201 --- [Pharmacies] [main] o.h.e.t.j.p.i.JtaPlatformInitiator       : HHH000489: No JTA platform available (set 'hibernate.transaction.jta.platform' to enable JTA platform integration)
2026-03-28T11:33:39.088+01:00  INFO 61201 --- [Pharmacies] [main] j.LocalContainerEntityManagerFactoryBean : Initialized JPA EntityManagerFactory for persistence unit 'default'
2026-03-28T11:33:39.483+01:00  INFO 61201 --- [Pharmacies] [main] o.s.d.j.r.query.QueryEnhancerFactory     : Hibernate is in classpath; If applicable, HQL parser will be used.
2026-03-28T11:33:41.194+01:00  INFO 61201 --- [Pharmacies] [main] r$InitializeUserDetailsManagerConfigurer : Global AuthenticationManager configured with UserDetailsService bean with name userDetailsService
2026-03-28T11:33:41.215+01:00  WARN 61201 --- [Pharmacies] [main] JpaBaseConfiguration$JpaWebConfiguration : spring.jpa.open-in-view is enabled by default. Therefore, database queries may be performed during view rendering. Explicitly configure spring.jpa.open-in-view to disable this warning
2026-03-28T11:33:41.336+01:00  INFO 61201 --- [Pharmacies] [main] o.s.b.a.w.s.WelcomePageHandlerMapping    : Adding welcome page: class path resource [static/index.html]
2026-03-28T11:33:41.369+01:00 TRACE 61201 --- [Pharmacies] [main] s.w.s.m.m.a.RequestMappingHandlerMapping : 
	c.g.i.c.CategorieController:
	{POST [/api/v1/categorie/add]}: addCategorie(CategorieProduit)
	{GET [/api/v1/categorie/all]}: allCategories()
	{PUT [/api/v1/categorie/update/{id}]}: updateCategorie(Long,CategorieProduit)
	{DELETE [/api/v1/categorie/delete/{id}]}: deleteCategorie(Long)
2026-03-28T11:33:41.378+01:00 TRACE 61201 --- [Pharmacies] [main] s.w.s.m.m.a.RequestMappingHandlerMapping : 
	c.g.i.c.ClientController:
	{POST [/api/v1/client/add]}: addClient(Client)
	{PUT [/api/v1/client/update/{id}]}: updateClient(Long,Client)
	{DELETE [/api/v1/client/delete/{id}]}: deleteClient(Long)
	{GET [/api/v1/client/all]}: getAllClients()
2026-03-28T11:33:41.379+01:00 TRACE 61201 --- [Pharmacies] [main] s.w.s.m.m.a.RequestMappingHandlerMapping : 
	c.g.i.c.CpteTicketsController:
	{GET [/api/v1/compteurticket]}: generateTk()
2026-03-28T11:33:41.382+01:00 TRACE 61201 --- [Pharmacies] [main] s.w.s.m.m.a.RequestMappingHandlerMapping : 
	c.g.i.c.DetailsVenteController:
	{PUT [/api/v1/detailsticket/update/{id}]}: updateDetailsTicket(Long,DetailsVentes)
	{POST [/api/v1/detailsticket/add]}: addDetailsTicket(DetailsVentes)
	{DELETE [/api/v1/detailsticket/delete/{id}]}: deleteDetailsTicket(Long)
	{PUT [/api/v1/detailsticket/disable/{produitId}/{ticketCode}]}: deleteDetailsTicketByProduit(Long,String)
	{PUT [/api/v1/detailsticket/finaliser/{codeTicket}]}: finaliserTicket(String,FinaliserTicketDTO)
	{GET [/api/v1/detailsticket/all]}: allDetailsTickets()
2026-03-28T11:33:41.386+01:00 TRACE 61201 --- [Pharmacies] [main] s.w.s.m.m.a.RequestMappingHandlerMapping : 
	c.g.i.c.EntreeStockController:
	{GET [/api/v1/entree-stock/search]}: searchEntrees(String,Pageable)
	{POST [/api/v1/entree-stock/add]}: addEntreeStock(EntreeStock)
	{GET [/api/v1/entree-stock/all]}: allEntrees()
	{GET [/api/v1/entree-stock]}: allEntrees(Pageable)
	{PUT [/api/v1/entree-stock/update/{id}]}: updateEntreeStock(Long,EntreeStock)
	{DELETE [/api/v1/entree-stock/delete/{id}]}: deleteEntreeStock(Long)
2026-03-28T11:33:41.391+01:00 TRACE 61201 --- [Pharmacies] [main] s.w.s.m.m.a.RequestMappingHandlerMapping : 
	c.g.i.c.FournisseurController:
	{PUT [/api/v1/fournisseur/update/{id}]}: updateFournisseur(Long,Fournisseur)
	{POST [/api/v1/fournisseur/add]}: addFournisseur(Fournisseur)
	{DELETE [/api/v1/fournisseur/delete/{id}]}: deleteFournisseur(Long)
	{GET [/api/v1/fournisseur/all]}: allFournisseurs()
2026-03-28T11:33:41.394+01:00 TRACE 61201 --- [Pharmacies] [main] s.w.s.m.m.a.RequestMappingHandlerMapping : 
	c.g.i.c.MesVenteController:
	{GET [/api/v1/mesventes/jour/by-phone/{phone}]}: getVentesDuJourByPhone(String)
	{POST [/api/v1/mesventes/annuler/{id}]}: annulerVente(Long)
	{GET [/api/v1/mesventes/actives]}: getVentesActives(String,Long,String,String,int,int)
2026-03-28T11:33:41.398+01:00 TRACE 61201 --- [Pharmacies] [main] s.w.s.m.m.a.RequestMappingHandlerMapping : 
	c.g.i.c.NomProduitController:
	{GET [/api/v1/nomproduit/all]}: allNomProduits()
	{POST [/api/v1/nomproduit/add]}: addNomProduit(NomProduit)
	{PUT [/api/v1/nomproduit/{id}]}: updateNomProduit(Long,NomProduit)
	{DELETE [/api/v1/nomproduit/{id}]}: deleteNomProduit(Long)
	{GET [/api/v1/nomproduit/search]}: searchNomProduit(String)
	{GET [/api/v1/nomproduit/{id}]}: getNomProduit(Long)
2026-03-28T11:33:41.402+01:00 TRACE 61201 --- [Pharmacies] [main] s.w.s.m.m.a.RequestMappingHandlerMapping : 
	c.g.i.c.PresentationController:
	{POST [/api/v1/presentation/add]}: create(Presentation)
	{GET [/api/v1/presentation/all]}: getAll()
	{PUT [/api/v1/presentation/{id}]}: updatePresentation(Long,Presentation)
	{DELETE [/api/v1/presentation/{id}]}: deletePresentation(Long)
2026-03-28T11:33:41.404+01:00 TRACE 61201 --- [Pharmacies] [main] s.w.s.m.m.a.RequestMappingHandlerMapping : 
	c.g.i.c.ProduitController:
	{POST [/api/v1/produit/add]}: addProduit(Produit)
	{PUT [/api/v1/produit/update/{id}]}: updateProduit(Long,Produit)
	{DELETE [/api/v1/produit/delete/{id}]}: deleteProduit(Long)
	{GET [/api/v1/produit/search]}: searchProduits(String,Pageable)
	{GET [/api/v1/produit/all]}: allProduits()
	{GET [/api/v1/produit]}: allProduits(Pageable)
	{GET [/api/v1/produit/stats/{produitId}]}: getProduitStats(Long)
2026-03-28T11:33:41.407+01:00 TRACE 61201 --- [Pharmacies] [main] s.w.s.m.m.a.RequestMappingHandlerMapping : 
	c.g.i.c.RecuPdfController:
	{GET [/api/v1/tickets/{codeTicket}/pdf]}: getOrCreatePdf(String)
	{GET [/api/v1/tickets/recu/all]}: getAllRecus(int,int)
	{DELETE [/api/v1/tickets/recu/{codeTicket}]}: deleteRecu(String)
2026-03-28T11:33:41.409+01:00 TRACE 61201 --- [Pharmacies] [main] s.w.s.m.m.a.RequestMappingHandlerMapping : 
	c.g.i.c.UserController:
	{POST [/api/v1/users/auth/login]}: login(Map,HttpServletRequest)
	{POST [/api/v1/users]}: addUser(AppUser)
	{POST [/api/v1/users/roles]}: addRole(AppRole)
	{PUT [/api/v1/users/{telephone}]}: updateUser(String,AppUser)
	{POST [/api/v1/users/auth/change-password]}: changePassword(Map)
	{GET [/api/v1/users]}: getAllUsers()
	{POST [/api/v1/users/addRoleToUser]}: addRoleToUser(UserToRole)
2026-03-28T11:33:41.412+01:00 TRACE 61201 --- [Pharmacies] [main] s.w.s.m.m.a.RequestMappingHandlerMapping : 
	c.g.i.c.VenteController:
	{PUT [/api/v1/ticket/update/{id}]}: updateTicket(Long,Vente)
	{DELETE [/api/v1/ticket/delete/{id}]}: deleteTicket(Long)
	{POST [/api/v1/ticket/create]}: createTicket(VenteCreateDTO)
	{GET [/api/v1/ticket/all]}: allTickets()
	{GET [/api/v1/ticket]}: allTickets(Pageable)
	{GET [/api/v1/ticket/find/{code}]}: findByCode(String)
2026-03-28T11:33:41.417+01:00 TRACE 61201 --- [Pharmacies] [main] s.w.s.m.m.a.RequestMappingHandlerMapping : 
	o.s.b.a.w.s.e.BasicErrorController:
	{ [/error]}: error(HttpServletRequest)
	{ [/error], produces [text/html]}: errorHtml(HttpServletRequest,HttpServletResponse)
2026-03-28T11:33:41.420+01:00 DEBUG 61201 --- [Pharmacies] [main] s.w.s.m.m.a.RequestMappingHandlerMapping : 63 mappings in 'requestMappingHandlerMapping'
2026-03-28T11:33:41.439+01:00 DEBUG 61201 --- [Pharmacies] [main] o.s.w.s.h.BeanNameUrlHandlerMapping      : Detected 0 mappings in 'beanNameHandlerMapping'
2026-03-28T11:33:41.568+01:00 TRACE 61201 --- [Pharmacies] [main] o.s.w.s.f.support.RouterFunctionMapping  : 0 RouterFunction(s) in 'routerFunctionMapping'
2026-03-28T11:33:41.587+01:00 TRACE 61201 --- [Pharmacies] [main] o.s.w.s.handler.SimpleUrlHandlerMapping  : Mapped [/webjars/**] onto ResourceHttpRequestHandler [classpath [META-INF/resources/webjars/]]
2026-03-28T11:33:41.588+01:00 TRACE 61201 --- [Pharmacies] [main] o.s.w.s.handler.SimpleUrlHandlerMapping  : Mapped [/**] onto ResourceHttpRequestHandler [classpath [META-INF/resources/], classpath [resources/], classpath [static/], classpath [public/], ServletContext [/]]
2026-03-28T11:33:41.589+01:00 DEBUG 61201 --- [Pharmacies] [main] o.s.w.s.handler.SimpleUrlHandlerMapping  : Patterns [/webjars/**, /**] in 'resourceHandlerMapping'
2026-03-28T11:33:41.770+01:00 DEBUG 61201 --- [Pharmacies] [main] s.w.s.m.m.a.RequestMappingHandlerAdapter : ControllerAdvice beans: 0 @ModelAttribute, 0 @InitBinder, 1 RequestBodyAdvice, 1 ResponseBodyAdvice
2026-03-28T11:33:41.813+01:00  WARN 61201 --- [Pharmacies] [main] ion$DefaultTemplateResolverConfiguration : Cannot find template location: classpath:/templates/ (please add some templates, check your Thymeleaf configuration, or set spring.thymeleaf.check-template-location=false)
2026-03-28T11:33:41.843+01:00 DEBUG 61201 --- [Pharmacies] [main] .m.m.a.ExceptionHandlerExceptionResolver : ControllerAdvice beans: 1 @ExceptionHandler, 1 ResponseBodyAdvice
2026-03-28T11:33:42.025+01:00  INFO 61201 --- [Pharmacies] [main] c.gestion.invoice.JwtApplicationTests    : Started JwtApplicationTests in 6.762 seconds (process running for 7.648)
2026-03-28T11:33:42.480+01:00 DEBUG 61201 --- [Pharmacies] [SpringApplicationShutdownHook] o.s.w.c.s.GenericWebApplicationContext   : Closing org.springframework.web.context.support.GenericWebApplicationContext@678040b3, started on Sat Mar 28 11:33:35 WAT 2026
2026-03-28T11:33:42.490+01:00  INFO 61201 --- [Pharmacies] [SpringApplicationShutdownHook] j.LocalContainerEntityManagerFactoryBean : Closing JPA EntityManagerFactory for persistence unit 'default'
2026-03-28T11:33:42.493+01:00  INFO 61201 --- [Pharmacies] [SpringApplicationShutdownHook] com.zaxxer.hikari.HikariDataSource       : HikariPool-1 - Shutdown initiated...
2026-03-28T11:33:42.500+01:00  INFO 61201 --- [Pharmacies] [SpringApplicationShutdownHook] com.zaxxer.hikari.HikariDataSource       : HikariPool-1 - Shutdown completed.
2026-03-28T11:41:33.860+01:00  INFO 62106 --- [Pharmacies] [main] c.gestion.invoice.JwtApplicationTests    : Starting JwtApplicationTests using Java 17.0.18 with PID 62106 (started by thierry in /home/thierry/Clients/fullstock/gestions/Pharmacies)
2026-03-28T11:41:33.861+01:00 DEBUG 62106 --- [Pharmacies] [main] c.gestion.invoice.JwtApplicationTests    : Running with Spring Boot v3.5.6, Spring v6.2.11
2026-03-28T11:41:33.862+01:00  INFO 62106 --- [Pharmacies] [main] c.gestion.invoice.JwtApplicationTests    : No active profile set, falling back to 1 default profile: "default"
2026-03-28T11:41:33.894+01:00 DEBUG 62106 --- [Pharmacies] [main] o.s.w.c.s.GenericWebApplicationContext   : Refreshing org.springframework.web.context.support.GenericWebApplicationContext@678040b3
2026-03-28T11:41:34.555+01:00  INFO 62106 --- [Pharmacies] [main] .s.d.r.c.RepositoryConfigurationDelegate : Bootstrapping Spring Data JPA repositories in DEFAULT mode.
2026-03-28T11:41:34.669+01:00  INFO 62106 --- [Pharmacies] [main] .s.d.r.c.RepositoryConfigurationDelegate : Finished Spring Data repository scanning in 103 ms. Found 13 JPA repository interfaces.
2026-03-28T11:41:35.171+01:00  INFO 62106 --- [Pharmacies] [main] o.hibernate.jpa.internal.util.LogHelper  : HHH000204: Processing PersistenceUnitInfo [name: default]
2026-03-28T11:41:35.208+01:00  INFO 62106 --- [Pharmacies] [main] org.hibernate.Version                    : HHH000412: Hibernate ORM core version 6.6.29.Final
2026-03-28T11:41:35.254+01:00  INFO 62106 --- [Pharmacies] [main] o.h.c.internal.RegionFactoryInitiator    : HHH000026: Second-level cache disabled
2026-03-28T11:41:35.492+01:00  INFO 62106 --- [Pharmacies] [main] o.s.o.j.p.SpringPersistenceUnitInfo      : No LoadTimeWeaver setup: ignoring JPA class transformer
2026-03-28T11:41:35.517+01:00  INFO 62106 --- [Pharmacies] [main] com.zaxxer.hikari.HikariDataSource       : HikariPool-1 - Starting...
2026-03-28T11:41:35.668+01:00  INFO 62106 --- [Pharmacies] [main] com.zaxxer.hikari.pool.HikariPool        : HikariPool-1 - Added connection com.mysql.cj.jdbc.ConnectionImpl@bcfe29c
2026-03-28T11:41:35.670+01:00  INFO 62106 --- [Pharmacies] [main] com.zaxxer.hikari.HikariDataSource       : HikariPool-1 - Start completed.
2026-03-28T11:41:35.721+01:00  WARN 62106 --- [Pharmacies] [main] org.hibernate.dialect.Dialect            : HHH000511: The 5.5.5 version for [org.hibernate.dialect.MySQLDialect] is no longer supported, hence certain features may not work properly. The minimum supported version is 8.0.0. Check the community dialects project for available legacy versions.
2026-03-28T11:41:35.744+01:00  INFO 62106 --- [Pharmacies] [main] org.hibernate.orm.connections.pooling    : HHH10001005: Database info:
	Database JDBC URL [Connecting through datasource 'HikariDataSource (HikariPool-1)']
	Database driver: undefined/unknown
	Database version: 5.5.5
	Autocommit mode: undefined/unknown
	Isolation level: undefined/unknown
	Minimum pool size: undefined/unknown
	Maximum pool size: undefined/unknown
2026-03-28T11:41:36.850+01:00  INFO 62106 --- [Pharmacies] [main] o.h.e.t.j.p.i.JtaPlatformInitiator       : HHH000489: No JTA platform available (set 'hibernate.transaction.jta.platform' to enable JTA platform integration)
2026-03-28T11:41:36.960+01:00  INFO 62106 --- [Pharmacies] [main] j.LocalContainerEntityManagerFactoryBean : Initialized JPA EntityManagerFactory for persistence unit 'default'
2026-03-28T11:41:37.314+01:00  INFO 62106 --- [Pharmacies] [main] o.s.d.j.r.query.QueryEnhancerFactory     : Hibernate is in classpath; If applicable, HQL parser will be used.
2026-03-28T11:41:38.815+01:00  INFO 62106 --- [Pharmacies] [main] r$InitializeUserDetailsManagerConfigurer : Global AuthenticationManager configured with UserDetailsService bean with name userDetailsService
2026-03-28T11:41:38.835+01:00  WARN 62106 --- [Pharmacies] [main] JpaBaseConfiguration$JpaWebConfiguration : spring.jpa.open-in-view is enabled by default. Therefore, database queries may be performed during view rendering. Explicitly configure spring.jpa.open-in-view to disable this warning
2026-03-28T11:41:38.947+01:00  INFO 62106 --- [Pharmacies] [main] o.s.b.a.w.s.WelcomePageHandlerMapping    : Adding welcome page: class path resource [static/index.html]
2026-03-28T11:41:38.980+01:00 TRACE 62106 --- [Pharmacies] [main] s.w.s.m.m.a.RequestMappingHandlerMapping : 
	c.g.i.c.CategorieController:
	{GET [/api/v1/categorie/all]}: allCategories()
	{PUT [/api/v1/categorie/update/{id}]}: updateCategorie(Long,CategorieProduit)
	{DELETE [/api/v1/categorie/delete/{id}]}: deleteCategorie(Long)
	{POST [/api/v1/categorie/add]}: addCategorie(CategorieProduit)
2026-03-28T11:41:38.988+01:00 TRACE 62106 --- [Pharmacies] [main] s.w.s.m.m.a.RequestMappingHandlerMapping : 
	c.g.i.c.ClientController:
	{POST [/api/v1/client/add]}: addClient(Client)
	{PUT [/api/v1/client/update/{id}]}: updateClient(Long,Client)
	{DELETE [/api/v1/client/delete/{id}]}: deleteClient(Long)
	{GET [/api/v1/client/all]}: getAllClients()
2026-03-28T11:41:38.989+01:00 TRACE 62106 --- [Pharmacies] [main] s.w.s.m.m.a.RequestMappingHandlerMapping : 
	c.g.i.c.CpteTicketsController:
	{GET [/api/v1/compteurticket]}: generateTk()
2026-03-28T11:41:38.991+01:00 TRACE 62106 --- [Pharmacies] [main] s.w.s.m.m.a.RequestMappingHandlerMapping : 
	c.g.i.c.DetailsVenteController:
	{PUT [/api/v1/detailsticket/update/{id}]}: updateDetailsTicket(Long,DetailsVentes)
	{POST [/api/v1/detailsticket/add]}: addDetailsTicket(DetailsVentes)
	{DELETE [/api/v1/detailsticket/delete/{id}]}: deleteDetailsTicket(Long)
	{PUT [/api/v1/detailsticket/disable/{produitId}/{ticketCode}]}: deleteDetailsTicketByProduit(Long,String)
	{PUT [/api/v1/detailsticket/finaliser/{codeTicket}]}: finaliserTicket(String,FinaliserTicketDTO)
	{GET [/api/v1/detailsticket/all]}: allDetailsTickets()
2026-03-28T11:41:38.993+01:00 TRACE 62106 --- [Pharmacies] [main] s.w.s.m.m.a.RequestMappingHandlerMapping : 
	c.g.i.c.EntreeStockController:
	{GET [/api/v1/entree-stock/search]}: searchEntrees(String,Pageable)
	{POST [/api/v1/entree-stock/add]}: addEntreeStock(EntreeStock)
	{GET [/api/v1/entree-stock/all]}: allEntrees()
	{GET [/api/v1/entree-stock]}: allEntrees(Pageable)
	{PUT [/api/v1/entree-stock/update/{id}]}: updateEntreeStock(Long,EntreeStock)
	{DELETE [/api/v1/entree-stock/delete/{id}]}: deleteEntreeStock(Long)
2026-03-28T11:41:38.998+01:00 TRACE 62106 --- [Pharmacies] [main] s.w.s.m.m.a.RequestMappingHandlerMapping : 
	c.g.i.c.FournisseurController:
	{POST [/api/v1/fournisseur/add]}: addFournisseur(Fournisseur)
	{PUT [/api/v1/fournisseur/update/{id}]}: updateFournisseur(Long,Fournisseur)
	{DELETE [/api/v1/fournisseur/delete/{id}]}: deleteFournisseur(Long)
	{GET [/api/v1/fournisseur/all]}: allFournisseurs()
2026-03-28T11:41:38.999+01:00 TRACE 62106 --- [Pharmacies] [main] s.w.s.m.m.a.RequestMappingHandlerMapping : 
	c.g.i.c.MesVenteController:
	{GET [/api/v1/mesventes/actives]}: getVentesActives(String,Long,String,String,int,int)
	{GET [/api/v1/mesventes/jour/by-phone/{phone}]}: getVentesDuJourByPhone(String)
	{POST [/api/v1/mesventes/annuler/{id}]}: annulerVente(Long)
2026-03-28T11:41:39.002+01:00 TRACE 62106 --- [Pharmacies] [main] s.w.s.m.m.a.RequestMappingHandlerMapping : 
	c.g.i.c.NomProduitController:
	{GET [/api/v1/nomproduit/all]}: allNomProduits()
	{POST [/api/v1/nomproduit/add]}: addNomProduit(NomProduit)
	{PUT [/api/v1/nomproduit/{id}]}: updateNomProduit(Long,NomProduit)
	{DELETE [/api/v1/nomproduit/{id}]}: deleteNomProduit(Long)
	{GET [/api/v1/nomproduit/search]}: searchNomProduit(String)
	{GET [/api/v1/nomproduit/{id}]}: getNomProduit(Long)
2026-03-28T11:41:39.004+01:00 TRACE 62106 --- [Pharmacies] [main] s.w.s.m.m.a.RequestMappingHandlerMapping : 
	c.g.i.c.PresentationController:
	{POST [/api/v1/presentation/add]}: create(Presentation)
	{GET [/api/v1/presentation/all]}: getAll()
	{PUT [/api/v1/presentation/{id}]}: updatePresentation(Long,Presentation)
	{DELETE [/api/v1/presentation/{id}]}: deletePresentation(Long)
2026-03-28T11:41:39.006+01:00 TRACE 62106 --- [Pharmacies] [main] s.w.s.m.m.a.RequestMappingHandlerMapping : 
	c.g.i.c.ProduitController:
	{POST [/api/v1/produit/add]}: addProduit(Produit)
	{PUT [/api/v1/produit/update/{id}]}: updateProduit(Long,Produit)
	{DELETE [/api/v1/produit/delete/{id}]}: deleteProduit(Long)
	{GET [/api/v1/produit/search]}: searchProduits(String,Pageable)
	{GET [/api/v1/produit/all]}: allProduits()
	{GET [/api/v1/produit]}: allProduits(Pageable)
	{GET [/api/v1/produit/stats/{produitId}]}: getProduitStats(Long)
2026-03-28T11:41:39.007+01:00 TRACE 62106 --- [Pharmacies] [main] s.w.s.m.m.a.RequestMappingHandlerMapping : 
	c.g.i.c.RecuPdfController:
	{GET [/api/v1/tickets/{codeTicket}/pdf]}: getOrCreatePdf(String)
	{GET [/api/v1/tickets/recu/all]}: getAllRecus(int,int)
	{DELETE [/api/v1/tickets/recu/{codeTicket}]}: deleteRecu(String)
2026-03-28T11:41:39.009+01:00 TRACE 62106 --- [Pharmacies] [main] s.w.s.m.m.a.RequestMappingHandlerMapping : 
	c.g.i.c.UserController:
	{POST [/api/v1/users/auth/login]}: login(Map,HttpServletRequest)
	{POST [/api/v1/users]}: addUser(AppUser)
	{POST [/api/v1/users/roles]}: addRole(AppRole)
	{PUT [/api/v1/users/{telephone}]}: updateUser(String,AppUser)
	{POST [/api/v1/users/auth/change-password]}: changePassword(Map)
	{GET [/api/v1/users]}: getAllUsers()
	{POST [/api/v1/users/addRoleToUser]}: addRoleToUser(UserToRole)
2026-03-28T11:41:39.011+01:00 TRACE 62106 --- [Pharmacies] [main] s.w.s.m.m.a.RequestMappingHandlerMapping : 
	c.g.i.c.VenteController:
	{PUT [/api/v1/ticket/update/{id}]}: updateTicket(Long,Vente)
	{DELETE [/api/v1/ticket/delete/{id}]}: deleteTicket(Long)
	{POST [/api/v1/ticket/create]}: createTicket(VenteCreateDTO)
	{GET [/api/v1/ticket/all]}: allTickets()
	{GET [/api/v1/ticket]}: allTickets(Pageable)
	{GET [/api/v1/ticket/find/{code}]}: findByCode(String)
2026-03-28T11:41:39.016+01:00 TRACE 62106 --- [Pharmacies] [main] s.w.s.m.m.a.RequestMappingHandlerMapping : 
	o.s.b.a.w.s.e.BasicErrorController:
	{ [/error]}: error(HttpServletRequest)
	{ [/error], produces [text/html]}: errorHtml(HttpServletRequest,HttpServletResponse)
2026-03-28T11:41:39.019+01:00 DEBUG 62106 --- [Pharmacies] [main] s.w.s.m.m.a.RequestMappingHandlerMapping : 63 mappings in 'requestMappingHandlerMapping'
2026-03-28T11:41:39.034+01:00 DEBUG 62106 --- [Pharmacies] [main] o.s.w.s.h.BeanNameUrlHandlerMapping      : Detected 0 mappings in 'beanNameHandlerMapping'
2026-03-28T11:41:39.138+01:00 TRACE 62106 --- [Pharmacies] [main] o.s.w.s.f.support.RouterFunctionMapping  : 0 RouterFunction(s) in 'routerFunctionMapping'
2026-03-28T11:41:39.152+01:00 TRACE 62106 --- [Pharmacies] [main] o.s.w.s.handler.SimpleUrlHandlerMapping  : Mapped [/webjars/**] onto ResourceHttpRequestHandler [classpath [META-INF/resources/webjars/]]
2026-03-28T11:41:39.152+01:00 TRACE 62106 --- [Pharmacies] [main] o.s.w.s.handler.SimpleUrlHandlerMapping  : Mapped [/**] onto ResourceHttpRequestHandler [classpath [META-INF/resources/], classpath [resources/], classpath [static/], classpath [public/], ServletContext [/]]
2026-03-28T11:41:39.152+01:00 DEBUG 62106 --- [Pharmacies] [main] o.s.w.s.handler.SimpleUrlHandlerMapping  : Patterns [/webjars/**, /**] in 'resourceHandlerMapping'
2026-03-28T11:41:39.333+01:00 DEBUG 62106 --- [Pharmacies] [main] s.w.s.m.m.a.RequestMappingHandlerAdapter : ControllerAdvice beans: 0 @ModelAttribute, 0 @InitBinder, 1 RequestBodyAdvice, 1 ResponseBodyAdvice
2026-03-28T11:41:39.375+01:00  WARN 62106 --- [Pharmacies] [main] ion$DefaultTemplateResolverConfiguration : Cannot find template location: classpath:/templates/ (please add some templates, check your Thymeleaf configuration, or set spring.thymeleaf.check-template-location=false)
2026-03-28T11:41:39.413+01:00 DEBUG 62106 --- [Pharmacies] [main] .m.m.a.ExceptionHandlerExceptionResolver : ControllerAdvice beans: 1 @ExceptionHandler, 1 ResponseBodyAdvice
2026-03-28T11:41:39.562+01:00  INFO 62106 --- [Pharmacies] [main] c.gestion.invoice.JwtApplicationTests    : Started JwtApplicationTests in 6.042 seconds (process running for 6.931)
2026-03-28T11:41:39.936+01:00 DEBUG 62106 --- [Pharmacies] [SpringApplicationShutdownHook] o.s.w.c.s.GenericWebApplicationContext   : Closing org.springframework.web.context.support.GenericWebApplicationContext@678040b3, started on Sat Mar 28 11:41:33 WAT 2026
2026-03-28T11:41:39.945+01:00  INFO 62106 --- [Pharmacies] [SpringApplicationShutdownHook] j.LocalContainerEntityManagerFactoryBean : Closing JPA EntityManagerFactory for persistence unit 'default'
2026-03-28T11:41:39.948+01:00  INFO 62106 --- [Pharmacies] [SpringApplicationShutdownHook] com.zaxxer.hikari.HikariDataSource       : HikariPool-1 - Shutdown initiated...
2026-03-28T11:41:39.954+01:00  INFO 62106 --- [Pharmacies] [SpringApplicationShutdownHook] com.zaxxer.hikari.HikariDataSource       : HikariPool-1 - Shutdown completed.
2026-03-28T20:37:03.756+01:00  INFO 39725 --- [Pharmacies] [restartedMain] c.gestion.invoice.PharmaciesApplication  : Starting PharmaciesApplication using Java 17.0.18 with PID 39725 (/home/thierry/Clients/fullstock/gestions/Pharmacies/target/classes started by thierry in /home/thierry/Clients/fullstock/gestions/Pharmacies)
2026-03-28T20:37:03.761+01:00 DEBUG 39725 --- [Pharmacies] [restartedMain] c.gestion.invoice.PharmaciesApplication  : Running with Spring Boot v3.5.6, Spring v6.2.11
2026-03-28T20:37:03.763+01:00  INFO 39725 --- [Pharmacies] [restartedMain] c.gestion.invoice.PharmaciesApplication  : No active profile set, falling back to 1 default profile: "default"
2026-03-28T20:37:03.879+01:00  INFO 39725 --- [Pharmacies] [restartedMain] .e.DevToolsPropertyDefaultsPostProcessor : Devtools property defaults active! Set 'spring.devtools.add-properties' to 'false' to disable
2026-03-28T20:37:03.880+01:00  INFO 39725 --- [Pharmacies] [restartedMain] .e.DevToolsPropertyDefaultsPostProcessor : For additional web related logging consider setting the 'logging.level.web' property to 'DEBUG'
2026-03-28T20:37:05.399+01:00  INFO 39725 --- [Pharmacies] [restartedMain] .s.d.r.c.RepositoryConfigurationDelegate : Bootstrapping Spring Data JPA repositories in DEFAULT mode.
2026-03-28T20:37:05.564+01:00  INFO 39725 --- [Pharmacies] [restartedMain] .s.d.r.c.RepositoryConfigurationDelegate : Finished Spring Data repository scanning in 150 ms. Found 13 JPA repository interfaces.
2026-03-28T20:37:06.914+01:00  INFO 39725 --- [Pharmacies] [restartedMain] o.s.b.w.embedded.tomcat.TomcatWebServer  : Tomcat initialized with port 8080 (http)
2026-03-28T20:37:06.940+01:00  INFO 39725 --- [Pharmacies] [restartedMain] o.apache.catalina.core.StandardService   : Starting service [Tomcat]
2026-03-28T20:37:06.942+01:00  INFO 39725 --- [Pharmacies] [restartedMain] o.apache.catalina.core.StandardEngine    : Starting Servlet engine: [Apache Tomcat/10.1.46]
2026-03-28T20:37:07.014+01:00  INFO 39725 --- [Pharmacies] [restartedMain] o.a.c.c.C.[Tomcat].[localhost].[/]       : Initializing Spring embedded WebApplicationContext
2026-03-28T20:37:07.015+01:00  INFO 39725 --- [Pharmacies] [restartedMain] w.s.c.ServletWebServerApplicationContext : Root WebApplicationContext: initialization completed in 3134 ms
2026-03-28T20:37:07.471+01:00  INFO 39725 --- [Pharmacies] [restartedMain] o.hibernate.jpa.internal.util.LogHelper  : HHH000204: Processing PersistenceUnitInfo [name: default]
2026-03-28T20:37:07.579+01:00  INFO 39725 --- [Pharmacies] [restartedMain] org.hibernate.Version                    : HHH000412: Hibernate ORM core version 6.6.29.Final
2026-03-28T20:37:07.646+01:00  INFO 39725 --- [Pharmacies] [restartedMain] o.h.c.internal.RegionFactoryInitiator    : HHH000026: Second-level cache disabled
2026-03-28T20:37:08.187+01:00  INFO 39725 --- [Pharmacies] [restartedMain] o.s.o.j.p.SpringPersistenceUnitInfo      : No LoadTimeWeaver setup: ignoring JPA class transformer
2026-03-28T20:37:08.245+01:00  INFO 39725 --- [Pharmacies] [restartedMain] com.zaxxer.hikari.HikariDataSource       : HikariPool-1 - Starting...
2026-03-28T20:37:08.561+01:00  INFO 39725 --- [Pharmacies] [restartedMain] com.zaxxer.hikari.pool.HikariPool        : HikariPool-1 - Added connection com.mysql.cj.jdbc.ConnectionImpl@2d4a2d09
2026-03-28T20:37:08.565+01:00  INFO 39725 --- [Pharmacies] [restartedMain] com.zaxxer.hikari.HikariDataSource       : HikariPool-1 - Start completed.
2026-03-28T20:37:08.667+01:00  WARN 39725 --- [Pharmacies] [restartedMain] org.hibernate.dialect.Dialect            : HHH000511: The 5.5.5 version for [org.hibernate.dialect.MySQLDialect] is no longer supported, hence certain features may not work properly. The minimum supported version is 8.0.0. Check the community dialects project for available legacy versions.
2026-03-28T20:37:08.707+01:00  INFO 39725 --- [Pharmacies] [restartedMain] org.hibernate.orm.connections.pooling    : HHH10001005: Database info:
	Database JDBC URL [Connecting through datasource 'HikariDataSource (HikariPool-1)']
	Database driver: undefined/unknown
	Database version: 5.5.5
	Autocommit mode: undefined/unknown
	Isolation level: undefined/unknown
	Minimum pool size: undefined/unknown
	Maximum pool size: undefined/unknown
2026-03-28T20:37:10.731+01:00  INFO 39725 --- [Pharmacies] [restartedMain] o.h.e.t.j.p.i.JtaPlatformInitiator       : HHH000489: No JTA platform available (set 'hibernate.transaction.jta.platform' to enable JTA platform integration)
2026-03-28T20:37:10.986+01:00  INFO 39725 --- [Pharmacies] [restartedMain] j.LocalContainerEntityManagerFactoryBean : Initialized JPA EntityManagerFactory for persistence unit 'default'
2026-03-28T20:37:11.688+01:00  INFO 39725 --- [Pharmacies] [restartedMain] o.s.d.j.r.query.QueryEnhancerFactory     : Hibernate is in classpath; If applicable, HQL parser will be used.
2026-03-28T20:37:14.751+01:00  INFO 39725 --- [Pharmacies] [restartedMain] r$InitializeUserDetailsManagerConfigurer : Global AuthenticationManager configured with UserDetailsService bean with name userDetailsService
2026-03-28T20:37:14.786+01:00  WARN 39725 --- [Pharmacies] [restartedMain] JpaBaseConfiguration$JpaWebConfiguration : spring.jpa.open-in-view is enabled by default. Therefore, database queries may be performed during view rendering. Explicitly configure spring.jpa.open-in-view to disable this warning
2026-03-28T20:37:15.013+01:00  INFO 39725 --- [Pharmacies] [restartedMain] o.s.b.a.w.s.WelcomePageHandlerMapping    : Adding welcome page: class path resource [static/index.html]
2026-03-28T20:37:15.085+01:00 TRACE 39725 --- [Pharmacies] [restartedMain] s.w.s.m.m.a.RequestMappingHandlerMapping : 
	c.g.i.c.CategorieController:
	{POST [/api/v1/categorie/add]}: addCategorie(CategorieProduit)
	{GET [/api/v1/categorie/all]}: allCategories()
	{PUT [/api/v1/categorie/update/{id}]}: updateCategorie(Long,CategorieProduit)
	{DELETE [/api/v1/categorie/delete/{id}]}: deleteCategorie(Long)
2026-03-28T20:37:15.098+01:00 TRACE 39725 --- [Pharmacies] [restartedMain] s.w.s.m.m.a.RequestMappingHandlerMapping : 
	c.g.i.c.ClientController:
	{POST [/api/v1/client/add]}: addClient(Client)
	{PUT [/api/v1/client/update/{id}]}: updateClient(Long,Client)
	{DELETE [/api/v1/client/delete/{id}]}: deleteClient(Long)
	{GET [/api/v1/client/all]}: getAllClients()
2026-03-28T20:37:15.101+01:00 TRACE 39725 --- [Pharmacies] [restartedMain] s.w.s.m.m.a.RequestMappingHandlerMapping : 
	c.g.i.c.CpteTicketsController:
	{GET [/api/v1/compteurticket]}: generateTk()
2026-03-28T20:37:15.104+01:00 TRACE 39725 --- [Pharmacies] [restartedMain] s.w.s.m.m.a.RequestMappingHandlerMapping : 
	c.g.i.c.DetailsVenteController:
	{PUT [/api/v1/detailsticket/update/{id}]}: updateDetailsTicket(Long,DetailsVentes)
	{POST [/api/v1/detailsticket/add]}: addDetailsTicket(DetailsVentes)
	{DELETE [/api/v1/detailsticket/delete/{id}]}: deleteDetailsTicket(Long)
	{PUT [/api/v1/detailsticket/disable/{produitId}/{ticketCode}]}: deleteDetailsTicketByProduit(Long,String)
	{PUT [/api/v1/detailsticket/finaliser/{codeTicket}]}: finaliserTicket(String,FinaliserTicketDTO)
	{GET [/api/v1/detailsticket/all]}: allDetailsTickets()
2026-03-28T20:37:15.110+01:00 TRACE 39725 --- [Pharmacies] [restartedMain] s.w.s.m.m.a.RequestMappingHandlerMapping : 
	c.g.i.c.EntreeStockController:
	{GET [/api/v1/entree-stock/search]}: searchEntrees(String,Pageable)
	{POST [/api/v1/entree-stock/add]}: addEntreeStock(EntreeStock)
	{GET [/api/v1/entree-stock/all]}: allEntrees()
	{GET [/api/v1/entree-stock]}: allEntrees(Pageable)
	{PUT [/api/v1/entree-stock/update/{id}]}: updateEntreeStock(Long,EntreeStock)
	{DELETE [/api/v1/entree-stock/delete/{id}]}: deleteEntreeStock(Long)
2026-03-28T20:37:15.118+01:00 TRACE 39725 --- [Pharmacies] [restartedMain] s.w.s.m.m.a.RequestMappingHandlerMapping : 
	c.g.i.c.FournisseurController:
	{POST [/api/v1/fournisseur/add]}: addFournisseur(Fournisseur)
	{PUT [/api/v1/fournisseur/update/{id}]}: updateFournisseur(Long,Fournisseur)
	{DELETE [/api/v1/fournisseur/delete/{id}]}: deleteFournisseur(Long)
	{GET [/api/v1/fournisseur/all]}: allFournisseurs()
2026-03-28T20:37:15.122+01:00 TRACE 39725 --- [Pharmacies] [restartedMain] s.w.s.m.m.a.RequestMappingHandlerMapping : 
	c.g.i.c.MesVenteController:
	{GET [/api/v1/mesventes/actives]}: getVentesActives(String,Long,String,String,int,int)
	{GET [/api/v1/mesventes/jour/by-phone/{phone}]}: getVentesDuJourByPhone(String)
	{POST [/api/v1/mesventes/annuler/{id}]}: annulerVente(Long)
2026-03-28T20:37:15.127+01:00 TRACE 39725 --- [Pharmacies] [restartedMain] s.w.s.m.m.a.RequestMappingHandlerMapping : 
	c.g.i.c.NomProduitController:
	{GET [/api/v1/nomproduit/all]}: allNomProduits()
	{POST [/api/v1/nomproduit/add]}: addNomProduit(NomProduit)
	{PUT [/api/v1/nomproduit/{id}]}: updateNomProduit(Long,NomProduit)
	{DELETE [/api/v1/nomproduit/{id}]}: deleteNomProduit(Long)
	{GET [/api/v1/nomproduit/search]}: searchNomProduit(String)
	{GET [/api/v1/nomproduit/{id}]}: getNomProduit(Long)
2026-03-28T20:37:15.131+01:00 TRACE 39725 --- [Pharmacies] [restartedMain] s.w.s.m.m.a.RequestMappingHandlerMapping : 
	c.g.i.c.PresentationController:
	{PUT [/api/v1/presentation/{id}]}: updatePresentation(Long,Presentation)
	{DELETE [/api/v1/presentation/{id}]}: deletePresentation(Long)
	{POST [/api/v1/presentation/add]}: create(Presentation)
	{GET [/api/v1/presentation/all]}: getAll()
2026-03-28T20:37:15.135+01:00 TRACE 39725 --- [Pharmacies] [restartedMain] s.w.s.m.m.a.RequestMappingHandlerMapping : 
	c.g.i.c.ProduitController:
	{POST [/api/v1/produit/add]}: addProduit(Produit)
	{PUT [/api/v1/produit/update/{id}]}: updateProduit(Long,Produit)
	{DELETE [/api/v1/produit/delete/{id}]}: deleteProduit(Long)
	{GET [/api/v1/produit/search]}: searchProduits(String,Pageable)
	{GET [/api/v1/produit]}: allProduits(Pageable)
	{GET [/api/v1/produit/all]}: allProduits()
	{GET [/api/v1/produit/stats/{produitId}]}: getProduitStats(Long)
2026-03-28T20:37:15.139+01:00 TRACE 39725 --- [Pharmacies] [restartedMain] s.w.s.m.m.a.RequestMappingHandlerMapping : 
	c.g.i.c.RecuPdfController:
	{GET [/api/v1/tickets/{codeTicket}/pdf]}: getOrCreatePdf(String)
	{GET [/api/v1/tickets/recu/all]}: getAllRecus(int,int)
	{DELETE [/api/v1/tickets/recu/{codeTicket}]}: deleteRecu(String)
2026-03-28T20:37:15.143+01:00 TRACE 39725 --- [Pharmacies] [restartedMain] s.w.s.m.m.a.RequestMappingHandlerMapping : 
	c.g.i.c.UserController:
	{POST [/api/v1/users/auth/login]}: login(Map,HttpServletRequest)
	{POST [/api/v1/users]}: addUser(AppUser)
	{POST [/api/v1/users/roles]}: addRole(AppRole)
	{PUT [/api/v1/users/{telephone}]}: updateUser(String,AppUser)
	{POST [/api/v1/users/auth/change-password]}: changePassword(Map)
	{GET [/api/v1/users]}: getAllUsers()
	{POST [/api/v1/users/addRoleToUser]}: addRoleToUser(UserToRole)
2026-03-28T20:37:15.147+01:00 TRACE 39725 --- [Pharmacies] [restartedMain] s.w.s.m.m.a.RequestMappingHandlerMapping : 
	c.g.i.c.VenteController:
	{PUT [/api/v1/ticket/update/{id}]}: updateTicket(Long,Vente)
	{DELETE [/api/v1/ticket/delete/{id}]}: deleteTicket(Long)
	{POST [/api/v1/ticket/create]}: createTicket(VenteCreateDTO)
	{GET [/api/v1/ticket]}: allTickets(Pageable)
	{GET [/api/v1/ticket/all]}: allTickets()
	{GET [/api/v1/ticket/find/{code}]}: findByCode(String)
2026-03-28T20:37:15.155+01:00 TRACE 39725 --- [Pharmacies] [restartedMain] s.w.s.m.m.a.RequestMappingHandlerMapping : 
	o.s.b.a.w.s.e.BasicErrorController:
	{ [/error], produces [text/html]}: errorHtml(HttpServletRequest,HttpServletResponse)
	{ [/error]}: error(HttpServletRequest)
2026-03-28T20:37:15.159+01:00 DEBUG 39725 --- [Pharmacies] [restartedMain] s.w.s.m.m.a.RequestMappingHandlerMapping : 63 mappings in 'requestMappingHandlerMapping'
2026-03-28T20:37:15.189+01:00 DEBUG 39725 --- [Pharmacies] [restartedMain] o.s.w.s.h.BeanNameUrlHandlerMapping      : Detected 0 mappings in 'beanNameHandlerMapping'
2026-03-28T20:37:15.378+01:00 TRACE 39725 --- [Pharmacies] [restartedMain] o.s.w.s.f.support.RouterFunctionMapping  : 0 RouterFunction(s) in 'routerFunctionMapping'
2026-03-28T20:37:15.419+01:00 TRACE 39725 --- [Pharmacies] [restartedMain] o.s.w.s.handler.SimpleUrlHandlerMapping  : Mapped [/webjars/**] onto ResourceHttpRequestHandler [classpath [META-INF/resources/webjars/]]
2026-03-28T20:37:15.420+01:00 TRACE 39725 --- [Pharmacies] [restartedMain] o.s.w.s.handler.SimpleUrlHandlerMapping  : Mapped [/**] onto ResourceHttpRequestHandler [classpath [META-INF/resources/], classpath [resources/], classpath [static/], classpath [public/], ServletContext [/]]
2026-03-28T20:37:15.421+01:00 DEBUG 39725 --- [Pharmacies] [restartedMain] o.s.w.s.handler.SimpleUrlHandlerMapping  : Patterns [/webjars/**, /**] in 'resourceHandlerMapping'
2026-03-28T20:37:15.680+01:00 DEBUG 39725 --- [Pharmacies] [restartedMain] s.w.s.m.m.a.RequestMappingHandlerAdapter : ControllerAdvice beans: 0 @ModelAttribute, 0 @InitBinder, 1 RequestBodyAdvice, 1 ResponseBodyAdvice
2026-03-28T20:37:15.769+01:00  WARN 39725 --- [Pharmacies] [restartedMain] ion$DefaultTemplateResolverConfiguration : Cannot find template location: classpath:/templates/ (please add some templates, check your Thymeleaf configuration, or set spring.thymeleaf.check-template-location=false)
2026-03-28T20:37:15.828+01:00 DEBUG 39725 --- [Pharmacies] [restartedMain] .m.m.a.ExceptionHandlerExceptionResolver : ControllerAdvice beans: 1 @ExceptionHandler, 1 ResponseBodyAdvice
2026-03-28T20:37:16.095+01:00  INFO 39725 --- [Pharmacies] [restartedMain] o.s.b.d.a.OptionalLiveReloadServer       : LiveReload server is running on port 35729
2026-03-28T20:37:16.140+01:00  INFO 39725 --- [Pharmacies] [restartedMain] o.s.b.w.embedded.tomcat.TomcatWebServer  : Tomcat started on port 8080 (http) with context path '/'
2026-03-28T20:37:16.159+01:00  INFO 39725 --- [Pharmacies] [restartedMain] c.gestion.invoice.PharmaciesApplication  : Started PharmaciesApplication in 13.73 seconds (process running for 14.963)
2026-03-28T20:39:29.953+01:00  INFO 39725 --- [Pharmacies] [http-nio-8080-exec-1] o.a.c.c.C.[Tomcat].[localhost].[/]       : Initializing Spring DispatcherServlet 'dispatcherServlet'
2026-03-28T20:39:29.954+01:00  INFO 39725 --- [Pharmacies] [http-nio-8080-exec-1] o.s.web.servlet.DispatcherServlet        : Initializing Servlet 'dispatcherServlet'
2026-03-28T20:39:29.955+01:00 TRACE 39725 --- [Pharmacies] [http-nio-8080-exec-1] o.s.web.servlet.DispatcherServlet        : Detected org.springframework.web.multipart.support.StandardServletMultipartResolver@1529bfc3
2026-03-28T20:39:29.956+01:00 TRACE 39725 --- [Pharmacies] [http-nio-8080-exec-1] o.s.web.servlet.DispatcherServlet        : Detected org.springframework.web.servlet.i18n.AcceptHeaderLocaleResolver@41efb885
2026-03-28T20:39:29.956+01:00 TRACE 39725 --- [Pharmacies] [http-nio-8080-exec-1] o.s.web.servlet.DispatcherServlet        : Detected org.springframework.web.servlet.theme.FixedThemeResolver@721d4166
2026-03-28T20:39:29.958+01:00 TRACE 39725 --- [Pharmacies] [http-nio-8080-exec-1] o.s.web.servlet.DispatcherServlet        : Detected DefaultRequestToViewNameTranslator
2026-03-28T20:39:29.959+01:00 TRACE 39725 --- [Pharmacies] [http-nio-8080-exec-1] o.s.web.servlet.DispatcherServlet        : Detected SessionFlashMapManager
2026-03-28T20:39:29.960+01:00 DEBUG 39725 --- [Pharmacies] [http-nio-8080-exec-1] o.s.web.servlet.DispatcherServlet        : enableLoggingRequestDetails='false': request parameters and headers will be masked to prevent unsafe logging of potentially sensitive data
2026-03-28T20:39:29.960+01:00  INFO 39725 --- [Pharmacies] [http-nio-8080-exec-1] o.s.web.servlet.DispatcherServlet        : Completed initialization in 5 ms
2026-03-28T20:39:30.007+01:00 TRACE 39725 --- [Pharmacies] [http-nio-8080-exec-1] o.s.web.servlet.DispatcherServlet        : GET "/", parameters={}, headers={masked} in DispatcherServlet 'dispatcherServlet'
2026-03-28T20:39:30.026+01:00 TRACE 39725 --- [Pharmacies] [http-nio-8080-exec-1] o.s.w.s.m.ParameterizableViewController  : Applying default cacheSeconds=-1
2026-03-28T20:39:30.040+01:00 DEBUG 39725 --- [Pharmacies] [http-nio-8080-exec-1] o.s.w.s.v.ContentNegotiatingViewResolver : Selected 'text/html' given [text/html, application/xhtml+xml, application/xml;q=0.9, */*;q=0.8]
2026-03-28T20:39:30.041+01:00 TRACE 39725 --- [Pharmacies] [http-nio-8080-exec-1] o.s.web.servlet.DispatcherServlet        : Rendering view [org.springframework.web.servlet.view.InternalResourceView: [InternalResourceView]; URL [index.html]] 
2026-03-28T20:39:30.042+01:00 DEBUG 39725 --- [Pharmacies] [http-nio-8080-exec-1] o.s.w.servlet.view.InternalResourceView  : View [InternalResourceView], model {}
2026-03-28T20:39:30.048+01:00 DEBUG 39725 --- [Pharmacies] [http-nio-8080-exec-1] o.s.w.servlet.view.InternalResourceView  : Forwarding to [index.html]
2026-03-28T20:39:30.059+01:00 TRACE 39725 --- [Pharmacies] [http-nio-8080-exec-1] o.s.web.servlet.DispatcherServlet        : "FORWARD" dispatch for GET "/index.html", parameters={}, headers={masked} in DispatcherServlet 'dispatcherServlet'
2026-03-28T20:39:30.062+01:00 TRACE 39725 --- [Pharmacies] [http-nio-8080-exec-1] o.s.w.s.handler.SimpleUrlHandlerMapping  : Mapped to HandlerExecutionChain with [ResourceHttpRequestHandler [classpath [META-INF/resources/], classpath [resources/], classpath [static/], classpath [public/], ServletContext [/]]] and 4 interceptors
2026-03-28T20:39:30.063+01:00 TRACE 39725 --- [Pharmacies] [http-nio-8080-exec-1] o.s.w.s.r.ResourceHttpRequestHandler     : Applying default cacheSeconds=0
2026-03-28T20:39:30.075+01:00 TRACE 39725 --- [Pharmacies] [http-nio-8080-exec-1] o.s.web.servlet.DispatcherServlet        : No view rendering, null ModelAndView returned.
2026-03-28T20:39:30.080+01:00 DEBUG 39725 --- [Pharmacies] [http-nio-8080-exec-1] o.s.web.servlet.DispatcherServlet        : Exiting from "FORWARD" dispatch, status 200, headers={masked}
2026-03-28T20:39:30.084+01:00 DEBUG 39725 --- [Pharmacies] [http-nio-8080-exec-1] o.s.web.servlet.DispatcherServlet        : Completed 200 OK, headers={masked}
2026-03-28T20:39:30.126+01:00 TRACE 39725 --- [Pharmacies] [http-nio-8080-exec-2] o.s.web.servlet.DispatcherServlet        : GET "/assets/index-C_BdsTCC.js", parameters={}, headers={masked} in DispatcherServlet 'dispatcherServlet'
2026-03-28T20:39:30.128+01:00 TRACE 39725 --- [Pharmacies] [http-nio-8080-exec-3] o.s.web.servlet.DispatcherServlet        : GET "/assets/index-CW89cIXk.css", parameters={}, headers={masked} in DispatcherServlet 'dispatcherServlet'
2026-03-28T20:39:30.128+01:00 TRACE 39725 --- [Pharmacies] [http-nio-8080-exec-2] o.s.w.s.handler.SimpleUrlHandlerMapping  : Mapped to HandlerExecutionChain with [ResourceHttpRequestHandler [classpath [META-INF/resources/], classpath [resources/], classpath [static/], classpath [public/], ServletContext [/]]] and 4 interceptors
2026-03-28T20:39:30.130+01:00 TRACE 39725 --- [Pharmacies] [http-nio-8080-exec-3] o.s.w.s.handler.SimpleUrlHandlerMapping  : Mapped to HandlerExecutionChain with [ResourceHttpRequestHandler [classpath [META-INF/resources/], classpath [resources/], classpath [static/], classpath [public/], ServletContext [/]]] and 4 interceptors
2026-03-28T20:39:30.130+01:00 TRACE 39725 --- [Pharmacies] [http-nio-8080-exec-2] o.s.w.s.r.ResourceHttpRequestHandler     : Applying default cacheSeconds=0
2026-03-28T20:39:30.132+01:00 TRACE 39725 --- [Pharmacies] [http-nio-8080-exec-3] o.s.w.s.r.ResourceHttpRequestHandler     : Applying default cacheSeconds=0
2026-03-28T20:39:30.136+01:00 TRACE 39725 --- [Pharmacies] [http-nio-8080-exec-3] o.s.web.servlet.DispatcherServlet        : No view rendering, null ModelAndView returned.
2026-03-28T20:39:30.137+01:00 TRACE 39725 --- [Pharmacies] [http-nio-8080-exec-2] o.s.web.servlet.DispatcherServlet        : No view rendering, null ModelAndView returned.
2026-03-28T20:39:30.137+01:00 DEBUG 39725 --- [Pharmacies] [http-nio-8080-exec-3] o.s.web.servlet.DispatcherServlet        : Completed 200 OK, headers={masked}
2026-03-28T20:39:30.138+01:00 DEBUG 39725 --- [Pharmacies] [http-nio-8080-exec-2] o.s.web.servlet.DispatcherServlet        : Completed 200 OK, headers={masked}
2026-03-28T20:39:30.294+01:00 TRACE 39725 --- [Pharmacies] [http-nio-8080-exec-4] o.s.web.servlet.DispatcherServlet        : GET "/assets/fa-solid-900-CTAAxXor.woff2", parameters={}, headers={masked} in DispatcherServlet 'dispatcherServlet'
2026-03-28T20:39:30.297+01:00 TRACE 39725 --- [Pharmacies] [http-nio-8080-exec-4] o.s.w.s.handler.SimpleUrlHandlerMapping  : Mapped to HandlerExecutionChain with [ResourceHttpRequestHandler [classpath [META-INF/resources/], classpath [resources/], classpath [static/], classpath [public/], ServletContext [/]]] and 4 interceptors
2026-03-28T20:39:30.299+01:00 TRACE 39725 --- [Pharmacies] [http-nio-8080-exec-4] o.s.w.s.r.ResourceHttpRequestHandler     : Applying default cacheSeconds=0
2026-03-28T20:39:30.313+01:00 TRACE 39725 --- [Pharmacies] [http-nio-8080-exec-4] o.s.web.servlet.DispatcherServlet        : No view rendering, null ModelAndView returned.
2026-03-28T20:39:30.317+01:00 DEBUG 39725 --- [Pharmacies] [http-nio-8080-exec-4] o.s.web.servlet.DispatcherServlet        : Completed 200 OK, headers={masked}
2026-03-28T20:39:30.328+01:00 TRACE 39725 --- [Pharmacies] [http-nio-8080-exec-5] o.s.web.servlet.DispatcherServlet        : GET "/vite.svg", parameters={}, headers={masked} in DispatcherServlet 'dispatcherServlet'
2026-03-28T20:39:30.331+01:00 TRACE 39725 --- [Pharmacies] [http-nio-8080-exec-5] o.s.w.s.handler.SimpleUrlHandlerMapping  : Mapped to HandlerExecutionChain with [ResourceHttpRequestHandler [classpath [META-INF/resources/], classpath [resources/], classpath [static/], classpath [public/], ServletContext [/]]] and 4 interceptors
2026-03-28T20:39:30.333+01:00 TRACE 39725 --- [Pharmacies] [http-nio-8080-exec-5] o.s.w.s.r.ResourceHttpRequestHandler     : Applying default cacheSeconds=0
2026-03-28T20:39:30.335+01:00 TRACE 39725 --- [Pharmacies] [http-nio-8080-exec-5] o.s.web.servlet.DispatcherServlet        : No view rendering, null ModelAndView returned.
2026-03-28T20:39:30.336+01:00 DEBUG 39725 --- [Pharmacies] [http-nio-8080-exec-5] o.s.web.servlet.DispatcherServlet        : Completed 200 OK, headers={masked}
2026-03-28T20:39:30.349+01:00 TRACE 39725 --- [Pharmacies] [http-nio-8080-exec-6] o.s.web.servlet.DispatcherServlet        : GET "/images/clients-bg.jpg", parameters={}, headers={masked} in DispatcherServlet 'dispatcherServlet'
2026-03-28T20:39:30.351+01:00 TRACE 39725 --- [Pharmacies] [http-nio-8080-exec-7] o.s.web.servlet.DispatcherServlet        : GET "/images/fournisseurs-bg.jpg", parameters={}, headers={masked} in DispatcherServlet 'dispatcherServlet'
2026-03-28T20:39:30.351+01:00 TRACE 39725 --- [Pharmacies] [http-nio-8080-exec-6] o.s.w.s.handler.SimpleUrlHandlerMapping  : Mapped to HandlerExecutionChain with [ResourceHttpRequestHandler [classpath [META-INF/resources/], classpath [resources/], classpath [static/], classpath [public/], ServletContext [/]]] and 4 interceptors
2026-03-28T20:39:30.353+01:00 TRACE 39725 --- [Pharmacies] [http-nio-8080-exec-7] o.s.w.s.handler.SimpleUrlHandlerMapping  : Mapped to HandlerExecutionChain with [ResourceHttpRequestHandler [classpath [META-INF/resources/], classpath [resources/], classpath [static/], classpath [public/], ServletContext [/]]] and 4 interceptors
2026-03-28T20:39:30.353+01:00 TRACE 39725 --- [Pharmacies] [http-nio-8080-exec-6] o.s.w.s.r.ResourceHttpRequestHandler     : Applying default cacheSeconds=0
2026-03-28T20:39:30.354+01:00 TRACE 39725 --- [Pharmacies] [http-nio-8080-exec-7] o.s.w.s.r.ResourceHttpRequestHandler     : Applying default cacheSeconds=0
2026-03-28T20:39:30.355+01:00 TRACE 39725 --- [Pharmacies] [http-nio-8080-exec-6] o.s.web.servlet.DispatcherServlet        : No view rendering, null ModelAndView returned.
2026-03-28T20:39:30.356+01:00 TRACE 39725 --- [Pharmacies] [http-nio-8080-exec-7] o.s.web.servlet.DispatcherServlet        : No view rendering, null ModelAndView returned.
2026-03-28T20:39:30.357+01:00 DEBUG 39725 --- [Pharmacies] [http-nio-8080-exec-6] o.s.web.servlet.DispatcherServlet        : Completed 200 OK, headers={masked}
2026-03-28T20:39:30.357+01:00 DEBUG 39725 --- [Pharmacies] [http-nio-8080-exec-7] o.s.web.servlet.DispatcherServlet        : Completed 200 OK, headers={masked}
2026-03-28T20:39:30.359+01:00 TRACE 39725 --- [Pharmacies] [http-nio-8080-exec-9] o.s.web.servlet.DispatcherServlet        : GET "/images/categories-bg.jpg", parameters={}, headers={masked} in DispatcherServlet 'dispatcherServlet'
2026-03-28T20:39:30.361+01:00 TRACE 39725 --- [Pharmacies] [http-nio-8080-exec-1] o.s.web.servlet.DispatcherServlet        : GET "/images/tickets-bg.jpg", parameters={}, headers={masked} in DispatcherServlet 'dispatcherServlet'
2026-03-28T20:39:30.362+01:00 TRACE 39725 --- [Pharmacies] [http-nio-8080-exec-8] o.s.web.servlet.DispatcherServlet        : GET "/images/produits-bg.jpg", parameters={}, headers={masked} in DispatcherServlet 'dispatcherServlet'
2026-03-28T20:39:30.363+01:00 TRACE 39725 --- [Pharmacies] [http-nio-8080-exec-9] o.s.w.s.handler.SimpleUrlHandlerMapping  : Mapped to HandlerExecutionChain with [ResourceHttpRequestHandler [classpath [META-INF/resources/], classpath [resources/], classpath [static/], classpath [public/], ServletContext [/]]] and 4 interceptors
2026-03-28T20:39:30.364+01:00 TRACE 39725 --- [Pharmacies] [http-nio-8080-exec-1] o.s.w.s.handler.SimpleUrlHandlerMapping  : Mapped to HandlerExecutionChain with [ResourceHttpRequestHandler [classpath [META-INF/resources/], classpath [resources/], classpath [static/], classpath [public/], ServletContext [/]]] and 4 interceptors
2026-03-28T20:39:30.364+01:00 TRACE 39725 --- [Pharmacies] [http-nio-8080-exec-9] o.s.w.s.r.ResourceHttpRequestHandler     : Applying default cacheSeconds=0
2026-03-28T20:39:30.365+01:00 TRACE 39725 --- [Pharmacies] [http-nio-8080-exec-1] o.s.w.s.r.ResourceHttpRequestHandler     : Applying default cacheSeconds=0
2026-03-28T20:39:30.367+01:00 TRACE 39725 --- [Pharmacies] [http-nio-8080-exec-9] o.s.web.servlet.DispatcherServlet        : No view rendering, null ModelAndView returned.
2026-03-28T20:39:30.367+01:00 TRACE 39725 --- [Pharmacies] [http-nio-8080-exec-1] o.s.web.servlet.DispatcherServlet        : No view rendering, null ModelAndView returned.
2026-03-28T20:39:30.365+01:00 TRACE 39725 --- [Pharmacies] [http-nio-8080-exec-10] o.s.web.servlet.DispatcherServlet        : GET "/images/presentations-bg.jpg", parameters={}, headers={masked} in DispatcherServlet 'dispatcherServlet'
2026-03-28T20:39:30.368+01:00 DEBUG 39725 --- [Pharmacies] [http-nio-8080-exec-9] o.s.web.servlet.DispatcherServlet        : Completed 200 OK, headers={masked}
2026-03-28T20:39:30.368+01:00 DEBUG 39725 --- [Pharmacies] [http-nio-8080-exec-1] o.s.web.servlet.DispatcherServlet        : Completed 200 OK, headers={masked}
2026-03-28T20:39:30.370+01:00 TRACE 39725 --- [Pharmacies] [http-nio-8080-exec-8] o.s.w.s.handler.SimpleUrlHandlerMapping  : Mapped to HandlerExecutionChain with [ResourceHttpRequestHandler [classpath [META-INF/resources/], classpath [resources/], classpath [static/], classpath [public/], ServletContext [/]]] and 4 interceptors
2026-03-28T20:39:30.371+01:00 TRACE 39725 --- [Pharmacies] [http-nio-8080-exec-8] o.s.w.s.r.ResourceHttpRequestHandler     : Applying default cacheSeconds=0
2026-03-28T20:39:30.373+01:00 TRACE 39725 --- [Pharmacies] [http-nio-8080-exec-10] o.s.w.s.handler.SimpleUrlHandlerMapping  : Mapped to HandlerExecutionChain with [ResourceHttpRequestHandler [classpath [META-INF/resources/], classpath [resources/], classpath [static/], classpath [public/], ServletContext [/]]] and 4 interceptors
2026-03-28T20:39:30.375+01:00 TRACE 39725 --- [Pharmacies] [http-nio-8080-exec-10] o.s.w.s.r.ResourceHttpRequestHandler     : Applying default cacheSeconds=0
2026-03-28T20:39:30.375+01:00 TRACE 39725 --- [Pharmacies] [http-nio-8080-exec-8] o.s.web.servlet.DispatcherServlet        : No view rendering, null ModelAndView returned.
2026-03-28T20:39:30.376+01:00 DEBUG 39725 --- [Pharmacies] [http-nio-8080-exec-8] o.s.web.servlet.DispatcherServlet        : Completed 200 OK, headers={masked}
2026-03-28T20:39:30.377+01:00 TRACE 39725 --- [Pharmacies] [http-nio-8080-exec-10] o.s.web.servlet.DispatcherServlet        : No view rendering, null ModelAndView returned.
2026-03-28T20:39:30.378+01:00 DEBUG 39725 --- [Pharmacies] [http-nio-8080-exec-10] o.s.web.servlet.DispatcherServlet        : Completed 200 OK, headers={masked}
2026-03-28T20:39:39.654+01:00 TRACE 39725 --- [Pharmacies] [http-nio-8080-exec-2] o.s.web.servlet.DispatcherServlet        : GET "/api/v1/users", parameters={}, headers={masked} in DispatcherServlet 'dispatcherServlet'
2026-03-28T20:39:39.655+01:00 TRACE 39725 --- [Pharmacies] [http-nio-8080-exec-2] s.w.s.m.m.a.RequestMappingHandlerMapping : Mapped to com.gestion.invoice.controller.UserController#getAllUsers()
2026-03-28T20:39:39.655+01:00 TRACE 39725 --- [Pharmacies] [http-nio-8080-exec-3] o.s.web.servlet.DispatcherServlet        : GET "/api/v1/mesventes/actives?page=0&size=50", parameters={masked}, headers={masked} in DispatcherServlet 'dispatcherServlet'
2026-03-28T20:39:39.656+01:00 TRACE 39725 --- [Pharmacies] [http-nio-8080-exec-3] s.w.s.m.m.a.RequestMappingHandlerMapping : Mapped to com.gestion.invoice.controller.MesVenteController#getVentesActives(String, Long, String, String, int, int)
2026-03-28T20:39:39.802+01:00 DEBUG 39725 --- [Pharmacies] [http-nio-8080-exec-2] org.hibernate.SQL                        : 
    select
        au1_0.id,
        au1_0.nom,
        au1_0.password,
        au1_0.prenoms,
        au1_0.telephone 
    from
        users au1_0
2026-03-28T20:39:39.802+01:00 DEBUG 39725 --- [Pharmacies] [http-nio-8080-exec-3] org.hibernate.SQL                        : 
    select
        v1_0.id,
        v1_0.benefice,
        v1_0.client_id,
        v1_0.code_ticket,
        v1_0.create_at,
        v1_0.created_by_id,
        v1_0.date_vente,
        v1_0.etat,
        v1_0.payer,
        v1_0.remis,
        v1_0.remise,
        v1_0.rendue,
        v1_0.statut,
        v1_0.total,
        v1_0.tva,
        v1_0.updated_at 
    from
        vente v1_0 
    join
        client c1_0 
            on c1_0.id=v1_0.client_id 
    where
        v1_0.etat=1 
        and v1_0.statut=1 
        and (
            ? is null 
            or c1_0.nom like replace(?, '\\', '\\\\')
        ) 
        and (
            ? is null 
            or v1_0.created_by_id=?
        ) 
        and (
            ? is null 
            or v1_0.date_vente>=?
        ) 
        and (
            ? is null 
            or v1_0.date_vente<=?
        ) 
    order by
        v1_0.date_vente desc 
    limit
        ?
2026-03-28T20:39:39.854+01:00 DEBUG 39725 --- [Pharmacies] [http-nio-8080-exec-3] org.hibernate.SQL                        : 
    select
        c1_0.id,
        c1_0.adresse,
        c1_0.create_at,
        c1_0.created_by_id,
        c1_0.etat,
        c1_0.nom,
        c1_0.telephone 
    from
        client c1_0 
    where
        c1_0.id=?
2026-03-28T20:39:39.873+01:00 DEBUG 39725 --- [Pharmacies] [http-nio-8080-exec-3] org.hibernate.SQL                        : 
    select
        c1_0.id,
        c1_0.adresse,
        c1_0.create_at,
        c1_0.created_by_id,
        c1_0.etat,
        c1_0.nom,
        c1_0.telephone 
    from
        client c1_0 
    where
        c1_0.id=?
2026-03-28T20:39:39.877+01:00 DEBUG 39725 --- [Pharmacies] [http-nio-8080-exec-2] org.hibernate.SQL                        : 
    select
        a1_0.app_user_id,
        a1_1.id,
        a1_1.role_name 
    from
        users_approles a1_0 
    join
        roles a1_1 
            on a1_1.id=a1_0.approles_id 
    where
        a1_0.app_user_id=?
2026-03-28T20:39:39.887+01:00 DEBUG 39725 --- [Pharmacies] [http-nio-8080-exec-2] org.hibernate.SQL                        : 
    select
        a1_0.app_user_id,
        a1_1.id,
        a1_1.role_name 
    from
        users_approles a1_0 
    join
        roles a1_1 
            on a1_1.id=a1_0.approles_id 
    where
        a1_0.app_user_id=?
2026-03-28T20:39:39.891+01:00 DEBUG 39725 --- [Pharmacies] [http-nio-8080-exec-2] org.hibernate.SQL                        : 
    select
        a1_0.app_user_id,
        a1_1.id,
        a1_1.role_name 
    from
        users_approles a1_0 
    join
        roles a1_1 
            on a1_1.id=a1_0.approles_id 
    where
        a1_0.app_user_id=?
2026-03-28T20:39:39.895+01:00 DEBUG 39725 --- [Pharmacies] [http-nio-8080-exec-2] org.hibernate.SQL                        : 
    select
        a1_0.app_user_id,
        a1_1.id,
        a1_1.role_name 
    from
        users_approles a1_0 
    join
        roles a1_1 
            on a1_1.id=a1_0.approles_id 
    where
        a1_0.app_user_id=?
2026-03-28T20:39:39.899+01:00 DEBUG 39725 --- [Pharmacies] [http-nio-8080-exec-2] org.hibernate.SQL                        : 
    select
        a1_0.app_user_id,
        a1_1.id,
        a1_1.role_name 
    from
        users_approles a1_0 
    join
        roles a1_1 
            on a1_1.id=a1_0.approles_id 
    where
        a1_0.app_user_id=?
2026-03-28T20:39:39.903+01:00 DEBUG 39725 --- [Pharmacies] [http-nio-8080-exec-2] org.hibernate.SQL                        : 
    select
        a1_0.app_user_id,
        a1_1.id,
        a1_1.role_name 
    from
        users_approles a1_0 
    join
        roles a1_1 
            on a1_1.id=a1_0.approles_id 
    where
        a1_0.app_user_id=?
2026-03-28T20:39:39.906+01:00 DEBUG 39725 --- [Pharmacies] [http-nio-8080-exec-2] org.hibernate.SQL                        : 
    select
        a1_0.app_user_id,
        a1_1.id,
        a1_1.role_name 
    from
        users_approles a1_0 
    join
        roles a1_1 
            on a1_1.id=a1_0.approles_id 
    where
        a1_0.app_user_id=?
2026-03-28T20:39:39.909+01:00 DEBUG 39725 --- [Pharmacies] [http-nio-8080-exec-2] org.hibernate.SQL                        : 
    select
        a1_0.app_user_id,
        a1_1.id,
        a1_1.role_name 
    from
        users_approles a1_0 
    join
        roles a1_1 
            on a1_1.id=a1_0.approles_id 
    where
        a1_0.app_user_id=?
2026-03-28T20:39:39.911+01:00 DEBUG 39725 --- [Pharmacies] [http-nio-8080-exec-2] org.hibernate.SQL                        : 
    select
        a1_0.app_user_id,
        a1_1.id,
        a1_1.role_name 
    from
        users_approles a1_0 
    join
        roles a1_1 
            on a1_1.id=a1_0.approles_id 
    where
        a1_0.app_user_id=?
2026-03-28T20:39:39.914+01:00 DEBUG 39725 --- [Pharmacies] [http-nio-8080-exec-2] org.hibernate.SQL                        : 
    select
        a1_0.app_user_id,
        a1_1.id,
        a1_1.role_name 
    from
        users_approles a1_0 
    join
        roles a1_1 
            on a1_1.id=a1_0.approles_id 
    where
        a1_0.app_user_id=?
2026-03-28T20:39:39.917+01:00 DEBUG 39725 --- [Pharmacies] [http-nio-8080-exec-2] org.hibernate.SQL                        : 
    select
        a1_0.app_user_id,
        a1_1.id,
        a1_1.role_name 
    from
        users_approles a1_0 
    join
        roles a1_1 
            on a1_1.id=a1_0.approles_id 
    where
        a1_0.app_user_id=?
2026-03-28T20:39:39.919+01:00 DEBUG 39725 --- [Pharmacies] [http-nio-8080-exec-2] org.hibernate.SQL                        : 
    select
        a1_0.app_user_id,
        a1_1.id,
        a1_1.role_name 
    from
        users_approles a1_0 
    join
        roles a1_1 
            on a1_1.id=a1_0.approles_id 
    where
        a1_0.app_user_id=?
2026-03-28T20:39:39.935+01:00 DEBUG 39725 --- [Pharmacies] [http-nio-8080-exec-2] m.m.a.RequestResponseBodyMethodProcessor : Using 'application/json', given [application/json, text/plain, */*] and supported [application/json, application/*+json]
2026-03-28T20:39:39.938+01:00 TRACE 39725 --- [Pharmacies] [http-nio-8080-exec-2] m.m.a.RequestResponseBodyMethodProcessor : Writing [[AppUser(id=1, nom=IWIKOTAN, prenoms=thierry, telephone=95064366, password=$2a$10$DxDLFk3EVD8ebPm1k6tOpuFnTY57SDKuVXSO8uerVeSGCZh5/jML6, approles=[AppRole(id=1, roleName=USER), AppRole(id=2, roleName=ADMIN)], roleId=null), AppUser(id=2, nom=IWIKOTAN, prenoms=Landry, telephone=80167188, password=$2a$10$RTMAlz.S0NWZTzmcUlvnpeYDb8XzAUdKUb.YJ0jZdxguxCV5Kae8e, approles=[AppRole(id=2, roleName=ADMIN)], roleId=null), AppUser(id=3, nom=IWIKOTAN, prenoms=smith, telephone=85536173, password=$2a$10$.A4EcoYJnCRXiqnmu6Htuut7RwMcaimLvCMKP4kL7IDPQwQyr9GVm, approles=[AppRole(id=1, roleName=USER)], roleId=null), AppUser(id=5, nom=thirry, prenoms=tomas, telephone=20202020, password=$2a$10$aszFQBKEcO7n4t/m5dJBFOBprVb.OT4bqrT1FuGHNLkIVcMp3ERO6, approles=[], roleId=null), AppUser(id=6, nom=iwikotan, prenoms=thiery, telephone=55555555, password=$2a$10$m0sFqoNR3OFYVt0sdorlvOcQ/xwezFK885sjJzpH9LYzfJ3ikFTPu, approles=[], roleId=null), AppUser(id=9, nom=iwiko, prenoms=kok, telephone=23232323, password=$2a$10$Kua2aFk7wp6hJJIjAD/S3.WfTiGSvuV0oLmZhFiJ9kruXNN1SJKxa, approles=[], roleId=null), AppUser(id=10, nom=ad, prenoms=hh, telephone=123, password=$2a$10$hEOHJx0F8ii7Mc3TsJNe4.RJ/YJQVng5QrJf8jxH87KvHMhAM1Y2y, approles=[], roleId=null), AppUser(id=11, nom=hh, prenoms=hh, telephone=2, password=$2a$10$FaCh.aWpfWEjwHN4.M9yFuMA6h8OuJ2eSa/SDMgUtmlN5d2OFeCA., approles=[], roleId=null), AppUser(id=12, nom=k, prenoms=l, telephone=3, password=$2a$10$k2OtBR581OyGSxVceC/fvu9yZZzXaGsmAKfihFiejkzANZNyw5V4K, approles=[AppRole(id=1, roleName=USER)], roleId=null), AppUser(id=13, nom=g, prenoms=h, telephone=22, password=$2a$10$B2ghggRqzi084R8zIXVoqukSuHRaZUmtIAH0nuasgqTpy8OhVs8Me, approles=[AppRole(id=1, roleName=USER)], roleId=null), AppUser(id=14, nom=d, prenoms=d, telephone=32, password=$2a$10$tZDNbhhlq5ASWhsb1dJCs.B7lt.g9pb6cazPcAbKEWCcm2XBJDGQ6, approles=[AppRole(id=2, roleName=ADMIN)], roleId=null), AppUser(id=15, nom=am, prenoms=ol, telephone=6, password=$2a$10$0AZxEcFNMgvRqXqSnJJWVufC/jv3XVIDrQx0y/qfqstDUm9Y.ME7G, approles=[AppRole(id=1, roleName=USER)], roleId=null)]]
2026-03-28T20:39:39.984+01:00  WARN 39725 --- [Pharmacies] [http-nio-8080-exec-3] ration$PageModule$WarningLoggingModifier : Serializing PageImpl instances as-is is not supported, meaning that there is no guarantee about the stability of the resulting JSON structure!
	For a stable JSON structure, please use Spring Data's PagedModel (globally via @EnableSpringDataWebSupport(pageSerializationMode = VIA_DTO))
	or Spring HATEOAS and Spring Data's PagedResourcesAssembler as documented in https://docs.spring.io/spring-data/commons/reference/repositories/core-extensions.html#core.web.pageables.

2026-03-28T20:39:39.995+01:00 DEBUG 39725 --- [Pharmacies] [http-nio-8080-exec-3] o.s.w.s.m.m.a.HttpEntityMethodProcessor  : Using 'application/json', given [application/json, text/plain, */*] and supported [application/json, application/*+json]
2026-03-28T20:39:39.996+01:00 TRACE 39725 --- [Pharmacies] [http-nio-8080-exec-3] o.s.w.s.m.m.a.HttpEntityMethodProcessor  : Writing [Page 1 of 1 containing com.gestion.invoice.models.Vente instances]
2026-03-28T20:39:40.008+01:00 TRACE 39725 --- [Pharmacies] [http-nio-8080-exec-2] o.s.web.servlet.DispatcherServlet        : No view rendering, null ModelAndView returned.
2026-03-28T20:39:40.011+01:00 DEBUG 39725 --- [Pharmacies] [http-nio-8080-exec-2] o.s.web.servlet.DispatcherServlet        : Completed 200 OK, headers={masked}
2026-03-28T20:39:40.019+01:00 DEBUG 39725 --- [Pharmacies] [http-nio-8080-exec-3] org.hibernate.SQL                        : 
    select
        au1_0.id,
        au1_0.nom,
        au1_0.password,
        au1_0.prenoms,
        au1_0.telephone,
        a1_0.app_user_id,
        a1_1.id,
        a1_1.role_name 
    from
        users au1_0 
    left join
        users_approles a1_0 
            on au1_0.id=a1_0.app_user_id 
    left join
        roles a1_1 
            on a1_1.id=a1_0.approles_id 
    where
        au1_0.id=?
2026-03-28T20:39:40.057+01:00 TRACE 39725 --- [Pharmacies] [http-nio-8080-exec-3] o.s.web.servlet.DispatcherServlet        : No view rendering, null ModelAndView returned.
2026-03-28T20:39:40.059+01:00 DEBUG 39725 --- [Pharmacies] [http-nio-8080-exec-3] o.s.web.servlet.DispatcherServlet        : Completed 200 OK, headers={masked}
2026-03-28T21:33:01.466+01:00  INFO 39725 --- [Pharmacies] [SpringApplicationShutdownHook] o.s.b.w.e.tomcat.GracefulShutdown        : Commencing graceful shutdown. Waiting for active requests to complete
2026-03-28T21:33:01.474+01:00  INFO 39725 --- [Pharmacies] [tomcat-shutdown] o.s.b.w.e.tomcat.GracefulShutdown        : Graceful shutdown complete
2026-03-28T21:33:01.491+01:00  INFO 39725 --- [Pharmacies] [SpringApplicationShutdownHook] j.LocalContainerEntityManagerFactoryBean : Closing JPA EntityManagerFactory for persistence unit 'default'
2026-03-28T21:33:01.498+01:00  INFO 39725 --- [Pharmacies] [SpringApplicationShutdownHook] com.zaxxer.hikari.HikariDataSource       : HikariPool-1 - Shutdown initiated...
2026-03-28T21:33:01.503+01:00  INFO 39725 --- [Pharmacies] [SpringApplicationShutdownHook] com.zaxxer.hikari.HikariDataSource       : HikariPool-1 - Shutdown completed.
2026-03-28T22:19:42.452+01:00  INFO 7006 --- [Pharmacies] [restartedMain] c.gestion.invoice.PharmaciesApplication  : Starting PharmaciesApplication using Java 17.0.18 with PID 7006 (/home/thierry/Clients/fullstock/gestions/Pharmacies/target/classes started by thierry in /home/thierry/Clients/fullstock/gestions/Pharmacies)
2026-03-28T22:19:42.457+01:00 DEBUG 7006 --- [Pharmacies] [restartedMain] c.gestion.invoice.PharmaciesApplication  : Running with Spring Boot v3.5.6, Spring v6.2.11
2026-03-28T22:19:42.459+01:00  INFO 7006 --- [Pharmacies] [restartedMain] c.gestion.invoice.PharmaciesApplication  : No active profile set, falling back to 1 default profile: "default"
2026-03-28T22:19:42.577+01:00  INFO 7006 --- [Pharmacies] [restartedMain] .e.DevToolsPropertyDefaultsPostProcessor : Devtools property defaults active! Set 'spring.devtools.add-properties' to 'false' to disable
2026-03-28T22:19:42.578+01:00  INFO 7006 --- [Pharmacies] [restartedMain] .e.DevToolsPropertyDefaultsPostProcessor : For additional web related logging consider setting the 'logging.level.web' property to 'DEBUG'
2026-03-28T22:19:44.313+01:00  INFO 7006 --- [Pharmacies] [restartedMain] .s.d.r.c.RepositoryConfigurationDelegate : Bootstrapping Spring Data JPA repositories in DEFAULT mode.
2026-03-28T22:19:44.499+01:00  INFO 7006 --- [Pharmacies] [restartedMain] .s.d.r.c.RepositoryConfigurationDelegate : Finished Spring Data repository scanning in 166 ms. Found 13 JPA repository interfaces.
2026-03-28T22:19:45.744+01:00  INFO 7006 --- [Pharmacies] [restartedMain] o.s.b.w.embedded.tomcat.TomcatWebServer  : Tomcat initialized with port 8080 (http)
2026-03-28T22:19:45.766+01:00  INFO 7006 --- [Pharmacies] [restartedMain] o.apache.catalina.core.StandardService   : Starting service [Tomcat]
2026-03-28T22:19:45.767+01:00  INFO 7006 --- [Pharmacies] [restartedMain] o.apache.catalina.core.StandardEngine    : Starting Servlet engine: [Apache Tomcat/10.1.46]
2026-03-28T22:19:45.843+01:00  INFO 7006 --- [Pharmacies] [restartedMain] o.a.c.c.C.[Tomcat].[localhost].[/]       : Initializing Spring embedded WebApplicationContext
2026-03-28T22:19:45.844+01:00  INFO 7006 --- [Pharmacies] [restartedMain] w.s.c.ServletWebServerApplicationContext : Root WebApplicationContext: initialization completed in 3265 ms
2026-03-28T22:19:46.302+01:00  INFO 7006 --- [Pharmacies] [restartedMain] o.hibernate.jpa.internal.util.LogHelper  : HHH000204: Processing PersistenceUnitInfo [name: default]
2026-03-28T22:19:46.411+01:00  INFO 7006 --- [Pharmacies] [restartedMain] org.hibernate.Version                    : HHH000412: Hibernate ORM core version 6.6.29.Final
2026-03-28T22:19:46.489+01:00  INFO 7006 --- [Pharmacies] [restartedMain] o.h.c.internal.RegionFactoryInitiator    : HHH000026: Second-level cache disabled
2026-03-28T22:19:46.999+01:00  INFO 7006 --- [Pharmacies] [restartedMain] o.s.o.j.p.SpringPersistenceUnitInfo      : No LoadTimeWeaver setup: ignoring JPA class transformer
2026-03-28T22:19:47.044+01:00  INFO 7006 --- [Pharmacies] [restartedMain] com.zaxxer.hikari.HikariDataSource       : HikariPool-1 - Starting...
2026-03-28T22:19:47.336+01:00  INFO 7006 --- [Pharmacies] [restartedMain] com.zaxxer.hikari.pool.HikariPool        : HikariPool-1 - Added connection com.mysql.cj.jdbc.ConnectionImpl@1d1fc5d1
2026-03-28T22:19:47.339+01:00  INFO 7006 --- [Pharmacies] [restartedMain] com.zaxxer.hikari.HikariDataSource       : HikariPool-1 - Start completed.
2026-03-28T22:19:47.484+01:00  WARN 7006 --- [Pharmacies] [restartedMain] org.hibernate.dialect.Dialect            : HHH000511: The 5.5.5 version for [org.hibernate.dialect.MySQLDialect] is no longer supported, hence certain features may not work properly. The minimum supported version is 8.0.0. Check the community dialects project for available legacy versions.
2026-03-28T22:19:47.525+01:00  INFO 7006 --- [Pharmacies] [restartedMain] org.hibernate.orm.connections.pooling    : HHH10001005: Database info:
	Database JDBC URL [Connecting through datasource 'HikariDataSource (HikariPool-1)']
	Database driver: undefined/unknown
	Database version: 5.5.5
	Autocommit mode: undefined/unknown
	Isolation level: undefined/unknown
	Minimum pool size: undefined/unknown
	Maximum pool size: undefined/unknown
2026-03-28T22:19:49.605+01:00  INFO 7006 --- [Pharmacies] [restartedMain] o.h.e.t.j.p.i.JtaPlatformInitiator       : HHH000489: No JTA platform available (set 'hibernate.transaction.jta.platform' to enable JTA platform integration)
2026-03-28T22:19:49.822+01:00  INFO 7006 --- [Pharmacies] [restartedMain] j.LocalContainerEntityManagerFactoryBean : Initialized JPA EntityManagerFactory for persistence unit 'default'
2026-03-28T22:19:50.524+01:00  INFO 7006 --- [Pharmacies] [restartedMain] o.s.d.j.r.query.QueryEnhancerFactory     : Hibernate is in classpath; If applicable, HQL parser will be used.
2026-03-28T22:19:53.829+01:00  INFO 7006 --- [Pharmacies] [restartedMain] r$InitializeUserDetailsManagerConfigurer : Global AuthenticationManager configured with UserDetailsService bean with name userDetailsService
2026-03-28T22:19:53.863+01:00  WARN 7006 --- [Pharmacies] [restartedMain] JpaBaseConfiguration$JpaWebConfiguration : spring.jpa.open-in-view is enabled by default. Therefore, database queries may be performed during view rendering. Explicitly configure spring.jpa.open-in-view to disable this warning
2026-03-28T22:19:54.091+01:00  INFO 7006 --- [Pharmacies] [restartedMain] o.s.b.a.w.s.WelcomePageHandlerMapping    : Adding welcome page: class path resource [static/index.html]
2026-03-28T22:19:54.171+01:00 TRACE 7006 --- [Pharmacies] [restartedMain] s.w.s.m.m.a.RequestMappingHandlerMapping : 
	c.g.i.c.CategorieController:
	{GET [/api/v1/categorie/all]}: allCategories()
	{PUT [/api/v1/categorie/update/{id}]}: updateCategorie(Long,CategorieProduit)
	{DELETE [/api/v1/categorie/delete/{id}]}: deleteCategorie(Long)
	{POST [/api/v1/categorie/add]}: addCategorie(CategorieProduit)
2026-03-28T22:19:54.185+01:00 TRACE 7006 --- [Pharmacies] [restartedMain] s.w.s.m.m.a.RequestMappingHandlerMapping : 
	c.g.i.c.ClientController:
	{POST [/api/v1/client/add]}: addClient(Client)
	{PUT [/api/v1/client/update/{id}]}: updateClient(Long,Client)
	{DELETE [/api/v1/client/delete/{id}]}: deleteClient(Long)
	{GET [/api/v1/client/all]}: getAllClients()
2026-03-28T22:19:54.189+01:00 TRACE 7006 --- [Pharmacies] [restartedMain] s.w.s.m.m.a.RequestMappingHandlerMapping : 
	c.g.i.c.CpteTicketsController:
	{GET [/api/v1/compteurticket]}: generateTk()
2026-03-28T22:19:54.194+01:00 TRACE 7006 --- [Pharmacies] [restartedMain] s.w.s.m.m.a.RequestMappingHandlerMapping : 
	c.g.i.c.DetailsVenteController:
	{GET [/api/v1/detailsticket/all]}: allDetailsTickets()
	{PUT [/api/v1/detailsticket/update/{id}]}: updateDetailsTicket(Long,DetailsVentes)
	{POST [/api/v1/detailsticket/add]}: addDetailsTicket(DetailsVentes)
	{DELETE [/api/v1/detailsticket/delete/{id}]}: deleteDetailsTicket(Long)
	{PUT [/api/v1/detailsticket/disable/{produitId}/{ticketCode}]}: deleteDetailsTicketByProduit(Long,String)
	{PUT [/api/v1/detailsticket/finaliser/{codeTicket}]}: finaliserTicket(String,FinaliserTicketDTO)
2026-03-28T22:19:54.201+01:00 TRACE 7006 --- [Pharmacies] [restartedMain] s.w.s.m.m.a.RequestMappingHandlerMapping : 
	c.g.i.c.EntreeStockController:
	{GET [/api/v1/entree-stock/search]}: searchEntrees(String,Pageable)
	{POST [/api/v1/entree-stock/add]}: addEntreeStock(EntreeStock)
	{GET [/api/v1/entree-stock/all]}: allEntrees()
	{GET [/api/v1/entree-stock]}: allEntrees(Pageable)
	{PUT [/api/v1/entree-stock/update/{id}]}: updateEntreeStock(Long,EntreeStock)
	{DELETE [/api/v1/entree-stock/delete/{id}]}: deleteEntreeStock(Long)
2026-03-28T22:19:54.208+01:00 TRACE 7006 --- [Pharmacies] [restartedMain] s.w.s.m.m.a.RequestMappingHandlerMapping : 
	c.g.i.c.FournisseurController:
	{POST [/api/v1/fournisseur/add]}: addFournisseur(Fournisseur)
	{PUT [/api/v1/fournisseur/update/{id}]}: updateFournisseur(Long,Fournisseur)
	{DELETE [/api/v1/fournisseur/delete/{id}]}: deleteFournisseur(Long)
	{GET [/api/v1/fournisseur/all]}: allFournisseurs()
2026-03-28T22:19:54.213+01:00 TRACE 7006 --- [Pharmacies] [restartedMain] s.w.s.m.m.a.RequestMappingHandlerMapping : 
	c.g.i.c.MesVenteController:
	{GET [/api/v1/mesventes/actives]}: getVentesActives(String,Long,String,String,int,int)
	{GET [/api/v1/mesventes/jour/by-phone/{phone}]}: getVentesDuJourByPhone(String)
	{POST [/api/v1/mesventes/annuler/{id}]}: annulerVente(Long)
2026-03-28T22:19:54.219+01:00 TRACE 7006 --- [Pharmacies] [restartedMain] s.w.s.m.m.a.RequestMappingHandlerMapping : 
	c.g.i.c.NomProduitController:
	{GET [/api/v1/nomproduit/all]}: allNomProduits()
	{POST [/api/v1/nomproduit/add]}: addNomProduit(NomProduit)
	{PUT [/api/v1/nomproduit/{id}]}: updateNomProduit(Long,NomProduit)
	{DELETE [/api/v1/nomproduit/{id}]}: deleteNomProduit(Long)
	{GET [/api/v1/nomproduit/search]}: searchNomProduit(String)
	{GET [/api/v1/nomproduit/{id}]}: getNomProduit(Long)
2026-03-28T22:19:54.222+01:00 TRACE 7006 --- [Pharmacies] [restartedMain] s.w.s.m.m.a.RequestMappingHandlerMapping : 
	c.g.i.c.PresentationController:
	{PUT [/api/v1/presentation/{id}]}: updatePresentation(Long,Presentation)
	{DELETE [/api/v1/presentation/{id}]}: deletePresentation(Long)
	{POST [/api/v1/presentation/add]}: create(Presentation)
	{GET [/api/v1/presentation/all]}: getAll()
2026-03-28T22:19:54.226+01:00 TRACE 7006 --- [Pharmacies] [restartedMain] s.w.s.m.m.a.RequestMappingHandlerMapping : 
	c.g.i.c.ProduitController:
	{POST [/api/v1/produit/add]}: addProduit(Produit)
	{PUT [/api/v1/produit/update/{id}]}: updateProduit(Long,Produit)
	{DELETE [/api/v1/produit/delete/{id}]}: deleteProduit(Long)
	{GET [/api/v1/produit/search]}: searchProduits(String,Pageable)
	{GET [/api/v1/produit]}: allProduits(Pageable)
	{GET [/api/v1/produit/all]}: allProduits()
	{GET [/api/v1/produit/stats/{produitId}]}: getProduitStats(Long)
2026-03-28T22:19:54.230+01:00 TRACE 7006 --- [Pharmacies] [restartedMain] s.w.s.m.m.a.RequestMappingHandlerMapping : 
	c.g.i.c.RecuPdfController:
	{GET [/api/v1/tickets/{codeTicket}/pdf]}: getOrCreatePdf(String)
	{GET [/api/v1/tickets/recu/all]}: getAllRecus(int,int)
	{DELETE [/api/v1/tickets/recu/{codeTicket}]}: deleteRecu(String)
2026-03-28T22:19:54.234+01:00 TRACE 7006 --- [Pharmacies] [restartedMain] s.w.s.m.m.a.RequestMappingHandlerMapping : 
	c.g.i.c.UserController:
	{POST [/api/v1/users/auth/login]}: login(Map,HttpServletRequest)
	{POST [/api/v1/users]}: addUser(AppUser)
	{POST [/api/v1/users/roles]}: addRole(AppRole)
	{PUT [/api/v1/users/{telephone}]}: updateUser(String,AppUser)
	{POST [/api/v1/users/auth/change-password]}: changePassword(Map)
	{GET [/api/v1/users]}: getAllUsers()
	{POST [/api/v1/users/addRoleToUser]}: addRoleToUser(UserToRole)
2026-03-28T22:19:54.238+01:00 TRACE 7006 --- [Pharmacies] [restartedMain] s.w.s.m.m.a.RequestMappingHandlerMapping : 
	c.g.i.c.VenteController:
	{PUT [/api/v1/ticket/update/{id}]}: updateTicket(Long,Vente)
	{DELETE [/api/v1/ticket/delete/{id}]}: deleteTicket(Long)
	{POST [/api/v1/ticket/create]}: createTicket(VenteCreateDTO)
	{GET [/api/v1/ticket]}: allTickets(Pageable)
	{GET [/api/v1/ticket/all]}: allTickets()
	{GET [/api/v1/ticket/find/{code}]}: findByCode(String)
2026-03-28T22:19:54.245+01:00 TRACE 7006 --- [Pharmacies] [restartedMain] s.w.s.m.m.a.RequestMappingHandlerMapping : 
	o.s.b.a.w.s.e.BasicErrorController:
	{ [/error], produces [text/html]}: errorHtml(HttpServletRequest,HttpServletResponse)
	{ [/error]}: error(HttpServletRequest)
2026-03-28T22:19:54.249+01:00 DEBUG 7006 --- [Pharmacies] [restartedMain] s.w.s.m.m.a.RequestMappingHandlerMapping : 63 mappings in 'requestMappingHandlerMapping'
2026-03-28T22:19:54.268+01:00 DEBUG 7006 --- [Pharmacies] [restartedMain] o.s.w.s.h.BeanNameUrlHandlerMapping      : Detected 0 mappings in 'beanNameHandlerMapping'
2026-03-28T22:19:54.436+01:00 TRACE 7006 --- [Pharmacies] [restartedMain] o.s.w.s.f.support.RouterFunctionMapping  : 0 RouterFunction(s) in 'routerFunctionMapping'
2026-03-28T22:19:54.469+01:00 TRACE 7006 --- [Pharmacies] [restartedMain] o.s.w.s.handler.SimpleUrlHandlerMapping  : Mapped [/webjars/**] onto ResourceHttpRequestHandler [classpath [META-INF/resources/webjars/]]
2026-03-28T22:19:54.470+01:00 TRACE 7006 --- [Pharmacies] [restartedMain] o.s.w.s.handler.SimpleUrlHandlerMapping  : Mapped [/**] onto ResourceHttpRequestHandler [classpath [META-INF/resources/], classpath [resources/], classpath [static/], classpath [public/], ServletContext [/]]
2026-03-28T22:19:54.471+01:00 DEBUG 7006 --- [Pharmacies] [restartedMain] o.s.w.s.handler.SimpleUrlHandlerMapping  : Patterns [/webjars/**, /**] in 'resourceHandlerMapping'
2026-03-28T22:19:54.681+01:00 DEBUG 7006 --- [Pharmacies] [restartedMain] s.w.s.m.m.a.RequestMappingHandlerAdapter : ControllerAdvice beans: 0 @ModelAttribute, 0 @InitBinder, 1 RequestBodyAdvice, 1 ResponseBodyAdvice
2026-03-28T22:19:54.789+01:00  WARN 7006 --- [Pharmacies] [restartedMain] ion$DefaultTemplateResolverConfiguration : Cannot find template location: classpath:/templates/ (please add some templates, check your Thymeleaf configuration, or set spring.thymeleaf.check-template-location=false)
2026-03-28T22:19:54.851+01:00 DEBUG 7006 --- [Pharmacies] [restartedMain] .m.m.a.ExceptionHandlerExceptionResolver : ControllerAdvice beans: 1 @ExceptionHandler, 1 ResponseBodyAdvice
2026-03-28T22:19:55.144+01:00  INFO 7006 --- [Pharmacies] [restartedMain] o.s.b.d.a.OptionalLiveReloadServer       : LiveReload server is running on port 35729
2026-03-28T22:19:55.189+01:00  INFO 7006 --- [Pharmacies] [restartedMain] o.s.b.w.embedded.tomcat.TomcatWebServer  : Tomcat started on port 8080 (http) with context path '/'
2026-03-28T22:19:55.208+01:00  INFO 7006 --- [Pharmacies] [restartedMain] c.gestion.invoice.PharmaciesApplication  : Started PharmaciesApplication in 14.005 seconds (process running for 15.405)
2026-03-28T22:20:11.671+01:00  INFO 7006 --- [Pharmacies] [http-nio-8080-exec-1] o.a.c.c.C.[Tomcat].[localhost].[/]       : Initializing Spring DispatcherServlet 'dispatcherServlet'
2026-03-28T22:20:11.672+01:00  INFO 7006 --- [Pharmacies] [http-nio-8080-exec-1] o.s.web.servlet.DispatcherServlet        : Initializing Servlet 'dispatcherServlet'
2026-03-28T22:20:11.673+01:00 TRACE 7006 --- [Pharmacies] [http-nio-8080-exec-1] o.s.web.servlet.DispatcherServlet        : Detected org.springframework.web.multipart.support.StandardServletMultipartResolver@32aa20e9
2026-03-28T22:20:11.673+01:00 TRACE 7006 --- [Pharmacies] [http-nio-8080-exec-1] o.s.web.servlet.DispatcherServlet        : Detected org.springframework.web.servlet.i18n.AcceptHeaderLocaleResolver@ff47092
2026-03-28T22:20:11.673+01:00 TRACE 7006 --- [Pharmacies] [http-nio-8080-exec-1] o.s.web.servlet.DispatcherServlet        : Detected org.springframework.web.servlet.theme.FixedThemeResolver@2ff5d932
2026-03-28T22:20:11.675+01:00 TRACE 7006 --- [Pharmacies] [http-nio-8080-exec-1] o.s.web.servlet.DispatcherServlet        : Detected DefaultRequestToViewNameTranslator
2026-03-28T22:20:11.676+01:00 TRACE 7006 --- [Pharmacies] [http-nio-8080-exec-1] o.s.web.servlet.DispatcherServlet        : Detected SessionFlashMapManager
2026-03-28T22:20:11.676+01:00 DEBUG 7006 --- [Pharmacies] [http-nio-8080-exec-1] o.s.web.servlet.DispatcherServlet        : enableLoggingRequestDetails='false': request parameters and headers will be masked to prevent unsafe logging of potentially sensitive data
2026-03-28T22:20:11.677+01:00  INFO 7006 --- [Pharmacies] [http-nio-8080-exec-1] o.s.web.servlet.DispatcherServlet        : Completed initialization in 5 ms
2026-03-28T22:20:11.723+01:00 TRACE 7006 --- [Pharmacies] [http-nio-8080-exec-1] o.s.web.servlet.DispatcherServlet        : GET "/mesventes", parameters={}, headers={masked} in DispatcherServlet 'dispatcherServlet'
2026-03-28T22:20:11.729+01:00 TRACE 7006 --- [Pharmacies] [http-nio-8080-exec-1] o.s.w.s.handler.SimpleUrlHandlerMapping  : Mapped to HandlerExecutionChain with [ResourceHttpRequestHandler [classpath [META-INF/resources/], classpath [resources/], classpath [static/], classpath [public/], ServletContext [/]]] and 4 interceptors
2026-03-28T22:20:11.745+01:00 DEBUG 7006 --- [Pharmacies] [http-nio-8080-exec-1] o.s.w.s.r.ResourceHttpRequestHandler     : Resource not found
2026-03-28T22:20:11.757+01:00 DEBUG 7006 --- [Pharmacies] [http-nio-8080-exec-1] .w.s.m.s.DefaultHandlerExceptionResolver : Resolved [org.springframework.web.servlet.resource.NoResourceFoundException: No static resource mesventes.]
2026-03-28T22:20:11.758+01:00 TRACE 7006 --- [Pharmacies] [http-nio-8080-exec-1] o.s.web.servlet.DispatcherServlet        : No view rendering, null ModelAndView returned.
2026-03-28T22:20:11.759+01:00 DEBUG 7006 --- [Pharmacies] [http-nio-8080-exec-1] o.s.web.servlet.DispatcherServlet        : Completed 404 NOT_FOUND, headers={masked}
2026-03-28T22:20:11.771+01:00 TRACE 7006 --- [Pharmacies] [http-nio-8080-exec-1] s.w.s.m.m.a.RequestMappingHandlerMapping : 2 matching mappings: [{ [/error], produces [text/html]}, { [/error]}]
2026-03-28T22:20:11.774+01:00 TRACE 7006 --- [Pharmacies] [http-nio-8080-exec-1] o.s.web.servlet.DispatcherServlet        : "ERROR" dispatch for GET "/error", parameters={}, headers={masked} in DispatcherServlet 'dispatcherServlet'
2026-03-28T22:20:11.775+01:00 TRACE 7006 --- [Pharmacies] [http-nio-8080-exec-1] s.w.s.m.m.a.RequestMappingHandlerMapping : 2 matching mappings: [{ [/error], produces [text/html]}, { [/error]}]
2026-03-28T22:20:11.775+01:00 TRACE 7006 --- [Pharmacies] [http-nio-8080-exec-1] s.w.s.m.m.a.RequestMappingHandlerMapping : Mapped to org.springframework.boot.autoconfigure.web.servlet.error.BasicErrorController#errorHtml(HttpServletRequest, HttpServletResponse)
2026-03-28T22:20:11.828+01:00 DEBUG 7006 --- [Pharmacies] [http-nio-8080-exec-1] o.s.w.s.v.ContentNegotiatingViewResolver : Selected 'text/html' given [text/html, text/html;q=0.8]
2026-03-28T22:20:11.828+01:00 TRACE 7006 --- [Pharmacies] [http-nio-8080-exec-1] o.s.web.servlet.DispatcherServlet        : Rendering view [org.springframework.boot.autoconfigure.web.servlet.error.ErrorMvcAutoConfiguration$StaticView@ec58dab] 
2026-03-28T22:20:11.852+01:00 DEBUG 7006 --- [Pharmacies] [http-nio-8080-exec-1] o.s.web.servlet.DispatcherServlet        : Exiting from "ERROR" dispatch, status 404, headers={masked}
2026-03-28T22:20:11.968+01:00 TRACE 7006 --- [Pharmacies] [http-nio-8080-exec-2] o.s.web.servlet.DispatcherServlet        : GET "/favicon.ico", parameters={}, headers={masked} in DispatcherServlet 'dispatcherServlet'
2026-03-28T22:20:11.971+01:00 TRACE 7006 --- [Pharmacies] [http-nio-8080-exec-2] o.s.w.s.handler.SimpleUrlHandlerMapping  : Mapped to HandlerExecutionChain with [ResourceHttpRequestHandler [classpath [META-INF/resources/], classpath [resources/], classpath [static/], classpath [public/], ServletContext [/]]] and 4 interceptors
2026-03-28T22:20:11.973+01:00 DEBUG 7006 --- [Pharmacies] [http-nio-8080-exec-2] o.s.w.s.r.ResourceHttpRequestHandler     : Resource not found
2026-03-28T22:20:11.977+01:00 DEBUG 7006 --- [Pharmacies] [http-nio-8080-exec-2] .w.s.m.s.DefaultHandlerExceptionResolver : Resolved [org.springframework.web.servlet.resource.NoResourceFoundException: No static resource favicon.ico.]
2026-03-28T22:20:11.978+01:00 TRACE 7006 --- [Pharmacies] [http-nio-8080-exec-2] o.s.web.servlet.DispatcherServlet        : No view rendering, null ModelAndView returned.
2026-03-28T22:20:11.979+01:00 DEBUG 7006 --- [Pharmacies] [http-nio-8080-exec-2] o.s.web.servlet.DispatcherServlet        : Completed 404 NOT_FOUND, headers={masked}
2026-03-28T22:20:11.981+01:00 TRACE 7006 --- [Pharmacies] [http-nio-8080-exec-2] s.w.s.m.m.a.RequestMappingHandlerMapping : 2 matching mappings: [{ [/error]}, { [/error], produces [text/html]}]
2026-03-28T22:20:11.983+01:00 TRACE 7006 --- [Pharmacies] [http-nio-8080-exec-2] o.s.web.servlet.DispatcherServlet        : "ERROR" dispatch for GET "/error", parameters={}, headers={masked} in DispatcherServlet 'dispatcherServlet'
2026-03-28T22:20:11.984+01:00 TRACE 7006 --- [Pharmacies] [http-nio-8080-exec-2] s.w.s.m.m.a.RequestMappingHandlerMapping : 2 matching mappings: [{ [/error]}, { [/error], produces [text/html]}]
2026-03-28T22:20:11.985+01:00 TRACE 7006 --- [Pharmacies] [http-nio-8080-exec-2] s.w.s.m.m.a.RequestMappingHandlerMapping : Mapped to org.springframework.boot.autoconfigure.web.servlet.error.BasicErrorController#error(HttpServletRequest)
2026-03-28T22:20:12.030+01:00 DEBUG 7006 --- [Pharmacies] [http-nio-8080-exec-2] o.s.w.s.m.m.a.HttpEntityMethodProcessor  : Using 'application/json;q=0.5', given [image/avif, image/webp, image/png, image/svg+xml, image/*;q=0.8, */*;q=0.5] and supported [application/json, application/*+json]
2026-03-28T22:20:12.042+01:00 TRACE 7006 --- [Pharmacies] [http-nio-8080-exec-2] o.s.w.s.m.m.a.HttpEntityMethodProcessor  : Writing [{timestamp=Sat Mar 28 22:20:11 WAT 2026, status=404, error=Not Found, trace=org.springframework.web.servlet.resource.NoResourceFoundException: No static resource favicon.ico.
	at org.springframework.web.servlet.resource.ResourceHttpRequestHandler.handleRequest(ResourceHttpRequestHandler.java:585)
	at org.springframework.web.servlet.mvc.HttpRequestHandlerAdapter.handle(HttpRequestHandlerAdapter.java:52)
	at org.springframework.web.servlet.DispatcherServlet.doDispatch(DispatcherServlet.java:1089)
	at org.springframework.web.servlet.DispatcherServlet.doService(DispatcherServlet.java:979)
	at org.springframework.web.servlet.FrameworkServlet.processRequest(FrameworkServlet.java:1014)
	at org.springframework.web.servlet.FrameworkServlet.doGet(FrameworkServlet.java:903)
	at jakarta.servlet.http.HttpServlet.service(HttpServlet.java:564)
	at org.springframework.web.servlet.FrameworkServlet.service(FrameworkServlet.java:885)
	at jakarta.servlet.http.HttpServlet.service(HttpServlet.java:658)
	at org.apache.catalina.core.ApplicationFilterChain.internalDoFilter(ApplicationFilterChain.java:195)
	at org.apache.catalina.core.ApplicationFilterChain.doFilter(ApplicationFilterChain.java:140)
	at org.apache.tomcat.websocket.server.WsFilter.doFilter(WsFilter.java:51)
	at org.apache.catalina.core.ApplicationFilterChain.internalDoFilter(ApplicationFilterChain.java:164)
	at org.apache.catalina.core.ApplicationFilterChain.doFilter(ApplicationFilterChain.java:140)
	at org.springframework.web.filter.CompositeFilter$VirtualFilterChain.doFilter(CompositeFilter.java:108)
	at org.springframework.web.filter.CompositeFilter$VirtualFilterChain.doFilter(CompositeFilter.java:108)
	at org.springframework.security.web.FilterChainProxy.lambda$doFilterInternal$3(FilterChainProxy.java:231)
	at org.springframework.security.web.FilterChainProxy$VirtualFilterChain.doFilter(FilterChainProxy.java:365)
	at org.springframework.security.web.access.intercept.AuthorizationFilter.doFilter(AuthorizationFilter.java:101)
	at org.springframework.security.web.FilterChainProxy$VirtualFilterChain.doFilter(FilterChainProxy.java:374)
	at org.springframework.security.web.access.ExceptionTranslationFilter.doFilter(ExceptionTranslationFilter.java:125)
	at org.springframework.security.web.access.ExceptionTranslationFilter.doFilter(ExceptionTranslationFilter.java:119)
	at org.springframework.security.web.FilterChainProxy$VirtualFilterChain.doFilter(FilterChainProxy.java:374)
	at org.springframework.security.web.session.SessionManagementFilter.doFilter(SessionManagementFilter.java:131)
	at org.springframework.security.web.session.SessionManagementFilter.doFilter(SessionManagementFilter.java:85)
	at org.springframework.security.web.FilterChainProxy$VirtualFilterChain.doFilter(FilterChainProxy.java:374)
	at org.springframework.security.web.authentication.AnonymousAuthenticationFilter.doFilter(AnonymousAuthenticationFilter.java:100)
	at org.springframework.security.web.FilterChainProxy$VirtualFilterChain.doFilter(FilterChainProxy.java:374)
	at org.springframework.security.web.servletapi.SecurityContextHolderAwareRequestFilter.doFilter(SecurityContextHolderAwareRequestFilter.java:179)
	at org.springframework.security.web.FilterChainProxy$VirtualFilterChain.doFilter(FilterChainProxy.java:374)
	at org.springframework.security.web.savedrequest.RequestCacheAwareFilter.doFilter(RequestCacheAwareFilter.java:63)
	at org.springframework.security.web.FilterChainProxy$VirtualFilterChain.doFilter(FilterChainProxy.java:374)
	at org.springframework.security.web.authentication.AbstractAuthenticationProcessingFilter.doFilter(AbstractAuthenticationProcessingFilter.java:235)
	at org.springframework.security.web.authentication.AbstractAuthenticationProcessingFilter.doFilter(AbstractAuthenticationProcessingFilter.java:229)
	at org.springframework.security.web.FilterChainProxy$VirtualFilterChain.doFilter(FilterChainProxy.java:374)
	at com.gestion.invoice.filter.JwtAuthorizationFilter.doFilterInternal(JwtAuthorizationFilter.java:61)
	at org.springframework.web.filter.OncePerRequestFilter.doFilter(OncePerRequestFilter.java:116)
	at org.springframework.security.web.FilterChainProxy$VirtualFilterChain.doFilter(FilterChainProxy.java:374)
	at org.springframework.security.web.authentication.logout.LogoutFilter.doFilter(LogoutFilter.java:107)
	at org.springframework.security.web.authentication.logout.LogoutFilter.doFilter(LogoutFilter.java:93)
	at org.springframework.security.web.FilterChainProxy$VirtualFilterChain.doFilter(FilterChainProxy.java:374)
	at org.springframework.web.filter.CorsFilter.doFilterInternal(CorsFilter.java:91)
	at org.springframework.web.filter.OncePerRequestFilter.doFilter(OncePerRequestFilter.java:116)
	at org.springframework.security.web.FilterChainProxy$VirtualFilterChain.doFilter(FilterChainProxy.java:374)
	at org.springframework.security.web.header.HeaderWriterFilter.doHeadersAfter(HeaderWriterFilter.java:90)
	at org.springframework.security.web.header.HeaderWriterFilter.doFilterInternal(HeaderWriterFilter.java:75)
	at org.springframework.web.filter.OncePerRequestFilter.doFilter(OncePerRequestFilter.java:116)
	at org.springframework.security.web.FilterChainProxy$VirtualFilterChain.doFilter(FilterChainProxy.java:374)
	at org.springframework.security.web.context.SecurityContextHolderFilter.doFilter(SecurityContextHolderFilter.java:82)
	at org.springframework.security.web.context.SecurityContextHolderFilter.doFilter(SecurityContextHolderFilter.java:69)
	at org.springframework.security.web.FilterChainProxy$VirtualFilterChain.doFilter(FilterChainProxy.java:374)
	at org.springframework.security.web.context.request.async.WebAsyncManagerIntegrationFilter.doFilterInternal(WebAsyncManagerIntegrationFilter.java:62)
	at org.springframework.web.filter.OncePerRequestFilter.doFilter(OncePerRequestFilter.java:116)
	at org.springframework.security.web.FilterChainProxy$VirtualFilterChain.doFilter(FilterChainProxy.java:374)
	at org.springframework.security.web.session.DisableEncodeUrlFilter.doFilterInternal(DisableEncodeUrlFilter.java:42)
	at org.springframework.web.filter.OncePerRequestFilter.doFilter(OncePerRequestFilter.java:116)
	at org.springframework.security.web.FilterChainProxy$VirtualFilterChain.doFilter(FilterChainProxy.java:374)
	at org.springframework.security.web.FilterChainProxy.doFilterInternal(FilterChainProxy.java:233)
	at org.springframework.security.web.FilterChainProxy.doFilter(FilterChainProxy.java:191)
	at org.springframework.web.filter.CompositeFilter$VirtualFilterChain.doFilter(CompositeFilter.java:113)
	at org.springframework.web.filter.ServletRequestPathFilter.doFilter(ServletRequestPathFilter.java:52)
	at org.springframework.web.filter.CompositeFilter$VirtualFilterChain.doFilter(CompositeFilter.java:113)
	at org.springframework.web.filter.CompositeFilter.doFilter(CompositeFilter.java:74)
	at org.springframework.security.config.annotation.web.configuration.WebSecurityConfiguration$CompositeFilterChainProxy.doFilter(WebSecurityConfiguration.java:319)
	at org.springframework.web.filter.CompositeFilter$VirtualFilterChain.doFilter(CompositeFilter.java:113)
	at org.springframework.web.servlet.handler.HandlerMappingIntrospector.lambda$createCacheFilter$4(HandlerMappingIntrospector.java:267)
	at org.springframework.web.filter.CompositeFilter$VirtualFilterChain.doFilter(CompositeFilter.java:113)
	at org.springframework.web.filter.CompositeFilter.doFilter(CompositeFilter.java:74)
	at org.springframework.security.config.annotation.web.configuration.WebMvcSecurityConfiguration$CompositeFilterChainProxy.doFilter(WebMvcSecurityConfiguration.java:240)
	at org.springframework.web.filter.DelegatingFilterProxy.invokeDelegate(DelegatingFilterProxy.java:362)
	at org.springframework.web.filter.DelegatingFilterProxy.doFilter(DelegatingFilterProxy.java:278)
	at org.apache.catalina.core.ApplicationFilterChain.internalDoFilter(ApplicationFilterChain.java:164)
	at org.apache.catalina.core.ApplicationFilterChain.doFilter(ApplicationFilterChain.java:140)
	at org.springframework.web.filter.RequestContextFilter.doFilterInternal(RequestContextFilter.java:100)
	at org.springframework.web.filter.OncePerRequestFilter.doFilter(OncePerRequestFilter.java:116)
	at org.apache.catalina.core.ApplicationFilterChain.internalDoFilter(ApplicationFilterChain.java:164)
	at org.apache.catalina.core.ApplicationFilterChain.doFilter(ApplicationFilterChain.java:140)
	at org.springframework.web.filter.FormContentFilter.doFilterInternal(FormContentFilter.java:93)
	at org.springframework.web.filter.OncePerRequestFilter.doFilter(OncePerRequestFilter.java:116)
	at org.apache.catalina.core.ApplicationFilterChain.internalDoFilter(ApplicationFilterChain.java:164)
	at org.apache.catalina.core.ApplicationFilterChain.doFilter(ApplicationFilterChain.java:140)
	at org.springframework.web.filter.CharacterEncodingFilter.doFilterInternal(CharacterEncodingFilter.java:201)
	at org.springframework.web.filter.OncePerRequestFilter.doFilter(OncePerRequestFilter.java:116)
	at org.apache.catalina.core.ApplicationFilterChain.internalDoFilter(ApplicationFilterChain.java:164)
	at org.apache.catalina.core.ApplicationFilterChain.doFilter(ApplicationFilterChain.java:140)
	at org.apache.catalina.core.StandardWrapperValve.invoke(StandardWrapperValve.java:167)
	at org.apache.catalina.core.StandardContextValve.invoke(StandardContextValve.java:90)
	at org.apache.catalina.authenticator.AuthenticatorBase.invoke(AuthenticatorBase.java:483)
	at org.apache.catalina.core.StandardHostValve.invoke(StandardHostValve.java:116)
	at org.apache.catalina.valves.ErrorReportValve.invoke(ErrorReportValve.java:93)
	at org.apache.catalina.core.StandardEngineValve.invoke(StandardEngineValve.java:74)
	at org.apache.catalina.connector.CoyoteAdapter.service(CoyoteAdapter.java:344)
	at org.apache.coyote.http11.Http11Processor.service(Http11Processor.java:398)
	at org.apache.coyote.AbstractProcessorLight.process(AbstractProcessorLight.java:63)
	at org.apache.coyote.AbstractProtocol$ConnectionHandler.process(AbstractProtocol.java:903)
	at org.apache.tomcat.util.net.NioEndpoint$SocketProcessor.doRun(NioEndpoint.java:1776)
	at org.apache.tomcat.util.net.SocketProcessorBase.run(SocketProcessorBase.java:52)
	at org.apache.tomcat.util.threads.ThreadPoolExecutor.runWorker(ThreadPoolExecutor.java:975)
	at org.apache.tomcat.util.threads.ThreadPoolExecutor$Worker.run(ThreadPoolExecutor.java:493)
	at org.apache.tomcat.util.threads.TaskThread$WrappingRunnable.run(TaskThread.java:63)
	at java.base/java.lang.Thread.run(Thread.java:840)
, message=No static resource favicon.ico., path=/favicon.ico}]
2026-03-28T22:20:12.138+01:00 TRACE 7006 --- [Pharmacies] [http-nio-8080-exec-2] o.s.web.servlet.DispatcherServlet        : No view rendering, null ModelAndView returned.
2026-03-28T22:20:12.143+01:00 DEBUG 7006 --- [Pharmacies] [http-nio-8080-exec-2] o.s.web.servlet.DispatcherServlet        : Exiting from "ERROR" dispatch, status 404, headers={masked}
2026-03-28T22:20:17.586+01:00 TRACE 7006 --- [Pharmacies] [http-nio-8080-exec-3] o.s.web.servlet.DispatcherServlet        : GET "/", parameters={}, headers={masked} in DispatcherServlet 'dispatcherServlet'
2026-03-28T22:20:17.589+01:00 TRACE 7006 --- [Pharmacies] [http-nio-8080-exec-3] o.s.w.s.m.ParameterizableViewController  : Applying default cacheSeconds=-1
2026-03-28T22:20:17.595+01:00 DEBUG 7006 --- [Pharmacies] [http-nio-8080-exec-3] o.s.w.s.v.ContentNegotiatingViewResolver : Selected 'text/html' given [text/html, application/xhtml+xml, application/xml;q=0.9, */*;q=0.8]
2026-03-28T22:20:17.596+01:00 TRACE 7006 --- [Pharmacies] [http-nio-8080-exec-3] o.s.web.servlet.DispatcherServlet        : Rendering view [org.springframework.web.servlet.view.InternalResourceView: [InternalResourceView]; URL [index.html]] 
2026-03-28T22:20:17.597+01:00 DEBUG 7006 --- [Pharmacies] [http-nio-8080-exec-3] o.s.w.servlet.view.InternalResourceView  : View [InternalResourceView], model {}
2026-03-28T22:20:17.599+01:00 DEBUG 7006 --- [Pharmacies] [http-nio-8080-exec-3] o.s.w.servlet.view.InternalResourceView  : Forwarding to [index.html]
2026-03-28T22:20:17.603+01:00 TRACE 7006 --- [Pharmacies] [http-nio-8080-exec-3] o.s.web.servlet.DispatcherServlet        : "FORWARD" dispatch for GET "/index.html", parameters={}, headers={masked} in DispatcherServlet 'dispatcherServlet'
2026-03-28T22:20:17.605+01:00 TRACE 7006 --- [Pharmacies] [http-nio-8080-exec-3] o.s.w.s.handler.SimpleUrlHandlerMapping  : Mapped to HandlerExecutionChain with [ResourceHttpRequestHandler [classpath [META-INF/resources/], classpath [resources/], classpath [static/], classpath [public/], ServletContext [/]]] and 4 interceptors
2026-03-28T22:20:17.606+01:00 TRACE 7006 --- [Pharmacies] [http-nio-8080-exec-3] o.s.w.s.r.ResourceHttpRequestHandler     : Applying default cacheSeconds=0
2026-03-28T22:20:17.611+01:00 TRACE 7006 --- [Pharmacies] [http-nio-8080-exec-3] o.s.web.servlet.DispatcherServlet        : No view rendering, null ModelAndView returned.
2026-03-28T22:20:17.612+01:00 DEBUG 7006 --- [Pharmacies] [http-nio-8080-exec-3] o.s.web.servlet.DispatcherServlet        : Exiting from "FORWARD" dispatch, status 200, headers={masked}
2026-03-28T22:20:17.614+01:00 DEBUG 7006 --- [Pharmacies] [http-nio-8080-exec-3] o.s.web.servlet.DispatcherServlet        : Completed 200 OK, headers={masked}
2026-03-28T22:20:17.669+01:00 TRACE 7006 --- [Pharmacies] [http-nio-8080-exec-4] o.s.web.servlet.DispatcherServlet        : GET "/assets/index-C_BdsTCC.js", parameters={}, headers={masked} in DispatcherServlet 'dispatcherServlet'
2026-03-28T22:20:17.671+01:00 TRACE 7006 --- [Pharmacies] [http-nio-8080-exec-5] o.s.web.servlet.DispatcherServlet        : GET "/assets/index-CW89cIXk.css", parameters={}, headers={masked} in DispatcherServlet 'dispatcherServlet'
2026-03-28T22:20:17.673+01:00 TRACE 7006 --- [Pharmacies] [http-nio-8080-exec-4] o.s.w.s.handler.SimpleUrlHandlerMapping  : Mapped to HandlerExecutionChain with [ResourceHttpRequestHandler [classpath [META-INF/resources/], classpath [resources/], classpath [static/], classpath [public/], ServletContext [/]]] and 4 interceptors
2026-03-28T22:20:17.673+01:00 TRACE 7006 --- [Pharmacies] [http-nio-8080-exec-5] o.s.w.s.handler.SimpleUrlHandlerMapping  : Mapped to HandlerExecutionChain with [ResourceHttpRequestHandler [classpath [META-INF/resources/], classpath [resources/], classpath [static/], classpath [public/], ServletContext [/]]] and 4 interceptors
2026-03-28T22:20:17.674+01:00 TRACE 7006 --- [Pharmacies] [http-nio-8080-exec-5] o.s.w.s.r.ResourceHttpRequestHandler     : Applying default cacheSeconds=0
2026-03-28T22:20:17.674+01:00 TRACE 7006 --- [Pharmacies] [http-nio-8080-exec-4] o.s.w.s.r.ResourceHttpRequestHandler     : Applying default cacheSeconds=0
2026-03-28T22:20:17.679+01:00 TRACE 7006 --- [Pharmacies] [http-nio-8080-exec-5] o.s.web.servlet.DispatcherServlet        : No view rendering, null ModelAndView returned.
2026-03-28T22:20:17.680+01:00 DEBUG 7006 --- [Pharmacies] [http-nio-8080-exec-5] o.s.web.servlet.DispatcherServlet        : Completed 200 OK, headers={masked}
2026-03-28T22:20:17.682+01:00 TRACE 7006 --- [Pharmacies] [http-nio-8080-exec-4] o.s.web.servlet.DispatcherServlet        : No view rendering, null ModelAndView returned.
2026-03-28T22:20:17.683+01:00 DEBUG 7006 --- [Pharmacies] [http-nio-8080-exec-4] o.s.web.servlet.DispatcherServlet        : Completed 200 OK, headers={masked}
2026-03-28T22:20:17.776+01:00 TRACE 7006 --- [Pharmacies] [http-nio-8080-exec-6] o.s.web.servlet.DispatcherServlet        : GET "/vite.svg", parameters={}, headers={masked} in DispatcherServlet 'dispatcherServlet'
2026-03-28T22:20:17.777+01:00 TRACE 7006 --- [Pharmacies] [http-nio-8080-exec-6] o.s.w.s.handler.SimpleUrlHandlerMapping  : Mapped to HandlerExecutionChain with [ResourceHttpRequestHandler [classpath [META-INF/resources/], classpath [resources/], classpath [static/], classpath [public/], ServletContext [/]]] and 4 interceptors
2026-03-28T22:20:17.779+01:00 TRACE 7006 --- [Pharmacies] [http-nio-8080-exec-6] o.s.w.s.r.ResourceHttpRequestHandler     : Applying default cacheSeconds=0
2026-03-28T22:20:17.782+01:00 TRACE 7006 --- [Pharmacies] [http-nio-8080-exec-6] o.s.web.servlet.DispatcherServlet        : No view rendering, null ModelAndView returned.
2026-03-28T22:20:17.783+01:00 DEBUG 7006 --- [Pharmacies] [http-nio-8080-exec-6] o.s.web.servlet.DispatcherServlet        : Completed 200 OK, headers={masked}
2026-03-28T22:20:17.833+01:00 TRACE 7006 --- [Pharmacies] [http-nio-8080-exec-7] o.s.web.servlet.DispatcherServlet        : GET "/assets/fa-solid-900-CTAAxXor.woff2", parameters={}, headers={masked} in DispatcherServlet 'dispatcherServlet'
2026-03-28T22:20:17.836+01:00 TRACE 7006 --- [Pharmacies] [http-nio-8080-exec-7] o.s.w.s.handler.SimpleUrlHandlerMapping  : Mapped to HandlerExecutionChain with [ResourceHttpRequestHandler [classpath [META-INF/resources/], classpath [resources/], classpath [static/], classpath [public/], ServletContext [/]]] and 4 interceptors
2026-03-28T22:20:17.838+01:00 TRACE 7006 --- [Pharmacies] [http-nio-8080-exec-7] o.s.w.s.r.ResourceHttpRequestHandler     : Applying default cacheSeconds=0
2026-03-28T22:20:17.844+01:00 TRACE 7006 --- [Pharmacies] [http-nio-8080-exec-7] o.s.web.servlet.DispatcherServlet        : No view rendering, null ModelAndView returned.
2026-03-28T22:20:17.846+01:00 DEBUG 7006 --- [Pharmacies] [http-nio-8080-exec-7] o.s.web.servlet.DispatcherServlet        : Completed 200 OK, headers={masked}
2026-03-28T22:20:17.890+01:00 TRACE 7006 --- [Pharmacies] [http-nio-8080-exec-10] o.s.web.servlet.DispatcherServlet        : GET "/images/categories-bg.jpg", parameters={}, headers={masked} in DispatcherServlet 'dispatcherServlet'
2026-03-28T22:20:17.892+01:00 TRACE 7006 --- [Pharmacies] [http-nio-8080-exec-10] o.s.w.s.handler.SimpleUrlHandlerMapping  : Mapped to HandlerExecutionChain with [ResourceHttpRequestHandler [classpath [META-INF/resources/], classpath [resources/], classpath [static/], classpath [public/], ServletContext [/]]] and 4 interceptors
2026-03-28T22:20:17.892+01:00 TRACE 7006 --- [Pharmacies] [http-nio-8080-exec-9] o.s.web.servlet.DispatcherServlet        : GET "/images/fournisseurs-bg.jpg", parameters={}, headers={masked} in DispatcherServlet 'dispatcherServlet'
2026-03-28T22:20:17.898+01:00 TRACE 7006 --- [Pharmacies] [http-nio-8080-exec-9] o.s.w.s.handler.SimpleUrlHandlerMapping  : Mapped to HandlerExecutionChain with [ResourceHttpRequestHandler [classpath [META-INF/resources/], classpath [resources/], classpath [static/], classpath [public/], ServletContext [/]]] and 4 interceptors
2026-03-28T22:20:17.893+01:00 TRACE 7006 --- [Pharmacies] [http-nio-8080-exec-8] o.s.web.servlet.DispatcherServlet        : GET "/images/clients-bg.jpg", parameters={}, headers={masked} in DispatcherServlet 'dispatcherServlet'
2026-03-28T22:20:17.899+01:00 TRACE 7006 --- [Pharmacies] [http-nio-8080-exec-9] o.s.w.s.r.ResourceHttpRequestHandler     : Applying default cacheSeconds=0
2026-03-28T22:20:17.900+01:00 TRACE 7006 --- [Pharmacies] [http-nio-8080-exec-8] o.s.w.s.handler.SimpleUrlHandlerMapping  : Mapped to HandlerExecutionChain with [ResourceHttpRequestHandler [classpath [META-INF/resources/], classpath [resources/], classpath [static/], classpath [public/], ServletContext [/]]] and 4 interceptors
2026-03-28T22:20:17.900+01:00 TRACE 7006 --- [Pharmacies] [http-nio-8080-exec-10] o.s.w.s.r.ResourceHttpRequestHandler     : Applying default cacheSeconds=0
2026-03-28T22:20:17.900+01:00 TRACE 7006 --- [Pharmacies] [http-nio-8080-exec-3] o.s.web.servlet.DispatcherServlet        : GET "/images/tickets-bg.jpg", parameters={}, headers={masked} in DispatcherServlet 'dispatcherServlet'
2026-03-28T22:20:17.901+01:00 TRACE 7006 --- [Pharmacies] [http-nio-8080-exec-2] o.s.web.servlet.DispatcherServlet        : GET "/images/presentations-bg.jpg", parameters={}, headers={masked} in DispatcherServlet 'dispatcherServlet'
2026-03-28T22:20:17.895+01:00 TRACE 7006 --- [Pharmacies] [http-nio-8080-exec-1] o.s.web.servlet.DispatcherServlet        : GET "/images/produits-bg.jpg", parameters={}, headers={masked} in DispatcherServlet 'dispatcherServlet'
2026-03-28T22:20:17.906+01:00 TRACE 7006 --- [Pharmacies] [http-nio-8080-exec-10] o.s.web.servlet.DispatcherServlet        : No view rendering, null ModelAndView returned.
2026-03-28T22:20:17.903+01:00 TRACE 7006 --- [Pharmacies] [http-nio-8080-exec-3] o.s.w.s.handler.SimpleUrlHandlerMapping  : Mapped to HandlerExecutionChain with [ResourceHttpRequestHandler [classpath [META-INF/resources/], classpath [resources/], classpath [static/], classpath [public/], ServletContext [/]]] and 4 interceptors
2026-03-28T22:20:17.903+01:00 TRACE 7006 --- [Pharmacies] [http-nio-8080-exec-8] o.s.w.s.r.ResourceHttpRequestHandler     : Applying default cacheSeconds=0
2026-03-28T22:20:17.907+01:00 DEBUG 7006 --- [Pharmacies] [http-nio-8080-exec-10] o.s.web.servlet.DispatcherServlet        : Completed 200 OK, headers={masked}
2026-03-28T22:20:17.907+01:00 TRACE 7006 --- [Pharmacies] [http-nio-8080-exec-2] o.s.w.s.handler.SimpleUrlHandlerMapping  : Mapped to HandlerExecutionChain with [ResourceHttpRequestHandler [classpath [META-INF/resources/], classpath [resources/], classpath [static/], classpath [public/], ServletContext [/]]] and 4 interceptors
2026-03-28T22:20:17.904+01:00 TRACE 7006 --- [Pharmacies] [http-nio-8080-exec-9] o.s.web.servlet.DispatcherServlet        : No view rendering, null ModelAndView returned.
2026-03-28T22:20:17.908+01:00 DEBUG 7006 --- [Pharmacies] [http-nio-8080-exec-9] o.s.web.servlet.DispatcherServlet        : Completed 200 OK, headers={masked}
2026-03-28T22:20:17.909+01:00 TRACE 7006 --- [Pharmacies] [http-nio-8080-exec-1] o.s.w.s.handler.SimpleUrlHandlerMapping  : Mapped to HandlerExecutionChain with [ResourceHttpRequestHandler [classpath [META-INF/resources/], classpath [resources/], classpath [static/], classpath [public/], ServletContext [/]]] and 4 interceptors
2026-03-28T22:20:17.910+01:00 TRACE 7006 --- [Pharmacies] [http-nio-8080-exec-3] o.s.w.s.r.ResourceHttpRequestHandler     : Applying default cacheSeconds=0
2026-03-28T22:20:17.911+01:00 TRACE 7006 --- [Pharmacies] [http-nio-8080-exec-8] o.s.web.servlet.DispatcherServlet        : No view rendering, null ModelAndView returned.
2026-03-28T22:20:17.912+01:00 TRACE 7006 --- [Pharmacies] [http-nio-8080-exec-2] o.s.w.s.r.ResourceHttpRequestHandler     : Applying default cacheSeconds=0
2026-03-28T22:20:17.912+01:00 DEBUG 7006 --- [Pharmacies] [http-nio-8080-exec-8] o.s.web.servlet.DispatcherServlet        : Completed 200 OK, headers={masked}
2026-03-28T22:20:17.913+01:00 TRACE 7006 --- [Pharmacies] [http-nio-8080-exec-1] o.s.w.s.r.ResourceHttpRequestHandler     : Applying default cacheSeconds=0
2026-03-28T22:20:17.915+01:00 TRACE 7006 --- [Pharmacies] [http-nio-8080-exec-3] o.s.web.servlet.DispatcherServlet        : No view rendering, null ModelAndView returned.
2026-03-28T22:20:17.916+01:00 DEBUG 7006 --- [Pharmacies] [http-nio-8080-exec-3] o.s.web.servlet.DispatcherServlet        : Completed 200 OK, headers={masked}
2026-03-28T22:20:17.917+01:00 TRACE 7006 --- [Pharmacies] [http-nio-8080-exec-2] o.s.web.servlet.DispatcherServlet        : No view rendering, null ModelAndView returned.
2026-03-28T22:20:17.917+01:00 TRACE 7006 --- [Pharmacies] [http-nio-8080-exec-1] o.s.web.servlet.DispatcherServlet        : No view rendering, null ModelAndView returned.
2026-03-28T22:20:17.918+01:00 DEBUG 7006 --- [Pharmacies] [http-nio-8080-exec-2] o.s.web.servlet.DispatcherServlet        : Completed 200 OK, headers={masked}
2026-03-28T22:20:17.918+01:00 DEBUG 7006 --- [Pharmacies] [http-nio-8080-exec-1] o.s.web.servlet.DispatcherServlet        : Completed 200 OK, headers={masked}
2026-03-28T22:20:19.751+01:00 TRACE 7006 --- [Pharmacies] [http-nio-8080-exec-4] o.s.web.servlet.DispatcherServlet        : GET "/api/v1/categorie/all", parameters={}, headers={masked} in DispatcherServlet 'dispatcherServlet'
2026-03-28T22:20:19.752+01:00 TRACE 7006 --- [Pharmacies] [http-nio-8080-exec-5] o.s.web.servlet.DispatcherServlet        : GET "/api/v1/produit?page=0&size=2000", parameters={masked}, headers={masked} in DispatcherServlet 'dispatcherServlet'
2026-03-28T22:20:19.752+01:00 TRACE 7006 --- [Pharmacies] [http-nio-8080-exec-4] s.w.s.m.m.a.RequestMappingHandlerMapping : Mapped to com.gestion.invoice.controller.CategorieController#allCategories()
2026-03-28T22:20:19.752+01:00 TRACE 7006 --- [Pharmacies] [http-nio-8080-exec-5] s.w.s.m.m.a.RequestMappingHandlerMapping : Mapped to com.gestion.invoice.controller.ProduitController#allProduits(Pageable)
2026-03-28T22:20:19.858+01:00 DEBUG 7006 --- [Pharmacies] [http-nio-8080-exec-5] org.hibernate.SQL                        : 
    select
        p1_0.id,
        p1_0.alerte,
        p1_0.categorie_id,
        p1_0.create_at,
        p1_0.created_by_id,
        p1_0.date_saisie,
        p1_0.etat,
        p1_0.image_produit,
        p1_0.nom_produit,
        p1_0.prix_vente,
        p1_0.stock_reel 
    from
        produits p1_0 
    limit
        ?, ?
2026-03-28T22:20:19.858+01:00 DEBUG 7006 --- [Pharmacies] [http-nio-8080-exec-4] org.hibernate.SQL                        : 
    select
        cp1_0.id,
        cp1_0.create_at,
        cp1_0.created_by_id,
        cp1_0.description,
        cp1_0.etat,
        cp1_0.nom_categorie 
    from
        categories_produits cp1_0 
    where
        cp1_0.etat
2026-03-28T22:20:19.922+01:00 DEBUG 7006 --- [Pharmacies] [http-nio-8080-exec-4] o.s.w.s.m.m.a.HttpEntityMethodProcessor  : Using 'application/json', given [application/json, text/plain, */*] and supported [application/json, application/*+json]
2026-03-28T22:20:19.924+01:00 TRACE 7006 --- [Pharmacies] [http-nio-8080-exec-4] o.s.w.s.m.m.a.HttpEntityMethodProcessor  : Writing [[CategorieProduit(id=1, nomCategorie=ANTIBIOTIQUE, description=), CategorieProduit(id=2, nomCategorie=anti paludeen, description=)]]
2026-03-28T22:20:19.950+01:00 DEBUG 7006 --- [Pharmacies] [http-nio-8080-exec-5] org.hibernate.SQL                        : 
    select
        es1_0.id,
        es1_0.create_at,
        es1_0.created_by_id,
        es1_0.date_entree,
        es1_0.date_expiration,
        es1_0.etat,
        es1_0.fournisseur_id,
        es1_0.prix_achat,
        es1_0.produit_id,
        es1_0.quantite,
        es1_0.quantite_restante 
    from
        entrees_stock es1_0 
    where
        es1_0.produit_id=?
2026-03-28T22:20:19.961+01:00 DEBUG 7006 --- [Pharmacies] [http-nio-8080-exec-5] org.hibernate.SQL                        : 
    select
        f1_0.id,
        f1_0.adresse,
        f1_0.create_at,
        f1_0.created_by_id,
        f1_0.email,
        f1_0.etat,
        f1_0.nom,
        f1_0.telephone 
    from
        fournisseur f1_0 
    where
        f1_0.id=?
2026-03-28T22:20:19.961+01:00 DEBUG 7006 --- [Pharmacies] [http-nio-8080-exec-4] org.hibernate.SQL                        : 
    select
        au1_0.id,
        au1_0.nom,
        au1_0.password,
        au1_0.prenoms,
        au1_0.telephone,
        a1_0.app_user_id,
        a1_1.id,
        a1_1.role_name 
    from
        users au1_0 
    left join
        users_approles a1_0 
            on au1_0.id=a1_0.app_user_id 
    left join
        roles a1_1 
            on a1_1.id=a1_0.approles_id 
    where
        au1_0.id=?
2026-03-28T22:20:20.010+01:00 TRACE 7006 --- [Pharmacies] [http-nio-8080-exec-4] o.s.web.servlet.DispatcherServlet        : No view rendering, null ModelAndView returned.
2026-03-28T22:20:20.013+01:00 DEBUG 7006 --- [Pharmacies] [http-nio-8080-exec-4] o.s.web.servlet.DispatcherServlet        : Completed 200 OK, headers={masked}
2026-03-28T22:20:20.019+01:00 DEBUG 7006 --- [Pharmacies] [http-nio-8080-exec-5] org.hibernate.SQL                        : 
    select
        coalesce(sum(dv1_0.quantite), 0) 
    from
        details_ventes dv1_0 
    where
        dv1_0.produit_id=?
2026-03-28T22:20:20.030+01:00 DEBUG 7006 --- [Pharmacies] [http-nio-8080-exec-5] org.hibernate.SQL                        : 
    select
        es1_0.id,
        es1_0.create_at,
        es1_0.created_by_id,
        es1_0.date_entree,
        es1_0.date_expiration,
        es1_0.etat,
        es1_0.fournisseur_id,
        es1_0.prix_achat,
        es1_0.produit_id,
        es1_0.quantite,
        es1_0.quantite_restante 
    from
        entrees_stock es1_0 
    where
        es1_0.produit_id=?
2026-03-28T22:20:20.037+01:00 DEBUG 7006 --- [Pharmacies] [http-nio-8080-exec-5] org.hibernate.SQL                        : 
    select
        coalesce(sum(dv1_0.quantite), 0) 
    from
        details_ventes dv1_0 
    where
        dv1_0.produit_id=?
2026-03-28T22:20:20.045+01:00 DEBUG 7006 --- [Pharmacies] [http-nio-8080-exec-5] org.hibernate.SQL                        : 
    select
        es1_0.id,
        es1_0.create_at,
        es1_0.created_by_id,
        es1_0.date_entree,
        es1_0.date_expiration,
        es1_0.etat,
        es1_0.fournisseur_id,
        es1_0.prix_achat,
        es1_0.produit_id,
        es1_0.quantite,
        es1_0.quantite_restante 
    from
        entrees_stock es1_0 
    where
        es1_0.produit_id=?
2026-03-28T22:20:20.054+01:00 DEBUG 7006 --- [Pharmacies] [http-nio-8080-exec-5] org.hibernate.SQL                        : 
    select
        coalesce(sum(dv1_0.quantite), 0) 
    from
        details_ventes dv1_0 
    where
        dv1_0.produit_id=?
2026-03-28T22:20:20.060+01:00 DEBUG 7006 --- [Pharmacies] [http-nio-8080-exec-5] org.hibernate.SQL                        : 
    select
        es1_0.id,
        es1_0.create_at,
        es1_0.created_by_id,
        es1_0.date_entree,
        es1_0.date_expiration,
        es1_0.etat,
        es1_0.fournisseur_id,
        es1_0.prix_achat,
        es1_0.produit_id,
        es1_0.quantite,
        es1_0.quantite_restante 
    from
        entrees_stock es1_0 
    where
        es1_0.produit_id=?
2026-03-28T22:20:20.065+01:00 DEBUG 7006 --- [Pharmacies] [http-nio-8080-exec-5] org.hibernate.SQL                        : 
    select
        coalesce(sum(dv1_0.quantite), 0) 
    from
        details_ventes dv1_0 
    where
        dv1_0.produit_id=?
2026-03-28T22:20:20.073+01:00 DEBUG 7006 --- [Pharmacies] [http-nio-8080-exec-5] org.hibernate.SQL                        : 
    select
        es1_0.id,
        es1_0.create_at,
        es1_0.created_by_id,
        es1_0.date_entree,
        es1_0.date_expiration,
        es1_0.etat,
        es1_0.fournisseur_id,
        es1_0.prix_achat,
        es1_0.produit_id,
        es1_0.quantite,
        es1_0.quantite_restante 
    from
        entrees_stock es1_0 
    where
        es1_0.produit_id=?
2026-03-28T22:20:20.079+01:00 DEBUG 7006 --- [Pharmacies] [http-nio-8080-exec-5] org.hibernate.SQL                        : 
    select
        coalesce(sum(dv1_0.quantite), 0) 
    from
        details_ventes dv1_0 
    where
        dv1_0.produit_id=?
2026-03-28T22:20:20.087+01:00 DEBUG 7006 --- [Pharmacies] [http-nio-8080-exec-5] org.hibernate.SQL                        : 
    select
        es1_0.id,
        es1_0.create_at,
        es1_0.created_by_id,
        es1_0.date_entree,
        es1_0.date_expiration,
        es1_0.etat,
        es1_0.fournisseur_id,
        es1_0.prix_achat,
        es1_0.produit_id,
        es1_0.quantite,
        es1_0.quantite_restante 
    from
        entrees_stock es1_0 
    where
        es1_0.produit_id=?
2026-03-28T22:20:20.093+01:00 DEBUG 7006 --- [Pharmacies] [http-nio-8080-exec-5] org.hibernate.SQL                        : 
    select
        coalesce(sum(dv1_0.quantite), 0) 
    from
        details_ventes dv1_0 
    where
        dv1_0.produit_id=?
2026-03-28T22:20:20.100+01:00 DEBUG 7006 --- [Pharmacies] [http-nio-8080-exec-5] org.hibernate.SQL                        : 
    select
        es1_0.id,
        es1_0.create_at,
        es1_0.created_by_id,
        es1_0.date_entree,
        es1_0.date_expiration,
        es1_0.etat,
        es1_0.fournisseur_id,
        es1_0.prix_achat,
        es1_0.produit_id,
        es1_0.quantite,
        es1_0.quantite_restante 
    from
        entrees_stock es1_0 
    where
        es1_0.produit_id=?
2026-03-28T22:20:20.105+01:00 DEBUG 7006 --- [Pharmacies] [http-nio-8080-exec-5] org.hibernate.SQL                        : 
    select
        coalesce(sum(dv1_0.quantite), 0) 
    from
        details_ventes dv1_0 
    where
        dv1_0.produit_id=?
2026-03-28T22:20:20.112+01:00 DEBUG 7006 --- [Pharmacies] [http-nio-8080-exec-5] org.hibernate.SQL                        : 
    select
        es1_0.id,
        es1_0.create_at,
        es1_0.created_by_id,
        es1_0.date_entree,
        es1_0.date_expiration,
        es1_0.etat,
        es1_0.fournisseur_id,
        es1_0.prix_achat,
        es1_0.produit_id,
        es1_0.quantite,
        es1_0.quantite_restante 
    from
        entrees_stock es1_0 
    where
        es1_0.produit_id=?
2026-03-28T22:20:20.117+01:00 DEBUG 7006 --- [Pharmacies] [http-nio-8080-exec-5] org.hibernate.SQL                        : 
    select
        coalesce(sum(dv1_0.quantite), 0) 
    from
        details_ventes dv1_0 
    where
        dv1_0.produit_id=?
2026-03-28T22:20:20.134+01:00  WARN 7006 --- [Pharmacies] [http-nio-8080-exec-5] ration$PageModule$WarningLoggingModifier : Serializing PageImpl instances as-is is not supported, meaning that there is no guarantee about the stability of the resulting JSON structure!
	For a stable JSON structure, please use Spring Data's PagedModel (globally via @EnableSpringDataWebSupport(pageSerializationMode = VIA_DTO))
	or Spring HATEOAS and Spring Data's PagedResourcesAssembler as documented in https://docs.spring.io/spring-data/commons/reference/repositories/core-extensions.html#core.web.pageables.

2026-03-28T22:20:20.140+01:00 DEBUG 7006 --- [Pharmacies] [http-nio-8080-exec-5] o.s.w.s.m.m.a.HttpEntityMethodProcessor  : Using 'application/json', given [application/json, text/plain, */*] and supported [application/json, application/*+json]
2026-03-28T22:20:20.140+01:00 TRACE 7006 --- [Pharmacies] [http-nio-8080-exec-5] o.s.w.s.m.m.a.HttpEntityMethodProcessor  : Writing [Page 1 of 1 containing com.gestion.invoice.models.Produit instances]
2026-03-28T22:20:20.151+01:00 DEBUG 7006 --- [Pharmacies] [http-nio-8080-exec-5] org.hibernate.SQL                        : 
    select
        au1_0.id,
        au1_0.nom,
        au1_0.password,
        au1_0.prenoms,
        au1_0.telephone,
        a1_0.app_user_id,
        a1_1.id,
        a1_1.role_name 
    from
        users au1_0 
    left join
        users_approles a1_0 
            on au1_0.id=a1_0.app_user_id 
    left join
        roles a1_1 
            on a1_1.id=a1_0.approles_id 
    where
        au1_0.id=?
2026-03-28T22:20:20.158+01:00 DEBUG 7006 --- [Pharmacies] [http-nio-8080-exec-5] org.hibernate.SQL                        : 
    select
        cp1_0.id,
        cp1_0.create_at,
        cp1_0.created_by_id,
        cp1_0.description,
        cp1_0.etat,
        cp1_0.nom_categorie 
    from
        categories_produits cp1_0 
    where
        cp1_0.id=?
2026-03-28T22:20:20.167+01:00 TRACE 7006 --- [Pharmacies] [http-nio-8080-exec-6] o.s.web.servlet.DispatcherServlet        : GET "/api/v1/produit?page=0&size=2000", parameters={masked}, headers={masked} in DispatcherServlet 'dispatcherServlet'
2026-03-28T22:20:20.168+01:00 TRACE 7006 --- [Pharmacies] [http-nio-8080-exec-6] s.w.s.m.m.a.RequestMappingHandlerMapping : Mapped to com.gestion.invoice.controller.ProduitController#allProduits(Pageable)
2026-03-28T22:20:20.168+01:00 DEBUG 7006 --- [Pharmacies] [http-nio-8080-exec-5] org.hibernate.SQL                        : 
    select
        cp1_0.id,
        cp1_0.create_at,
        cp1_0.created_by_id,
        cp1_0.description,
        cp1_0.etat,
        cp1_0.nom_categorie 
    from
        categories_produits cp1_0 
    where
        cp1_0.id=?
2026-03-28T22:20:20.175+01:00 DEBUG 7006 --- [Pharmacies] [http-nio-8080-exec-6] org.hibernate.SQL                        : 
    select
        p1_0.id,
        p1_0.alerte,
        p1_0.categorie_id,
        p1_0.create_at,
        p1_0.created_by_id,
        p1_0.date_saisie,
        p1_0.etat,
        p1_0.image_produit,
        p1_0.nom_produit,
        p1_0.prix_vente,
        p1_0.stock_reel 
    from
        produits p1_0 
    limit
        ?, ?
2026-03-28T22:20:20.198+01:00 TRACE 7006 --- [Pharmacies] [http-nio-8080-exec-5] o.s.web.servlet.DispatcherServlet        : No view rendering, null ModelAndView returned.
2026-03-28T22:20:20.199+01:00 DEBUG 7006 --- [Pharmacies] [http-nio-8080-exec-5] o.s.web.servlet.DispatcherServlet        : Completed 200 OK, headers={masked}
2026-03-28T22:20:20.204+01:00 DEBUG 7006 --- [Pharmacies] [http-nio-8080-exec-6] org.hibernate.SQL                        : 
    select
        es1_0.id,
        es1_0.create_at,
        es1_0.created_by_id,
        es1_0.date_entree,
        es1_0.date_expiration,
        es1_0.etat,
        es1_0.fournisseur_id,
        es1_0.prix_achat,
        es1_0.produit_id,
        es1_0.quantite,
        es1_0.quantite_restante 
    from
        entrees_stock es1_0 
    where
        es1_0.produit_id=?
2026-03-28T22:20:20.211+01:00 DEBUG 7006 --- [Pharmacies] [http-nio-8080-exec-6] org.hibernate.SQL                        : 
    select
        f1_0.id,
        f1_0.adresse,
        f1_0.create_at,
        f1_0.created_by_id,
        f1_0.email,
        f1_0.etat,
        f1_0.nom,
        f1_0.telephone 
    from
        fournisseur f1_0 
    where
        f1_0.id=?
2026-03-28T22:20:20.224+01:00 DEBUG 7006 --- [Pharmacies] [http-nio-8080-exec-6] org.hibernate.SQL                        : 
    select
        coalesce(sum(dv1_0.quantite), 0) 
    from
        details_ventes dv1_0 
    where
        dv1_0.produit_id=?
2026-03-28T22:20:20.236+01:00 DEBUG 7006 --- [Pharmacies] [http-nio-8080-exec-6] org.hibernate.SQL                        : 
    select
        es1_0.id,
        es1_0.create_at,
        es1_0.created_by_id,
        es1_0.date_entree,
        es1_0.date_expiration,
        es1_0.etat,
        es1_0.fournisseur_id,
        es1_0.prix_achat,
        es1_0.produit_id,
        es1_0.quantite,
        es1_0.quantite_restante 
    from
        entrees_stock es1_0 
    where
        es1_0.produit_id=?
2026-03-28T22:20:20.242+01:00 DEBUG 7006 --- [Pharmacies] [http-nio-8080-exec-6] org.hibernate.SQL                        : 
    select
        coalesce(sum(dv1_0.quantite), 0) 
    from
        details_ventes dv1_0 
    where
        dv1_0.produit_id=?
2026-03-28T22:20:20.249+01:00 DEBUG 7006 --- [Pharmacies] [http-nio-8080-exec-6] org.hibernate.SQL                        : 
    select
        es1_0.id,
        es1_0.create_at,
        es1_0.created_by_id,
        es1_0.date_entree,
        es1_0.date_expiration,
        es1_0.etat,
        es1_0.fournisseur_id,
        es1_0.prix_achat,
        es1_0.produit_id,
        es1_0.quantite,
        es1_0.quantite_restante 
    from
        entrees_stock es1_0 
    where
        es1_0.produit_id=?
2026-03-28T22:20:20.256+01:00 DEBUG 7006 --- [Pharmacies] [http-nio-8080-exec-6] org.hibernate.SQL                        : 
    select
        coalesce(sum(dv1_0.quantite), 0) 
    from
        details_ventes dv1_0 
    where
        dv1_0.produit_id=?
2026-03-28T22:20:20.268+01:00 DEBUG 7006 --- [Pharmacies] [http-nio-8080-exec-6] org.hibernate.SQL                        : 
    select
        es1_0.id,
        es1_0.create_at,
        es1_0.created_by_id,
        es1_0.date_entree,
        es1_0.date_expiration,
        es1_0.etat,
        es1_0.fournisseur_id,
        es1_0.prix_achat,
        es1_0.produit_id,
        es1_0.quantite,
        es1_0.quantite_restante 
    from
        entrees_stock es1_0 
    where
        es1_0.produit_id=?
2026-03-28T22:20:20.276+01:00 TRACE 7006 --- [Pharmacies] [http-nio-8080-exec-7] o.s.web.servlet.DispatcherServlet        : GET "/api/v1/produit/stats/1", parameters={}, headers={masked} in DispatcherServlet 'dispatcherServlet'
2026-03-28T22:20:20.278+01:00 TRACE 7006 --- [Pharmacies] [http-nio-8080-exec-7] s.w.s.m.m.a.RequestMappingHandlerMapping : Mapped to com.gestion.invoice.controller.ProduitController#getProduitStats(Long)
2026-03-28T22:20:20.278+01:00 DEBUG 7006 --- [Pharmacies] [http-nio-8080-exec-6] org.hibernate.SQL                        : 
    select
        coalesce(sum(dv1_0.quantite), 0) 
    from
        details_ventes dv1_0 
    where
        dv1_0.produit_id=?
2026-03-28T22:20:20.286+01:00 DEBUG 7006 --- [Pharmacies] [http-nio-8080-exec-6] org.hibernate.SQL                        : 
    select
        es1_0.id,
        es1_0.create_at,
        es1_0.created_by_id,
        es1_0.date_entree,
        es1_0.date_expiration,
        es1_0.etat,
        es1_0.fournisseur_id,
        es1_0.prix_achat,
        es1_0.produit_id,
        es1_0.quantite,
        es1_0.quantite_restante 
    from
        entrees_stock es1_0 
    where
        es1_0.produit_id=?
2026-03-28T22:20:20.289+01:00 TRACE 7006 --- [Pharmacies] [http-nio-8080-exec-10] o.s.web.servlet.DispatcherServlet        : GET "/api/v1/produit/stats/3", parameters={}, headers={masked} in DispatcherServlet 'dispatcherServlet'
2026-03-28T22:20:20.294+01:00 TRACE 7006 --- [Pharmacies] [http-nio-8080-exec-10] s.w.s.m.m.a.RequestMappingHandlerMapping : Mapped to com.gestion.invoice.controller.ProduitController#getProduitStats(Long)
2026-03-28T22:20:20.295+01:00 TRACE 7006 --- [Pharmacies] [http-nio-8080-exec-9] o.s.web.servlet.DispatcherServlet        : GET "/api/v1/produit/stats/4", parameters={}, headers={masked} in DispatcherServlet 'dispatcherServlet'
2026-03-28T22:20:20.296+01:00 TRACE 7006 --- [Pharmacies] [http-nio-8080-exec-9] s.w.s.m.m.a.RequestMappingHandlerMapping : Mapped to com.gestion.invoice.controller.ProduitController#getProduitStats(Long)
2026-03-28T22:20:20.297+01:00 TRACE 7006 --- [Pharmacies] [http-nio-8080-exec-3] o.s.web.servlet.DispatcherServlet        : GET "/api/v1/produit/stats/6", parameters={}, headers={masked} in DispatcherServlet 'dispatcherServlet'
2026-03-28T22:20:20.297+01:00 TRACE 7006 --- [Pharmacies] [http-nio-8080-exec-3] s.w.s.m.m.a.RequestMappingHandlerMapping : Mapped to com.gestion.invoice.controller.ProduitController#getProduitStats(Long)
2026-03-28T22:20:20.300+01:00 TRACE 7006 --- [Pharmacies] [http-nio-8080-exec-8] o.s.web.servlet.DispatcherServlet        : GET "/api/v1/produit/stats/5", parameters={}, headers={masked} in DispatcherServlet 'dispatcherServlet'
2026-03-28T22:20:20.294+01:00 DEBUG 7006 --- [Pharmacies] [http-nio-8080-exec-6] org.hibernate.SQL                        : 
    select
        coalesce(sum(dv1_0.quantite), 0) 
    from
        details_ventes dv1_0 
    where
        dv1_0.produit_id=?
2026-03-28T22:20:20.303+01:00 TRACE 7006 --- [Pharmacies] [http-nio-8080-exec-8] s.w.s.m.m.a.RequestMappingHandlerMapping : Mapped to com.gestion.invoice.controller.ProduitController#getProduitStats(Long)
2026-03-28T22:20:20.307+01:00 DEBUG 7006 --- [Pharmacies] [http-nio-8080-exec-10] org.hibernate.SQL                        : 
    select
        dv1_0.id,
        dv1_0.client_id,
        dv1_0.code_ticket,
        dv1_0.create_at,
        dv1_0.created_by_id,
        dv1_0.etat,
        dv1_0.montant,
        dv1_0.montantachat,
        dv1_0.prix_achat,
        dv1_0.prix_unitaire,
        dv1_0.produit_id,
        dv1_0.quantite 
    from
        details_ventes dv1_0 
    left join
        produits p1_0 
            on p1_0.id=dv1_0.produit_id 
    where
        p1_0.id=? 
        and dv1_0.etat
2026-03-28T22:20:20.305+01:00 DEBUG 7006 --- [Pharmacies] [http-nio-8080-exec-7] org.hibernate.SQL                        : 
    select
        dv1_0.id,
        dv1_0.client_id,
        dv1_0.code_ticket,
        dv1_0.create_at,
        dv1_0.created_by_id,
        dv1_0.etat,
        dv1_0.montant,
        dv1_0.montantachat,
        dv1_0.prix_achat,
        dv1_0.prix_unitaire,
        dv1_0.produit_id,
        dv1_0.quantite 
    from
        details_ventes dv1_0 
    left join
        produits p1_0 
            on p1_0.id=dv1_0.produit_id 
    where
        p1_0.id=? 
        and dv1_0.etat
2026-03-28T22:20:20.308+01:00 DEBUG 7006 --- [Pharmacies] [http-nio-8080-exec-3] org.hibernate.SQL                        : 
    select
        dv1_0.id,
        dv1_0.client_id,
        dv1_0.code_ticket,
        dv1_0.create_at,
        dv1_0.created_by_id,
        dv1_0.etat,
        dv1_0.montant,
        dv1_0.montantachat,
        dv1_0.prix_achat,
        dv1_0.prix_unitaire,
        dv1_0.produit_id,
        dv1_0.quantite 
    from
        details_ventes dv1_0 
    left join
        produits p1_0 
            on p1_0.id=dv1_0.produit_id 
    where
        p1_0.id=? 
        and dv1_0.etat
2026-03-28T22:20:20.322+01:00 DEBUG 7006 --- [Pharmacies] [http-nio-8080-exec-3] org.hibernate.SQL                        : 
    select
        dv1_0.id,
        dv1_0.client_id,
        dv1_0.code_ticket,
        dv1_0.create_at,
        dv1_0.created_by_id,
        dv1_0.etat,
        dv1_0.montant,
        dv1_0.montantachat,
        dv1_0.prix_achat,
        dv1_0.prix_unitaire,
        dv1_0.produit_id,
        dv1_0.quantite 
    from
        details_ventes dv1_0 
    left join
        produits p1_0 
            on p1_0.id=dv1_0.produit_id 
    where
        p1_0.id=? 
        and dv1_0.etat
2026-03-28T22:20:20.322+01:00 DEBUG 7006 --- [Pharmacies] [http-nio-8080-exec-8] org.hibernate.SQL                        : 
    select
        dv1_0.id,
        dv1_0.client_id,
        dv1_0.code_ticket,
        dv1_0.create_at,
        dv1_0.created_by_id,
        dv1_0.etat,
        dv1_0.montant,
        dv1_0.montantachat,
        dv1_0.prix_achat,
        dv1_0.prix_unitaire,
        dv1_0.produit_id,
        dv1_0.quantite 
    from
        details_ventes dv1_0 
    left join
        produits p1_0 
            on p1_0.id=dv1_0.produit_id 
    where
        p1_0.id=? 
        and dv1_0.etat
2026-03-28T22:20:20.323+01:00 DEBUG 7006 --- [Pharmacies] [http-nio-8080-exec-7] org.hibernate.SQL                        : 
    select
        p1_0.id,
        p1_0.alerte,
        p1_0.categorie_id,
        p1_0.create_at,
        p1_0.created_by_id,
        p1_0.date_saisie,
        p1_0.etat,
        p1_0.image_produit,
        p1_0.nom_produit,
        p1_0.prix_vente,
        p1_0.stock_reel 
    from
        produits p1_0 
    where
        p1_0.id=?
2026-03-28T22:20:20.324+01:00 DEBUG 7006 --- [Pharmacies] [http-nio-8080-exec-6] org.hibernate.SQL                        : 
    select
        es1_0.id,
        es1_0.create_at,
        es1_0.created_by_id,
        es1_0.date_entree,
        es1_0.date_expiration,
        es1_0.etat,
        es1_0.fournisseur_id,
        es1_0.prix_achat,
        es1_0.produit_id,
        es1_0.quantite,
        es1_0.quantite_restante 
    from
        entrees_stock es1_0 
    where
        es1_0.produit_id=?
2026-03-28T22:20:20.321+01:00 DEBUG 7006 --- [Pharmacies] [http-nio-8080-exec-9] org.hibernate.SQL                        : 
    select
        dv1_0.id,
        dv1_0.client_id,
        dv1_0.code_ticket,
        dv1_0.create_at,
        dv1_0.created_by_id,
        dv1_0.etat,
        dv1_0.montant,
        dv1_0.montantachat,
        dv1_0.prix_achat,
        dv1_0.prix_unitaire,
        dv1_0.produit_id,
        dv1_0.quantite 
    from
        details_ventes dv1_0 
    left join
        produits p1_0 
            on p1_0.id=dv1_0.produit_id 
    where
        p1_0.id=? 
        and dv1_0.etat
2026-03-28T22:20:20.328+01:00 DEBUG 7006 --- [Pharmacies] [http-nio-8080-exec-6] org.hibernate.SQL                        : 
    select
        coalesce(sum(dv1_0.quantite), 0) 
    from
        details_ventes dv1_0 
    where
        dv1_0.produit_id=?
2026-03-28T22:20:20.332+01:00 DEBUG 7006 --- [Pharmacies] [http-nio-8080-exec-9] org.hibernate.SQL                        : 
    select
        p1_0.id,
        p1_0.alerte,
        p1_0.categorie_id,
        p1_0.create_at,
        p1_0.created_by_id,
        p1_0.date_saisie,
        p1_0.etat,
        p1_0.image_produit,
        p1_0.nom_produit,
        p1_0.prix_vente,
        p1_0.stock_reel 
    from
        produits p1_0 
    where
        p1_0.id=?
2026-03-28T22:20:20.334+01:00 DEBUG 7006 --- [Pharmacies] [http-nio-8080-exec-8] org.hibernate.SQL                        : 
    select
        dv1_0.id,
        dv1_0.client_id,
        dv1_0.code_ticket,
        dv1_0.create_at,
        dv1_0.created_by_id,
        dv1_0.etat,
        dv1_0.montant,
        dv1_0.montantachat,
        dv1_0.prix_achat,
        dv1_0.prix_unitaire,
        dv1_0.produit_id,
        dv1_0.quantite 
    from
        details_ventes dv1_0 
    left join
        produits p1_0 
            on p1_0.id=dv1_0.produit_id 
    where
        p1_0.id=? 
        and dv1_0.etat
2026-03-28T22:20:20.334+01:00 DEBUG 7006 --- [Pharmacies] [http-nio-8080-exec-10] org.hibernate.SQL                        : 
    select
        dv1_0.id,
        dv1_0.client_id,
        dv1_0.code_ticket,
        dv1_0.create_at,
        dv1_0.created_by_id,
        dv1_0.etat,
        dv1_0.montant,
        dv1_0.montantachat,
        dv1_0.prix_achat,
        dv1_0.prix_unitaire,
        dv1_0.produit_id,
        dv1_0.quantite 
    from
        details_ventes dv1_0 
    left join
        produits p1_0 
            on p1_0.id=dv1_0.produit_id 
    where
        p1_0.id=? 
        and dv1_0.etat
2026-03-28T22:20:20.334+01:00 DEBUG 7006 --- [Pharmacies] [http-nio-8080-exec-6] org.hibernate.SQL                        : 
    select
        es1_0.id,
        es1_0.create_at,
        es1_0.created_by_id,
        es1_0.date_entree,
        es1_0.date_expiration,
        es1_0.etat,
        es1_0.fournisseur_id,
        es1_0.prix_achat,
        es1_0.produit_id,
        es1_0.quantite,
        es1_0.quantite_restante 
    from
        entrees_stock es1_0 
    where
        es1_0.produit_id=?
2026-03-28T22:20:20.343+01:00 DEBUG 7006 --- [Pharmacies] [http-nio-8080-exec-6] org.hibernate.SQL                        : 
    select
        coalesce(sum(dv1_0.quantite), 0) 
    from
        details_ventes dv1_0 
    where
        dv1_0.produit_id=?
2026-03-28T22:20:20.345+01:00 DEBUG 7006 --- [Pharmacies] [http-nio-8080-exec-8] org.hibernate.SQL                        : 
    select
        dv1_0.id,
        dv1_0.client_id,
        dv1_0.code_ticket,
        dv1_0.create_at,
        dv1_0.created_by_id,
        dv1_0.etat,
        dv1_0.montant,
        dv1_0.montantachat,
        dv1_0.prix_achat,
        dv1_0.prix_unitaire,
        dv1_0.produit_id,
        dv1_0.quantite 
    from
        details_ventes dv1_0 
    left join
        produits p1_0 
            on p1_0.id=dv1_0.produit_id 
    where
        p1_0.id=? 
        and dv1_0.etat
2026-03-28T22:20:20.346+01:00 DEBUG 7006 --- [Pharmacies] [http-nio-8080-exec-3] org.hibernate.SQL                        : 
    select
        dv1_0.id,
        dv1_0.client_id,
        dv1_0.code_ticket,
        dv1_0.create_at,
        dv1_0.created_by_id,
        dv1_0.etat,
        dv1_0.montant,
        dv1_0.montantachat,
        dv1_0.prix_achat,
        dv1_0.prix_unitaire,
        dv1_0.produit_id,
        dv1_0.quantite 
    from
        details_ventes dv1_0 
    left join
        produits p1_0 
            on p1_0.id=dv1_0.produit_id 
    where
        p1_0.id=? 
        and dv1_0.etat
2026-03-28T22:20:20.346+01:00 DEBUG 7006 --- [Pharmacies] [http-nio-8080-exec-10] org.hibernate.SQL                        : 
    select
        dv1_0.id,
        dv1_0.client_id,
        dv1_0.code_ticket,
        dv1_0.create_at,
        dv1_0.created_by_id,
        dv1_0.etat,
        dv1_0.montant,
        dv1_0.montantachat,
        dv1_0.prix_achat,
        dv1_0.prix_unitaire,
        dv1_0.produit_id,
        dv1_0.quantite 
    from
        details_ventes dv1_0 
    left join
        produits p1_0 
            on p1_0.id=dv1_0.produit_id 
    where
        p1_0.id=? 
        and dv1_0.etat
2026-03-28T22:20:20.347+01:00 DEBUG 7006 --- [Pharmacies] [http-nio-8080-exec-9] org.hibernate.SQL                        : 
    select
        dv1_0.id,
        dv1_0.client_id,
        dv1_0.code_ticket,
        dv1_0.create_at,
        dv1_0.created_by_id,
        dv1_0.etat,
        dv1_0.montant,
        dv1_0.montantachat,
        dv1_0.prix_achat,
        dv1_0.prix_unitaire,
        dv1_0.produit_id,
        dv1_0.quantite 
    from
        details_ventes dv1_0 
    left join
        produits p1_0 
            on p1_0.id=dv1_0.produit_id 
    where
        p1_0.id=? 
        and dv1_0.etat
2026-03-28T22:20:20.353+01:00 DEBUG 7006 --- [Pharmacies] [http-nio-8080-exec-10] o.s.w.s.m.m.a.HttpEntityMethodProcessor  : Using 'application/json', given [application/json, text/plain, */*] and supported [application/json, application/*+json]
2026-03-28T22:20:20.354+01:00 TRACE 7006 --- [Pharmacies] [http-nio-8080-exec-10] o.s.w.s.m.m.a.HttpEntityMethodProcessor  : Writing [{totalVente=0.0, benefice=0.0, stockVendu=0}]
2026-03-28T22:20:20.354+01:00 DEBUG 7006 --- [Pharmacies] [http-nio-8080-exec-3] o.s.w.s.m.m.a.HttpEntityMethodProcessor  : Using 'application/json', given [application/json, text/plain, */*] and supported [application/json, application/*+json]
2026-03-28T22:20:20.358+01:00 TRACE 7006 --- [Pharmacies] [http-nio-8080-exec-10] o.s.web.servlet.DispatcherServlet        : No view rendering, null ModelAndView returned.
2026-03-28T22:20:20.359+01:00 DEBUG 7006 --- [Pharmacies] [http-nio-8080-exec-10] o.s.web.servlet.DispatcherServlet        : Completed 200 OK, headers={masked}
2026-03-28T22:20:20.360+01:00 DEBUG 7006 --- [Pharmacies] [http-nio-8080-exec-6] org.hibernate.SQL                        : 
    select
        es1_0.id,
        es1_0.create_at,
        es1_0.created_by_id,
        es1_0.date_entree,
        es1_0.date_expiration,
        es1_0.etat,
        es1_0.fournisseur_id,
        es1_0.prix_achat,
        es1_0.produit_id,
        es1_0.quantite,
        es1_0.quantite_restante 
    from
        entrees_stock es1_0 
    where
        es1_0.produit_id=?
2026-03-28T22:20:20.355+01:00 TRACE 7006 --- [Pharmacies] [http-nio-8080-exec-3] o.s.w.s.m.m.a.HttpEntityMethodProcessor  : Writing [{totalVente=0.0, benefice=0.0, stockVendu=0}]
2026-03-28T22:20:20.363+01:00 DEBUG 7006 --- [Pharmacies] [http-nio-8080-exec-8] o.s.w.s.m.m.a.HttpEntityMethodProcessor  : Using 'application/json', given [application/json, text/plain, */*] and supported [application/json, application/*+json]
2026-03-28T22:20:20.363+01:00 TRACE 7006 --- [Pharmacies] [http-nio-8080-exec-3] o.s.web.servlet.DispatcherServlet        : No view rendering, null ModelAndView returned.
2026-03-28T22:20:20.363+01:00 TRACE 7006 --- [Pharmacies] [http-nio-8080-exec-8] o.s.w.s.m.m.a.HttpEntityMethodProcessor  : Writing [{totalVente=0.0, benefice=0.0, stockVendu=0}]
2026-03-28T22:20:20.364+01:00 DEBUG 7006 --- [Pharmacies] [http-nio-8080-exec-3] o.s.web.servlet.DispatcherServlet        : Completed 200 OK, headers={masked}
2026-03-28T22:20:20.365+01:00 TRACE 7006 --- [Pharmacies] [http-nio-8080-exec-8] o.s.web.servlet.DispatcherServlet        : No view rendering, null ModelAndView returned.
2026-03-28T22:20:20.368+01:00 DEBUG 7006 --- [Pharmacies] [http-nio-8080-exec-8] o.s.web.servlet.DispatcherServlet        : Completed 200 OK, headers={masked}
2026-03-28T22:20:20.368+01:00 TRACE 7006 --- [Pharmacies] [http-nio-8080-exec-2] o.s.web.servlet.DispatcherServlet        : GET "/api/v1/produit/stats/7", parameters={}, headers={masked} in DispatcherServlet 'dispatcherServlet'
2026-03-28T22:20:20.370+01:00 DEBUG 7006 --- [Pharmacies] [http-nio-8080-exec-6] org.hibernate.SQL                        : 
    select
        coalesce(sum(dv1_0.quantite), 0) 
    from
        details_ventes dv1_0 
    where
        dv1_0.produit_id=?
2026-03-28T22:20:20.374+01:00 DEBUG 7006 --- [Pharmacies] [http-nio-8080-exec-9] org.hibernate.SQL                        : 
    select
        dv1_0.id,
        dv1_0.client_id,
        dv1_0.code_ticket,
        dv1_0.create_at,
        dv1_0.created_by_id,
        dv1_0.etat,
        dv1_0.montant,
        dv1_0.montantachat,
        dv1_0.prix_achat,
        dv1_0.prix_unitaire,
        dv1_0.produit_id,
        dv1_0.quantite 
    from
        details_ventes dv1_0 
    left join
        produits p1_0 
            on p1_0.id=dv1_0.produit_id 
    where
        p1_0.id=? 
        and dv1_0.etat
2026-03-28T22:20:20.374+01:00 TRACE 7006 --- [Pharmacies] [http-nio-8080-exec-2] s.w.s.m.m.a.RequestMappingHandlerMapping : Mapped to com.gestion.invoice.controller.ProduitController#getProduitStats(Long)
2026-03-28T22:20:20.378+01:00 DEBUG 7006 --- [Pharmacies] [http-nio-8080-exec-7] org.hibernate.SQL                        : 
    select
        dv1_0.id,
        dv1_0.client_id,
        dv1_0.code_ticket,
        dv1_0.create_at,
        dv1_0.created_by_id,
        dv1_0.etat,
        dv1_0.montant,
        dv1_0.montantachat,
        dv1_0.prix_achat,
        dv1_0.prix_unitaire,
        dv1_0.produit_id,
        dv1_0.quantite 
    from
        details_ventes dv1_0 
    left join
        produits p1_0 
            on p1_0.id=dv1_0.produit_id 
    where
        p1_0.id=? 
        and dv1_0.etat
2026-03-28T22:20:20.385+01:00 TRACE 7006 --- [Pharmacies] [http-nio-8080-exec-1] o.s.web.servlet.DispatcherServlet        : GET "/api/v1/produit/stats/8", parameters={}, headers={masked} in DispatcherServlet 'dispatcherServlet'
2026-03-28T22:20:20.386+01:00 TRACE 7006 --- [Pharmacies] [http-nio-8080-exec-1] s.w.s.m.m.a.RequestMappingHandlerMapping : Mapped to com.gestion.invoice.controller.ProduitController#getProduitStats(Long)
2026-03-28T22:20:20.386+01:00 DEBUG 7006 --- [Pharmacies] [http-nio-8080-exec-6] o.s.w.s.m.m.a.HttpEntityMethodProcessor  : Using 'application/json', given [application/json, text/plain, */*] and supported [application/json, application/*+json]
2026-03-28T22:20:20.387+01:00 DEBUG 7006 --- [Pharmacies] [http-nio-8080-exec-2] org.hibernate.SQL                        : 
    select
        dv1_0.id,
        dv1_0.client_id,
        dv1_0.code_ticket,
        dv1_0.create_at,
        dv1_0.created_by_id,
        dv1_0.etat,
        dv1_0.montant,
        dv1_0.montantachat,
        dv1_0.prix_achat,
        dv1_0.prix_unitaire,
        dv1_0.produit_id,
        dv1_0.quantite 
    from
        details_ventes dv1_0 
    left join
        produits p1_0 
            on p1_0.id=dv1_0.produit_id 
    where
        p1_0.id=? 
        and dv1_0.etat
2026-03-28T22:20:20.387+01:00 TRACE 7006 --- [Pharmacies] [http-nio-8080-exec-6] o.s.w.s.m.m.a.HttpEntityMethodProcessor  : Writing [Page 1 of 1 containing com.gestion.invoice.models.Produit instances]
2026-03-28T22:20:20.389+01:00 DEBUG 7006 --- [Pharmacies] [http-nio-8080-exec-6] org.hibernate.SQL                        : 
    select
        au1_0.id,
        au1_0.nom,
        au1_0.password,
        au1_0.prenoms,
        au1_0.telephone,
        a1_0.app_user_id,
        a1_1.id,
        a1_1.role_name 
    from
        users au1_0 
    left join
        users_approles a1_0 
            on au1_0.id=a1_0.app_user_id 
    left join
        roles a1_1 
            on a1_1.id=a1_0.approles_id 
    where
        au1_0.id=?
2026-03-28T22:20:20.390+01:00 DEBUG 7006 --- [Pharmacies] [http-nio-8080-exec-9] o.s.w.s.m.m.a.HttpEntityMethodProcessor  : Using 'application/json', given [application/json, text/plain, */*] and supported [application/json, application/*+json]
2026-03-28T22:20:20.390+01:00 TRACE 7006 --- [Pharmacies] [http-nio-8080-exec-9] o.s.w.s.m.m.a.HttpEntityMethodProcessor  : Writing [{totalVente=1600.0, benefice=-7400.0, stockVendu=2}]
2026-03-28T22:20:20.398+01:00 TRACE 7006 --- [Pharmacies] [http-nio-8080-exec-4] o.s.web.servlet.DispatcherServlet        : GET "/api/v1/produit/stats/9", parameters={}, headers={masked} in DispatcherServlet 'dispatcherServlet'
2026-03-28T22:20:20.402+01:00 DEBUG 7006 --- [Pharmacies] [http-nio-8080-exec-2] org.hibernate.SQL                        : 
    select
        dv1_0.id,
        dv1_0.client_id,
        dv1_0.code_ticket,
        dv1_0.create_at,
        dv1_0.created_by_id,
        dv1_0.etat,
        dv1_0.montant,
        dv1_0.montantachat,
        dv1_0.prix_achat,
        dv1_0.prix_unitaire,
        dv1_0.produit_id,
        dv1_0.quantite 
    from
        details_ventes dv1_0 
    left join
        produits p1_0 
            on p1_0.id=dv1_0.produit_id 
    where
        p1_0.id=? 
        and dv1_0.etat
2026-03-28T22:20:20.402+01:00 TRACE 7006 --- [Pharmacies] [http-nio-8080-exec-9] o.s.web.servlet.DispatcherServlet        : No view rendering, null ModelAndView returned.
2026-03-28T22:20:20.400+01:00 DEBUG 7006 --- [Pharmacies] [http-nio-8080-exec-6] org.hibernate.SQL                        : 
    select
        cp1_0.id,
        cp1_0.create_at,
        cp1_0.created_by_id,
        cp1_0.description,
        cp1_0.etat,
        cp1_0.nom_categorie 
    from
        categories_produits cp1_0 
    where
        cp1_0.id=?
2026-03-28T22:20:20.403+01:00 DEBUG 7006 --- [Pharmacies] [http-nio-8080-exec-9] o.s.web.servlet.DispatcherServlet        : Completed 200 OK, headers={masked}
2026-03-28T22:20:20.406+01:00 TRACE 7006 --- [Pharmacies] [http-nio-8080-exec-4] s.w.s.m.m.a.RequestMappingHandlerMapping : Mapped to com.gestion.invoice.controller.ProduitController#getProduitStats(Long)
2026-03-28T22:20:20.413+01:00 DEBUG 7006 --- [Pharmacies] [http-nio-8080-exec-1] org.hibernate.SQL                        : 
    select
        dv1_0.id,
        dv1_0.client_id,
        dv1_0.code_ticket,
        dv1_0.create_at,
        dv1_0.created_by_id,
        dv1_0.etat,
        dv1_0.montant,
        dv1_0.montantachat,
        dv1_0.prix_achat,
        dv1_0.prix_unitaire,
        dv1_0.produit_id,
        dv1_0.quantite 
    from
        details_ventes dv1_0 
    left join
        produits p1_0 
            on p1_0.id=dv1_0.produit_id 
    where
        p1_0.id=? 
        and dv1_0.etat
2026-03-28T22:20:20.415+01:00 DEBUG 7006 --- [Pharmacies] [http-nio-8080-exec-2] org.hibernate.SQL                        : 
    select
        dv1_0.id,
        dv1_0.client_id,
        dv1_0.code_ticket,
        dv1_0.create_at,
        dv1_0.created_by_id,
        dv1_0.etat,
        dv1_0.montant,
        dv1_0.montantachat,
        dv1_0.prix_achat,
        dv1_0.prix_unitaire,
        dv1_0.produit_id,
        dv1_0.quantite 
    from
        details_ventes dv1_0 
    left join
        produits p1_0 
            on p1_0.id=dv1_0.produit_id 
    where
        p1_0.id=? 
        and dv1_0.etat
2026-03-28T22:20:20.416+01:00 DEBUG 7006 --- [Pharmacies] [http-nio-8080-exec-7] org.hibernate.SQL                        : 
    select
        dv1_0.id,
        dv1_0.client_id,
        dv1_0.code_ticket,
        dv1_0.create_at,
        dv1_0.created_by_id,
        dv1_0.etat,
        dv1_0.montant,
        dv1_0.montantachat,
        dv1_0.prix_achat,
        dv1_0.prix_unitaire,
        dv1_0.produit_id,
        dv1_0.quantite 
    from
        details_ventes dv1_0 
    left join
        produits p1_0 
            on p1_0.id=dv1_0.produit_id 
    where
        p1_0.id=? 
        and dv1_0.etat
2026-03-28T22:20:20.419+01:00 DEBUG 7006 --- [Pharmacies] [http-nio-8080-exec-4] org.hibernate.SQL                        : 
    select
        dv1_0.id,
        dv1_0.client_id,
        dv1_0.code_ticket,
        dv1_0.create_at,
        dv1_0.created_by_id,
        dv1_0.etat,
        dv1_0.montant,
        dv1_0.montantachat,
        dv1_0.prix_achat,
        dv1_0.prix_unitaire,
        dv1_0.produit_id,
        dv1_0.quantite 
    from
        details_ventes dv1_0 
    left join
        produits p1_0 
            on p1_0.id=dv1_0.produit_id 
    where
        p1_0.id=? 
        and dv1_0.etat
2026-03-28T22:20:20.427+01:00 DEBUG 7006 --- [Pharmacies] [http-nio-8080-exec-2] o.s.w.s.m.m.a.HttpEntityMethodProcessor  : Using 'application/json', given [application/json, text/plain, */*] and supported [application/json, application/*+json]
2026-03-28T22:20:20.429+01:00 DEBUG 7006 --- [Pharmacies] [http-nio-8080-exec-6] org.hibernate.SQL                        : 
    select
        cp1_0.id,
        cp1_0.create_at,
        cp1_0.created_by_id,
        cp1_0.description,
        cp1_0.etat,
        cp1_0.nom_categorie 
    from
        categories_produits cp1_0 
    where
        cp1_0.id=?
2026-03-28T22:20:20.426+01:00 DEBUG 7006 --- [Pharmacies] [http-nio-8080-exec-1] org.hibernate.SQL                        : 
    select
        dv1_0.id,
        dv1_0.client_id,
        dv1_0.code_ticket,
        dv1_0.create_at,
        dv1_0.created_by_id,
        dv1_0.etat,
        dv1_0.montant,
        dv1_0.montantachat,
        dv1_0.prix_achat,
        dv1_0.prix_unitaire,
        dv1_0.produit_id,
        dv1_0.quantite 
    from
        details_ventes dv1_0 
    left join
        produits p1_0 
            on p1_0.id=dv1_0.produit_id 
    where
        p1_0.id=? 
        and dv1_0.etat
2026-03-28T22:20:20.430+01:00 TRACE 7006 --- [Pharmacies] [http-nio-8080-exec-2] o.s.w.s.m.m.a.HttpEntityMethodProcessor  : Writing [{totalVente=0.0, benefice=0.0, stockVendu=0}]
2026-03-28T22:20:20.436+01:00 DEBUG 7006 --- [Pharmacies] [http-nio-8080-exec-4] org.hibernate.SQL                        : 
    select
        dv1_0.id,
        dv1_0.client_id,
        dv1_0.code_ticket,
        dv1_0.create_at,
        dv1_0.created_by_id,
        dv1_0.etat,
        dv1_0.montant,
        dv1_0.montantachat,
        dv1_0.prix_achat,
        dv1_0.prix_unitaire,
        dv1_0.produit_id,
        dv1_0.quantite 
    from
        details_ventes dv1_0 
    left join
        produits p1_0 
            on p1_0.id=dv1_0.produit_id 
    where
        p1_0.id=? 
        and dv1_0.etat
2026-03-28T22:20:20.436+01:00 TRACE 7006 --- [Pharmacies] [http-nio-8080-exec-2] o.s.web.servlet.DispatcherServlet        : No view rendering, null ModelAndView returned.
2026-03-28T22:20:20.437+01:00 DEBUG 7006 --- [Pharmacies] [http-nio-8080-exec-2] o.s.web.servlet.DispatcherServlet        : Completed 200 OK, headers={masked}
2026-03-28T22:20:20.439+01:00 DEBUG 7006 --- [Pharmacies] [http-nio-8080-exec-7] o.s.w.s.m.m.a.HttpEntityMethodProcessor  : Using 'application/json', given [application/json, text/plain, */*] and supported [application/json, application/*+json]
2026-03-28T22:20:20.440+01:00 TRACE 7006 --- [Pharmacies] [http-nio-8080-exec-7] o.s.w.s.m.m.a.HttpEntityMethodProcessor  : Writing [{totalVente=17790.0, benefice=6990.0, stockVendu=27}]
2026-03-28T22:20:20.446+01:00 TRACE 7006 --- [Pharmacies] [http-nio-8080-exec-7] o.s.web.servlet.DispatcherServlet        : No view rendering, null ModelAndView returned.
2026-03-28T22:20:20.446+01:00 DEBUG 7006 --- [Pharmacies] [http-nio-8080-exec-1] org.hibernate.SQL                        : 
    select
        dv1_0.id,
        dv1_0.client_id,
        dv1_0.code_ticket,
        dv1_0.create_at,
        dv1_0.created_by_id,
        dv1_0.etat,
        dv1_0.montant,
        dv1_0.montantachat,
        dv1_0.prix_achat,
        dv1_0.prix_unitaire,
        dv1_0.produit_id,
        dv1_0.quantite 
    from
        details_ventes dv1_0 
    left join
        produits p1_0 
            on p1_0.id=dv1_0.produit_id 
    where
        p1_0.id=? 
        and dv1_0.etat
2026-03-28T22:20:20.448+01:00 DEBUG 7006 --- [Pharmacies] [http-nio-8080-exec-7] o.s.web.servlet.DispatcherServlet        : Completed 200 OK, headers={masked}
2026-03-28T22:20:20.449+01:00 DEBUG 7006 --- [Pharmacies] [http-nio-8080-exec-4] org.hibernate.SQL                        : 
    select
        dv1_0.id,
        dv1_0.client_id,
        dv1_0.code_ticket,
        dv1_0.create_at,
        dv1_0.created_by_id,
        dv1_0.etat,
        dv1_0.montant,
        dv1_0.montantachat,
        dv1_0.prix_achat,
        dv1_0.prix_unitaire,
        dv1_0.produit_id,
        dv1_0.quantite 
    from
        details_ventes dv1_0 
    left join
        produits p1_0 
            on p1_0.id=dv1_0.produit_id 
    where
        p1_0.id=? 
        and dv1_0.etat
2026-03-28T22:20:20.453+01:00 DEBUG 7006 --- [Pharmacies] [http-nio-8080-exec-1] o.s.w.s.m.m.a.HttpEntityMethodProcessor  : Using 'application/json', given [application/json, text/plain, */*] and supported [application/json, application/*+json]
2026-03-28T22:20:20.454+01:00 TRACE 7006 --- [Pharmacies] [http-nio-8080-exec-1] o.s.w.s.m.m.a.HttpEntityMethodProcessor  : Writing [{totalVente=0.0, benefice=0.0, stockVendu=0}]
2026-03-28T22:20:20.456+01:00 TRACE 7006 --- [Pharmacies] [http-nio-8080-exec-1] o.s.web.servlet.DispatcherServlet        : No view rendering, null ModelAndView returned.
2026-03-28T22:20:20.457+01:00 DEBUG 7006 --- [Pharmacies] [http-nio-8080-exec-1] o.s.web.servlet.DispatcherServlet        : Completed 200 OK, headers={masked}
2026-03-28T22:20:20.459+01:00 DEBUG 7006 --- [Pharmacies] [http-nio-8080-exec-4] o.s.w.s.m.m.a.HttpEntityMethodProcessor  : Using 'application/json', given [application/json, text/plain, */*] and supported [application/json, application/*+json]
2026-03-28T22:20:20.459+01:00 TRACE 7006 --- [Pharmacies] [http-nio-8080-exec-4] o.s.w.s.m.m.a.HttpEntityMethodProcessor  : Writing [{totalVente=0.0, benefice=0.0, stockVendu=0}]
2026-03-28T22:20:20.459+01:00 TRACE 7006 --- [Pharmacies] [http-nio-8080-exec-6] o.s.web.servlet.DispatcherServlet        : No view rendering, null ModelAndView returned.
2026-03-28T22:20:20.460+01:00 TRACE 7006 --- [Pharmacies] [http-nio-8080-exec-4] o.s.web.servlet.DispatcherServlet        : No view rendering, null ModelAndView returned.
2026-03-28T22:20:20.461+01:00 DEBUG 7006 --- [Pharmacies] [http-nio-8080-exec-4] o.s.web.servlet.DispatcherServlet        : Completed 200 OK, headers={masked}
2026-03-28T22:20:20.461+01:00 DEBUG 7006 --- [Pharmacies] [http-nio-8080-exec-6] o.s.web.servlet.DispatcherServlet        : Completed 200 OK, headers={masked}
2026-03-28T22:20:20.505+01:00 TRACE 7006 --- [Pharmacies] [http-nio-8080-exec-5] o.s.web.servlet.DispatcherServlet        : GET "/api/v1/produit/stats/1", parameters={}, headers={masked} in DispatcherServlet 'dispatcherServlet'
2026-03-28T22:20:20.506+01:00 TRACE 7006 --- [Pharmacies] [http-nio-8080-exec-5] s.w.s.m.m.a.RequestMappingHandlerMapping : Mapped to com.gestion.invoice.controller.ProduitController#getProduitStats(Long)
2026-03-28T22:20:20.506+01:00 TRACE 7006 --- [Pharmacies] [http-nio-8080-exec-3] o.s.web.servlet.DispatcherServlet        : GET "/api/v1/produit/stats/4", parameters={}, headers={masked} in DispatcherServlet 'dispatcherServlet'
2026-03-28T22:20:20.508+01:00 TRACE 7006 --- [Pharmacies] [http-nio-8080-exec-8] o.s.web.servlet.DispatcherServlet        : GET "/api/v1/produit/stats/7", parameters={}, headers={masked} in DispatcherServlet 'dispatcherServlet'
2026-03-28T22:20:20.508+01:00 TRACE 7006 --- [Pharmacies] [http-nio-8080-exec-3] s.w.s.m.m.a.RequestMappingHandlerMapping : Mapped to com.gestion.invoice.controller.ProduitController#getProduitStats(Long)
2026-03-28T22:20:20.508+01:00 TRACE 7006 --- [Pharmacies] [http-nio-8080-exec-8] s.w.s.m.m.a.RequestMappingHandlerMapping : Mapped to com.gestion.invoice.controller.ProduitController#getProduitStats(Long)
2026-03-28T22:20:20.514+01:00 DEBUG 7006 --- [Pharmacies] [http-nio-8080-exec-3] org.hibernate.SQL                        : 
    select
        dv1_0.id,
        dv1_0.client_id,
        dv1_0.code_ticket,
        dv1_0.create_at,
        dv1_0.created_by_id,
        dv1_0.etat,
        dv1_0.montant,
        dv1_0.montantachat,
        dv1_0.prix_achat,
        dv1_0.prix_unitaire,
        dv1_0.produit_id,
        dv1_0.quantite 
    from
        details_ventes dv1_0 
    left join
        produits p1_0 
            on p1_0.id=dv1_0.produit_id 
    where
        p1_0.id=? 
        and dv1_0.etat
2026-03-28T22:20:20.519+01:00 TRACE 7006 --- [Pharmacies] [http-nio-8080-exec-9] o.s.web.servlet.DispatcherServlet        : GET "/api/v1/produit/stats/5", parameters={}, headers={masked} in DispatcherServlet 'dispatcherServlet'
2026-03-28T22:20:20.515+01:00 TRACE 7006 --- [Pharmacies] [http-nio-8080-exec-2] o.s.web.servlet.DispatcherServlet        : GET "/api/v1/produit/stats/6", parameters={}, headers={masked} in DispatcherServlet 'dispatcherServlet'
2026-03-28T22:20:20.517+01:00 TRACE 7006 --- [Pharmacies] [http-nio-8080-exec-10] o.s.web.servlet.DispatcherServlet        : GET "/api/v1/produit/stats/3", parameters={}, headers={masked} in DispatcherServlet 'dispatcherServlet'
2026-03-28T22:20:20.518+01:00 DEBUG 7006 --- [Pharmacies] [http-nio-8080-exec-8] org.hibernate.SQL                        : 
    select
        dv1_0.id,
        dv1_0.client_id,
        dv1_0.code_ticket,
        dv1_0.create_at,
        dv1_0.created_by_id,
        dv1_0.etat,
        dv1_0.montant,
        dv1_0.montantachat,
        dv1_0.prix_achat,
        dv1_0.prix_unitaire,
        dv1_0.produit_id,
        dv1_0.quantite 
    from
        details_ventes dv1_0 
    left join
        produits p1_0 
            on p1_0.id=dv1_0.produit_id 
    where
        p1_0.id=? 
        and dv1_0.etat
2026-03-28T22:20:20.521+01:00 TRACE 7006 --- [Pharmacies] [http-nio-8080-exec-10] s.w.s.m.m.a.RequestMappingHandlerMapping : Mapped to com.gestion.invoice.controller.ProduitController#getProduitStats(Long)
2026-03-28T22:20:20.523+01:00 DEBUG 7006 --- [Pharmacies] [http-nio-8080-exec-3] org.hibernate.SQL                        : 
    select
        p1_0.id,
        p1_0.alerte,
        p1_0.categorie_id,
        p1_0.create_at,
        p1_0.created_by_id,
        p1_0.date_saisie,
        p1_0.etat,
        p1_0.image_produit,
        p1_0.nom_produit,
        p1_0.prix_vente,
        p1_0.stock_reel 
    from
        produits p1_0 
    where
        p1_0.id=?
2026-03-28T22:20:20.524+01:00 TRACE 7006 --- [Pharmacies] [http-nio-8080-exec-2] s.w.s.m.m.a.RequestMappingHandlerMapping : Mapped to com.gestion.invoice.controller.ProduitController#getProduitStats(Long)
2026-03-28T22:20:20.527+01:00 TRACE 7006 --- [Pharmacies] [http-nio-8080-exec-9] s.w.s.m.m.a.RequestMappingHandlerMapping : Mapped to com.gestion.invoice.controller.ProduitController#getProduitStats(Long)
2026-03-28T22:20:20.530+01:00 DEBUG 7006 --- [Pharmacies] [http-nio-8080-exec-5] org.hibernate.SQL                        : 
    select
        dv1_0.id,
        dv1_0.client_id,
        dv1_0.code_ticket,
        dv1_0.create_at,
        dv1_0.created_by_id,
        dv1_0.etat,
        dv1_0.montant,
        dv1_0.montantachat,
        dv1_0.prix_achat,
        dv1_0.prix_unitaire,
        dv1_0.produit_id,
        dv1_0.quantite 
    from
        details_ventes dv1_0 
    left join
        produits p1_0 
            on p1_0.id=dv1_0.produit_id 
    where
        p1_0.id=? 
        and dv1_0.etat
2026-03-28T22:20:20.531+01:00 DEBUG 7006 --- [Pharmacies] [http-nio-8080-exec-10] org.hibernate.SQL                        : 
    select
        dv1_0.id,
        dv1_0.client_id,
        dv1_0.code_ticket,
        dv1_0.create_at,
        dv1_0.created_by_id,
        dv1_0.etat,
        dv1_0.montant,
        dv1_0.montantachat,
        dv1_0.prix_achat,
        dv1_0.prix_unitaire,
        dv1_0.produit_id,
        dv1_0.quantite 
    from
        details_ventes dv1_0 
    left join
        produits p1_0 
            on p1_0.id=dv1_0.produit_id 
    where
        p1_0.id=? 
        and dv1_0.etat
2026-03-28T22:20:20.539+01:00 DEBUG 7006 --- [Pharmacies] [http-nio-8080-exec-9] org.hibernate.SQL                        : 
    select
        dv1_0.id,
        dv1_0.client_id,
        dv1_0.code_ticket,
        dv1_0.create_at,
        dv1_0.created_by_id,
        dv1_0.etat,
        dv1_0.montant,
        dv1_0.montantachat,
        dv1_0.prix_achat,
        dv1_0.prix_unitaire,
        dv1_0.produit_id,
        dv1_0.quantite 
    from
        details_ventes dv1_0 
    left join
        produits p1_0 
            on p1_0.id=dv1_0.produit_id 
    where
        p1_0.id=? 
        and dv1_0.etat
2026-03-28T22:20:20.539+01:00 DEBUG 7006 --- [Pharmacies] [http-nio-8080-exec-8] org.hibernate.SQL                        : 
    select
        dv1_0.id,
        dv1_0.client_id,
        dv1_0.code_ticket,
        dv1_0.create_at,
        dv1_0.created_by_id,
        dv1_0.etat,
        dv1_0.montant,
        dv1_0.montantachat,
        dv1_0.prix_achat,
        dv1_0.prix_unitaire,
        dv1_0.produit_id,
        dv1_0.quantite 
    from
        details_ventes dv1_0 
    left join
        produits p1_0 
            on p1_0.id=dv1_0.produit_id 
    where
        p1_0.id=? 
        and dv1_0.etat
2026-03-28T22:20:20.539+01:00 DEBUG 7006 --- [Pharmacies] [http-nio-8080-exec-2] org.hibernate.SQL                        : 
    select
        dv1_0.id,
        dv1_0.client_id,
        dv1_0.code_ticket,
        dv1_0.create_at,
        dv1_0.created_by_id,
        dv1_0.etat,
        dv1_0.montant,
        dv1_0.montantachat,
        dv1_0.prix_achat,
        dv1_0.prix_unitaire,
        dv1_0.produit_id,
        dv1_0.quantite 
    from
        details_ventes dv1_0 
    left join
        produits p1_0 
            on p1_0.id=dv1_0.produit_id 
    where
        p1_0.id=? 
        and dv1_0.etat
2026-03-28T22:20:20.544+01:00 DEBUG 7006 --- [Pharmacies] [http-nio-8080-exec-5] org.hibernate.SQL                        : 
    select
        p1_0.id,
        p1_0.alerte,
        p1_0.categorie_id,
        p1_0.create_at,
        p1_0.created_by_id,
        p1_0.date_saisie,
        p1_0.etat,
        p1_0.image_produit,
        p1_0.nom_produit,
        p1_0.prix_vente,
        p1_0.stock_reel 
    from
        produits p1_0 
    where
        p1_0.id=?
2026-03-28T22:20:20.544+01:00 DEBUG 7006 --- [Pharmacies] [http-nio-8080-exec-10] org.hibernate.SQL                        : 
    select
        dv1_0.id,
        dv1_0.client_id,
        dv1_0.code_ticket,
        dv1_0.create_at,
        dv1_0.created_by_id,
        dv1_0.etat,
        dv1_0.montant,
        dv1_0.montantachat,
        dv1_0.prix_achat,
        dv1_0.prix_unitaire,
        dv1_0.produit_id,
        dv1_0.quantite 
    from
        details_ventes dv1_0 
    left join
        produits p1_0 
            on p1_0.id=dv1_0.produit_id 
    where
        p1_0.id=? 
        and dv1_0.etat
2026-03-28T22:20:20.561+01:00 DEBUG 7006 --- [Pharmacies] [http-nio-8080-exec-2] org.hibernate.SQL                        : 
    select
        dv1_0.id,
        dv1_0.client_id,
        dv1_0.code_ticket,
        dv1_0.create_at,
        dv1_0.created_by_id,
        dv1_0.etat,
        dv1_0.montant,
        dv1_0.montantachat,
        dv1_0.prix_achat,
        dv1_0.prix_unitaire,
        dv1_0.produit_id,
        dv1_0.quantite 
    from
        details_ventes dv1_0 
    left join
        produits p1_0 
            on p1_0.id=dv1_0.produit_id 
    where
        p1_0.id=? 
        and dv1_0.etat
2026-03-28T22:20:20.561+01:00 DEBUG 7006 --- [Pharmacies] [http-nio-8080-exec-8] org.hibernate.SQL                        : 
    select
        dv1_0.id,
        dv1_0.client_id,
        dv1_0.code_ticket,
        dv1_0.create_at,
        dv1_0.created_by_id,
        dv1_0.etat,
        dv1_0.montant,
        dv1_0.montantachat,
        dv1_0.prix_achat,
        dv1_0.prix_unitaire,
        dv1_0.produit_id,
        dv1_0.quantite 
    from
        details_ventes dv1_0 
    left join
        produits p1_0 
            on p1_0.id=dv1_0.produit_id 
    where
        p1_0.id=? 
        and dv1_0.etat
2026-03-28T22:20:20.555+01:00 DEBUG 7006 --- [Pharmacies] [http-nio-8080-exec-3] org.hibernate.SQL                        : 
    select
        dv1_0.id,
        dv1_0.client_id,
        dv1_0.code_ticket,
        dv1_0.create_at,
        dv1_0.created_by_id,
        dv1_0.etat,
        dv1_0.montant,
        dv1_0.montantachat,
        dv1_0.prix_achat,
        dv1_0.prix_unitaire,
        dv1_0.produit_id,
        dv1_0.quantite 
    from
        details_ventes dv1_0 
    left join
        produits p1_0 
            on p1_0.id=dv1_0.produit_id 
    where
        p1_0.id=? 
        and dv1_0.etat
2026-03-28T22:20:20.561+01:00 DEBUG 7006 --- [Pharmacies] [http-nio-8080-exec-9] org.hibernate.SQL                        : 
    select
        dv1_0.id,
        dv1_0.client_id,
        dv1_0.code_ticket,
        dv1_0.create_at,
        dv1_0.created_by_id,
        dv1_0.etat,
        dv1_0.montant,
        dv1_0.montantachat,
        dv1_0.prix_achat,
        dv1_0.prix_unitaire,
        dv1_0.produit_id,
        dv1_0.quantite 
    from
        details_ventes dv1_0 
    left join
        produits p1_0 
            on p1_0.id=dv1_0.produit_id 
    where
        p1_0.id=? 
        and dv1_0.etat
2026-03-28T22:20:20.568+01:00 DEBUG 7006 --- [Pharmacies] [http-nio-8080-exec-10] org.hibernate.SQL                        : 
    select
        dv1_0.id,
        dv1_0.client_id,
        dv1_0.code_ticket,
        dv1_0.create_at,
        dv1_0.created_by_id,
        dv1_0.etat,
        dv1_0.montant,
        dv1_0.montantachat,
        dv1_0.prix_achat,
        dv1_0.prix_unitaire,
        dv1_0.produit_id,
        dv1_0.quantite 
    from
        details_ventes dv1_0 
    left join
        produits p1_0 
            on p1_0.id=dv1_0.produit_id 
    where
        p1_0.id=? 
        and dv1_0.etat
2026-03-28T22:20:20.574+01:00 DEBUG 7006 --- [Pharmacies] [http-nio-8080-exec-2] org.hibernate.SQL                        : 
    select
        dv1_0.id,
        dv1_0.client_id,
        dv1_0.code_ticket,
        dv1_0.create_at,
        dv1_0.created_by_id,
        dv1_0.etat,
        dv1_0.montant,
        dv1_0.montantachat,
        dv1_0.prix_achat,
        dv1_0.prix_unitaire,
        dv1_0.produit_id,
        dv1_0.quantite 
    from
        details_ventes dv1_0 
    left join
        produits p1_0 
            on p1_0.id=dv1_0.produit_id 
    where
        p1_0.id=? 
        and dv1_0.etat
2026-03-28T22:20:20.579+01:00 DEBUG 7006 --- [Pharmacies] [http-nio-8080-exec-8] o.s.w.s.m.m.a.HttpEntityMethodProcessor  : Using 'application/json', given [application/json, text/plain, */*] and supported [application/json, application/*+json]
2026-03-28T22:20:20.579+01:00 TRACE 7006 --- [Pharmacies] [http-nio-8080-exec-8] o.s.w.s.m.m.a.HttpEntityMethodProcessor  : Writing [{totalVente=0.0, benefice=0.0, stockVendu=0}]
2026-03-28T22:20:20.579+01:00 DEBUG 7006 --- [Pharmacies] [http-nio-8080-exec-2] o.s.w.s.m.m.a.HttpEntityMethodProcessor  : Using 'application/json', given [application/json, text/plain, */*] and supported [application/json, application/*+json]
2026-03-28T22:20:20.580+01:00 TRACE 7006 --- [Pharmacies] [http-nio-8080-exec-2] o.s.w.s.m.m.a.HttpEntityMethodProcessor  : Writing [{totalVente=0.0, benefice=0.0, stockVendu=0}]
2026-03-28T22:20:20.581+01:00 TRACE 7006 --- [Pharmacies] [http-nio-8080-exec-2] o.s.web.servlet.DispatcherServlet        : No view rendering, null ModelAndView returned.
2026-03-28T22:20:20.581+01:00 TRACE 7006 --- [Pharmacies] [http-nio-8080-exec-8] o.s.web.servlet.DispatcherServlet        : No view rendering, null ModelAndView returned.
2026-03-28T22:20:20.581+01:00 DEBUG 7006 --- [Pharmacies] [http-nio-8080-exec-3] org.hibernate.SQL                        : 
    select
        dv1_0.id,
        dv1_0.client_id,
        dv1_0.code_ticket,
        dv1_0.create_at,
        dv1_0.created_by_id,
        dv1_0.etat,
        dv1_0.montant,
        dv1_0.montantachat,
        dv1_0.prix_achat,
        dv1_0.prix_unitaire,
        dv1_0.produit_id,
        dv1_0.quantite 
    from
        details_ventes dv1_0 
    left join
        produits p1_0 
            on p1_0.id=dv1_0.produit_id 
    where
        p1_0.id=? 
        and dv1_0.etat
2026-03-28T22:20:20.583+01:00 DEBUG 7006 --- [Pharmacies] [http-nio-8080-exec-10] o.s.w.s.m.m.a.HttpEntityMethodProcessor  : Using 'application/json', given [application/json, text/plain, */*] and supported [application/json, application/*+json]
2026-03-28T22:20:20.583+01:00 TRACE 7006 --- [Pharmacies] [http-nio-8080-exec-10] o.s.w.s.m.m.a.HttpEntityMethodProcessor  : Writing [{totalVente=0.0, benefice=0.0, stockVendu=0}]
2026-03-28T22:20:20.582+01:00 DEBUG 7006 --- [Pharmacies] [http-nio-8080-exec-2] o.s.web.servlet.DispatcherServlet        : Completed 200 OK, headers={masked}
2026-03-28T22:20:20.586+01:00 DEBUG 7006 --- [Pharmacies] [http-nio-8080-exec-8] o.s.web.servlet.DispatcherServlet        : Completed 200 OK, headers={masked}
2026-03-28T22:20:20.586+01:00 DEBUG 7006 --- [Pharmacies] [http-nio-8080-exec-9] org.hibernate.SQL                        : 
    select
        dv1_0.id,
        dv1_0.client_id,
        dv1_0.code_ticket,
        dv1_0.create_at,
        dv1_0.created_by_id,
        dv1_0.etat,
        dv1_0.montant,
        dv1_0.montantachat,
        dv1_0.prix_achat,
        dv1_0.prix_unitaire,
        dv1_0.produit_id,
        dv1_0.quantite 
    from
        details_ventes dv1_0 
    left join
        produits p1_0 
            on p1_0.id=dv1_0.produit_id 
    where
        p1_0.id=? 
        and dv1_0.etat
2026-03-28T22:20:20.585+01:00 TRACE 7006 --- [Pharmacies] [http-nio-8080-exec-10] o.s.web.servlet.DispatcherServlet        : No view rendering, null ModelAndView returned.
2026-03-28T22:20:20.588+01:00 DEBUG 7006 --- [Pharmacies] [http-nio-8080-exec-10] o.s.web.servlet.DispatcherServlet        : Completed 200 OK, headers={masked}
2026-03-28T22:20:20.592+01:00 DEBUG 7006 --- [Pharmacies] [http-nio-8080-exec-3] o.s.w.s.m.m.a.HttpEntityMethodProcessor  : Using 'application/json', given [application/json, text/plain, */*] and supported [application/json, application/*+json]
2026-03-28T22:20:20.594+01:00 TRACE 7006 --- [Pharmacies] [http-nio-8080-exec-3] o.s.w.s.m.m.a.HttpEntityMethodProcessor  : Writing [{totalVente=1600.0, benefice=-7400.0, stockVendu=2}]
2026-03-28T22:20:20.595+01:00 TRACE 7006 --- [Pharmacies] [http-nio-8080-exec-8] o.s.web.servlet.DispatcherServlet        : GET "/api/v1/produit/stats/8", parameters={}, headers={masked} in DispatcherServlet 'dispatcherServlet'
2026-03-28T22:20:20.596+01:00 TRACE 7006 --- [Pharmacies] [http-nio-8080-exec-3] o.s.web.servlet.DispatcherServlet        : No view rendering, null ModelAndView returned.
2026-03-28T22:20:20.596+01:00 TRACE 7006 --- [Pharmacies] [http-nio-8080-exec-8] s.w.s.m.m.a.RequestMappingHandlerMapping : Mapped to com.gestion.invoice.controller.ProduitController#getProduitStats(Long)
2026-03-28T22:20:20.597+01:00 DEBUG 7006 --- [Pharmacies] [http-nio-8080-exec-3] o.s.web.servlet.DispatcherServlet        : Completed 200 OK, headers={masked}
2026-03-28T22:20:20.598+01:00 DEBUG 7006 --- [Pharmacies] [http-nio-8080-exec-9] o.s.w.s.m.m.a.HttpEntityMethodProcessor  : Using 'application/json', given [application/json, text/plain, */*] and supported [application/json, application/*+json]
2026-03-28T22:20:20.598+01:00 TRACE 7006 --- [Pharmacies] [http-nio-8080-exec-9] o.s.w.s.m.m.a.HttpEntityMethodProcessor  : Writing [{totalVente=0.0, benefice=0.0, stockVendu=0}]
2026-03-28T22:20:20.602+01:00 TRACE 7006 --- [Pharmacies] [http-nio-8080-exec-7] o.s.web.servlet.DispatcherServlet        : GET "/api/v1/produit/stats/9", parameters={}, headers={masked} in DispatcherServlet 'dispatcherServlet'
2026-03-28T22:20:20.604+01:00 TRACE 7006 --- [Pharmacies] [http-nio-8080-exec-7] s.w.s.m.m.a.RequestMappingHandlerMapping : Mapped to com.gestion.invoice.controller.ProduitController#getProduitStats(Long)
2026-03-28T22:20:20.605+01:00 DEBUG 7006 --- [Pharmacies] [http-nio-8080-exec-8] org.hibernate.SQL                        : 
    select
        dv1_0.id,
        dv1_0.client_id,
        dv1_0.code_ticket,
        dv1_0.create_at,
        dv1_0.created_by_id,
        dv1_0.etat,
        dv1_0.montant,
        dv1_0.montantachat,
        dv1_0.prix_achat,
        dv1_0.prix_unitaire,
        dv1_0.produit_id,
        dv1_0.quantite 
    from
        details_ventes dv1_0 
    left join
        produits p1_0 
            on p1_0.id=dv1_0.produit_id 
    where
        p1_0.id=? 
        and dv1_0.etat
2026-03-28T22:20:20.606+01:00 TRACE 7006 --- [Pharmacies] [http-nio-8080-exec-9] o.s.web.servlet.DispatcherServlet        : No view rendering, null ModelAndView returned.
2026-03-28T22:20:20.606+01:00 DEBUG 7006 --- [Pharmacies] [http-nio-8080-exec-9] o.s.web.servlet.DispatcherServlet        : Completed 200 OK, headers={masked}
2026-03-28T22:20:20.613+01:00 DEBUG 7006 --- [Pharmacies] [http-nio-8080-exec-7] org.hibernate.SQL                        : 
    select
        dv1_0.id,
        dv1_0.client_id,
        dv1_0.code_ticket,
        dv1_0.create_at,
        dv1_0.created_by_id,
        dv1_0.etat,
        dv1_0.montant,
        dv1_0.montantachat,
        dv1_0.prix_achat,
        dv1_0.prix_unitaire,
        dv1_0.produit_id,
        dv1_0.quantite 
    from
        details_ventes dv1_0 
    left join
        produits p1_0 
            on p1_0.id=dv1_0.produit_id 
    where
        p1_0.id=? 
        and dv1_0.etat
2026-03-28T22:20:20.616+01:00 DEBUG 7006 --- [Pharmacies] [http-nio-8080-exec-8] org.hibernate.SQL                        : 
    select
        dv1_0.id,
        dv1_0.client_id,
        dv1_0.code_ticket,
        dv1_0.create_at,
        dv1_0.created_by_id,
        dv1_0.etat,
        dv1_0.montant,
        dv1_0.montantachat,
        dv1_0.prix_achat,
        dv1_0.prix_unitaire,
        dv1_0.produit_id,
        dv1_0.quantite 
    from
        details_ventes dv1_0 
    left join
        produits p1_0 
            on p1_0.id=dv1_0.produit_id 
    where
        p1_0.id=? 
        and dv1_0.etat
2026-03-28T22:20:20.618+01:00 DEBUG 7006 --- [Pharmacies] [http-nio-8080-exec-5] org.hibernate.SQL                        : 
    select
        dv1_0.id,
        dv1_0.client_id,
        dv1_0.code_ticket,
        dv1_0.create_at,
        dv1_0.created_by_id,
        dv1_0.etat,
        dv1_0.montant,
        dv1_0.montantachat,
        dv1_0.prix_achat,
        dv1_0.prix_unitaire,
        dv1_0.produit_id,
        dv1_0.quantite 
    from
        details_ventes dv1_0 
    left join
        produits p1_0 
            on p1_0.id=dv1_0.produit_id 
    where
        p1_0.id=? 
        and dv1_0.etat
2026-03-28T22:20:20.625+01:00 DEBUG 7006 --- [Pharmacies] [http-nio-8080-exec-8] org.hibernate.SQL                        : 
    select
        dv1_0.id,
        dv1_0.client_id,
        dv1_0.code_ticket,
        dv1_0.create_at,
        dv1_0.created_by_id,
        dv1_0.etat,
        dv1_0.montant,
        dv1_0.montantachat,
        dv1_0.prix_achat,
        dv1_0.prix_unitaire,
        dv1_0.produit_id,
        dv1_0.quantite 
    from
        details_ventes dv1_0 
    left join
        produits p1_0 
            on p1_0.id=dv1_0.produit_id 
    where
        p1_0.id=? 
        and dv1_0.etat
2026-03-28T22:20:20.630+01:00 DEBUG 7006 --- [Pharmacies] [http-nio-8080-exec-5] org.hibernate.SQL                        : 
    select
        dv1_0.id,
        dv1_0.client_id,
        dv1_0.code_ticket,
        dv1_0.create_at,
        dv1_0.created_by_id,
        dv1_0.etat,
        dv1_0.montant,
        dv1_0.montantachat,
        dv1_0.prix_achat,
        dv1_0.prix_unitaire,
        dv1_0.produit_id,
        dv1_0.quantite 
    from
        details_ventes dv1_0 
    left join
        produits p1_0 
            on p1_0.id=dv1_0.produit_id 
    where
        p1_0.id=? 
        and dv1_0.etat
2026-03-28T22:20:20.631+01:00 DEBUG 7006 --- [Pharmacies] [http-nio-8080-exec-8] o.s.w.s.m.m.a.HttpEntityMethodProcessor  : Using 'application/json', given [application/json, text/plain, */*] and supported [application/json, application/*+json]
2026-03-28T22:20:20.632+01:00 TRACE 7006 --- [Pharmacies] [http-nio-8080-exec-8] o.s.w.s.m.m.a.HttpEntityMethodProcessor  : Writing [{totalVente=0.0, benefice=0.0, stockVendu=0}]
2026-03-28T22:20:20.633+01:00 DEBUG 7006 --- [Pharmacies] [http-nio-8080-exec-7] org.hibernate.SQL                        : 
    select
        dv1_0.id,
        dv1_0.client_id,
        dv1_0.code_ticket,
        dv1_0.create_at,
        dv1_0.created_by_id,
        dv1_0.etat,
        dv1_0.montant,
        dv1_0.montantachat,
        dv1_0.prix_achat,
        dv1_0.prix_unitaire,
        dv1_0.produit_id,
        dv1_0.quantite 
    from
        details_ventes dv1_0 
    left join
        produits p1_0 
            on p1_0.id=dv1_0.produit_id 
    where
        p1_0.id=? 
        and dv1_0.etat
2026-03-28T22:20:20.635+01:00 TRACE 7006 --- [Pharmacies] [http-nio-8080-exec-8] o.s.web.servlet.DispatcherServlet        : No view rendering, null ModelAndView returned.
2026-03-28T22:20:20.635+01:00 DEBUG 7006 --- [Pharmacies] [http-nio-8080-exec-8] o.s.web.servlet.DispatcherServlet        : Completed 200 OK, headers={masked}
2026-03-28T22:20:20.642+01:00 DEBUG 7006 --- [Pharmacies] [http-nio-8080-exec-5] o.s.w.s.m.m.a.HttpEntityMethodProcessor  : Using 'application/json', given [application/json, text/plain, */*] and supported [application/json, application/*+json]
2026-03-28T22:20:20.643+01:00 TRACE 7006 --- [Pharmacies] [http-nio-8080-exec-5] o.s.w.s.m.m.a.HttpEntityMethodProcessor  : Writing [{totalVente=17790.0, benefice=6990.0, stockVendu=27}]
2026-03-28T22:20:20.645+01:00 TRACE 7006 --- [Pharmacies] [http-nio-8080-exec-5] o.s.web.servlet.DispatcherServlet        : No view rendering, null ModelAndView returned.
2026-03-28T22:20:20.649+01:00 DEBUG 7006 --- [Pharmacies] [http-nio-8080-exec-5] o.s.web.servlet.DispatcherServlet        : Completed 200 OK, headers={masked}
2026-03-28T22:20:20.651+01:00 DEBUG 7006 --- [Pharmacies] [http-nio-8080-exec-7] org.hibernate.SQL                        : 
    select
        dv1_0.id,
        dv1_0.client_id,
        dv1_0.code_ticket,
        dv1_0.create_at,
        dv1_0.created_by_id,
        dv1_0.etat,
        dv1_0.montant,
        dv1_0.montantachat,
        dv1_0.prix_achat,
        dv1_0.prix_unitaire,
        dv1_0.produit_id,
        dv1_0.quantite 
    from
        details_ventes dv1_0 
    left join
        produits p1_0 
            on p1_0.id=dv1_0.produit_id 
    where
        p1_0.id=? 
        and dv1_0.etat
2026-03-28T22:20:20.658+01:00 DEBUG 7006 --- [Pharmacies] [http-nio-8080-exec-7] o.s.w.s.m.m.a.HttpEntityMethodProcessor  : Using 'application/json', given [application/json, text/plain, */*] and supported [application/json, application/*+json]
2026-03-28T22:20:20.658+01:00 TRACE 7006 --- [Pharmacies] [http-nio-8080-exec-7] o.s.w.s.m.m.a.HttpEntityMethodProcessor  : Writing [{totalVente=0.0, benefice=0.0, stockVendu=0}]
2026-03-28T22:20:20.660+01:00 TRACE 7006 --- [Pharmacies] [http-nio-8080-exec-7] o.s.web.servlet.DispatcherServlet        : No view rendering, null ModelAndView returned.
2026-03-28T22:20:20.660+01:00 DEBUG 7006 --- [Pharmacies] [http-nio-8080-exec-7] o.s.web.servlet.DispatcherServlet        : Completed 200 OK, headers={masked}
2026-03-28T22:20:30.315+01:00 TRACE 7006 --- [Pharmacies] [http-nio-8080-exec-1] o.s.web.servlet.DispatcherServlet        : GET "/api/v1/mesventes/actives?page=0&size=50", parameters={masked}, headers={masked} in DispatcherServlet 'dispatcherServlet'
2026-03-28T22:20:30.316+01:00 TRACE 7006 --- [Pharmacies] [http-nio-8080-exec-1] s.w.s.m.m.a.RequestMappingHandlerMapping : Mapped to com.gestion.invoice.controller.MesVenteController#getVentesActives(String, Long, String, String, int, int)
2026-03-28T22:20:30.316+01:00 TRACE 7006 --- [Pharmacies] [http-nio-8080-exec-6] o.s.web.servlet.DispatcherServlet        : GET "/api/v1/users", parameters={}, headers={masked} in DispatcherServlet 'dispatcherServlet'
2026-03-28T22:20:30.316+01:00 TRACE 7006 --- [Pharmacies] [http-nio-8080-exec-6] s.w.s.m.m.a.RequestMappingHandlerMapping : Mapped to com.gestion.invoice.controller.UserController#getAllUsers()
2026-03-28T22:20:30.339+01:00 DEBUG 7006 --- [Pharmacies] [http-nio-8080-exec-1] org.hibernate.SQL                        : 
    select
        v1_0.id,
        v1_0.benefice,
        v1_0.client_id,
        v1_0.code_ticket,
        v1_0.create_at,
        v1_0.created_by_id,
        v1_0.date_vente,
        v1_0.etat,
        v1_0.payer,
        v1_0.remis,
        v1_0.remise,
        v1_0.rendue,
        v1_0.statut,
        v1_0.total,
        v1_0.tva,
        v1_0.updated_at 
    from
        vente v1_0 
    join
        client c1_0 
            on c1_0.id=v1_0.client_id 
    where
        v1_0.etat=1 
        and v1_0.statut=1 
        and (
            ? is null 
            or c1_0.nom like replace(?, '\\', '\\\\')
        ) 
        and (
            ? is null 
            or v1_0.created_by_id=?
        ) 
        and (
            ? is null 
            or v1_0.date_vente>=?
        ) 
        and (
            ? is null 
            or v1_0.date_vente<=?
        ) 
    order by
        v1_0.date_vente desc 
    limit
        ?
2026-03-28T22:20:30.345+01:00 DEBUG 7006 --- [Pharmacies] [http-nio-8080-exec-1] org.hibernate.SQL                        : 
    select
        c1_0.id,
        c1_0.adresse,
        c1_0.create_at,
        c1_0.created_by_id,
        c1_0.etat,
        c1_0.nom,
        c1_0.telephone 
    from
        client c1_0 
    where
        c1_0.id=?
2026-03-28T22:20:30.349+01:00 DEBUG 7006 --- [Pharmacies] [http-nio-8080-exec-1] org.hibernate.SQL                        : 
    select
        c1_0.id,
        c1_0.adresse,
        c1_0.create_at,
        c1_0.created_by_id,
        c1_0.etat,
        c1_0.nom,
        c1_0.telephone 
    from
        client c1_0 
    where
        c1_0.id=?
2026-03-28T22:20:30.368+01:00 DEBUG 7006 --- [Pharmacies] [http-nio-8080-exec-1] o.s.w.s.m.m.a.HttpEntityMethodProcessor  : Using 'application/json', given [application/json, text/plain, */*] and supported [application/json, application/*+json]
2026-03-28T22:20:30.369+01:00 TRACE 7006 --- [Pharmacies] [http-nio-8080-exec-1] o.s.w.s.m.m.a.HttpEntityMethodProcessor  : Writing [Page 1 of 1 containing com.gestion.invoice.models.Vente instances]
2026-03-28T22:20:30.376+01:00 DEBUG 7006 --- [Pharmacies] [http-nio-8080-exec-1] org.hibernate.SQL                        : 
    select
        au1_0.id,
        au1_0.nom,
        au1_0.password,
        au1_0.prenoms,
        au1_0.telephone,
        a1_0.app_user_id,
        a1_1.id,
        a1_1.role_name 
    from
        users au1_0 
    left join
        users_approles a1_0 
            on au1_0.id=a1_0.app_user_id 
    left join
        roles a1_1 
            on a1_1.id=a1_0.approles_id 
    where
        au1_0.id=?
2026-03-28T22:20:30.377+01:00 DEBUG 7006 --- [Pharmacies] [http-nio-8080-exec-6] org.hibernate.SQL                        : 
    select
        au1_0.id,
        au1_0.nom,
        au1_0.password,
        au1_0.prenoms,
        au1_0.telephone 
    from
        users au1_0
2026-03-28T22:20:30.385+01:00 DEBUG 7006 --- [Pharmacies] [http-nio-8080-exec-6] org.hibernate.SQL                        : 
    select
        a1_0.app_user_id,
        a1_1.id,
        a1_1.role_name 
    from
        users_approles a1_0 
    join
        roles a1_1 
            on a1_1.id=a1_0.approles_id 
    where
        a1_0.app_user_id=?
2026-03-28T22:20:30.388+01:00 DEBUG 7006 --- [Pharmacies] [http-nio-8080-exec-6] org.hibernate.SQL                        : 
    select
        a1_0.app_user_id,
        a1_1.id,
        a1_1.role_name 
    from
        users_approles a1_0 
    join
        roles a1_1 
            on a1_1.id=a1_0.approles_id 
    where
        a1_0.app_user_id=?
2026-03-28T22:20:30.390+01:00 DEBUG 7006 --- [Pharmacies] [http-nio-8080-exec-6] org.hibernate.SQL                        : 
    select
        a1_0.app_user_id,
        a1_1.id,
        a1_1.role_name 
    from
        users_approles a1_0 
    join
        roles a1_1 
            on a1_1.id=a1_0.approles_id 
    where
        a1_0.app_user_id=?
2026-03-28T22:20:30.391+01:00 TRACE 7006 --- [Pharmacies] [http-nio-8080-exec-1] o.s.web.servlet.DispatcherServlet        : No view rendering, null ModelAndView returned.
2026-03-28T22:20:30.392+01:00 DEBUG 7006 --- [Pharmacies] [http-nio-8080-exec-1] o.s.web.servlet.DispatcherServlet        : Completed 200 OK, headers={masked}
2026-03-28T22:20:30.393+01:00 DEBUG 7006 --- [Pharmacies] [http-nio-8080-exec-6] org.hibernate.SQL                        : 
    select
        a1_0.app_user_id,
        a1_1.id,
        a1_1.role_name 
    from
        users_approles a1_0 
    join
        roles a1_1 
            on a1_1.id=a1_0.approles_id 
    where
        a1_0.app_user_id=?
2026-03-28T22:20:30.394+01:00 DEBUG 7006 --- [Pharmacies] [http-nio-8080-exec-6] org.hibernate.SQL                        : 
    select
        a1_0.app_user_id,
        a1_1.id,
        a1_1.role_name 
    from
        users_approles a1_0 
    join
        roles a1_1 
            on a1_1.id=a1_0.approles_id 
    where
        a1_0.app_user_id=?
2026-03-28T22:20:30.396+01:00 DEBUG 7006 --- [Pharmacies] [http-nio-8080-exec-6] org.hibernate.SQL                        : 
    select
        a1_0.app_user_id,
        a1_1.id,
        a1_1.role_name 
    from
        users_approles a1_0 
    join
        roles a1_1 
            on a1_1.id=a1_0.approles_id 
    where
        a1_0.app_user_id=?
2026-03-28T22:20:30.397+01:00 DEBUG 7006 --- [Pharmacies] [http-nio-8080-exec-6] org.hibernate.SQL                        : 
    select
        a1_0.app_user_id,
        a1_1.id,
        a1_1.role_name 
    from
        users_approles a1_0 
    join
        roles a1_1 
            on a1_1.id=a1_0.approles_id 
    where
        a1_0.app_user_id=?
2026-03-28T22:20:30.399+01:00 DEBUG 7006 --- [Pharmacies] [http-nio-8080-exec-6] org.hibernate.SQL                        : 
    select
        a1_0.app_user_id,
        a1_1.id,
        a1_1.role_name 
    from
        users_approles a1_0 
    join
        roles a1_1 
            on a1_1.id=a1_0.approles_id 
    where
        a1_0.app_user_id=?
2026-03-28T22:20:30.400+01:00 DEBUG 7006 --- [Pharmacies] [http-nio-8080-exec-6] org.hibernate.SQL                        : 
    select
        a1_0.app_user_id,
        a1_1.id,
        a1_1.role_name 
    from
        users_approles a1_0 
    join
        roles a1_1 
            on a1_1.id=a1_0.approles_id 
    where
        a1_0.app_user_id=?
2026-03-28T22:20:30.402+01:00 DEBUG 7006 --- [Pharmacies] [http-nio-8080-exec-6] org.hibernate.SQL                        : 
    select
        a1_0.app_user_id,
        a1_1.id,
        a1_1.role_name 
    from
        users_approles a1_0 
    join
        roles a1_1 
            on a1_1.id=a1_0.approles_id 
    where
        a1_0.app_user_id=?
2026-03-28T22:20:30.404+01:00 DEBUG 7006 --- [Pharmacies] [http-nio-8080-exec-6] org.hibernate.SQL                        : 
    select
        a1_0.app_user_id,
        a1_1.id,
        a1_1.role_name 
    from
        users_approles a1_0 
    join
        roles a1_1 
            on a1_1.id=a1_0.approles_id 
    where
        a1_0.app_user_id=?
2026-03-28T22:20:30.406+01:00 DEBUG 7006 --- [Pharmacies] [http-nio-8080-exec-6] org.hibernate.SQL                        : 
    select
        a1_0.app_user_id,
        a1_1.id,
        a1_1.role_name 
    from
        users_approles a1_0 
    join
        roles a1_1 
            on a1_1.id=a1_0.approles_id 
    where
        a1_0.app_user_id=?
2026-03-28T22:20:30.413+01:00 DEBUG 7006 --- [Pharmacies] [http-nio-8080-exec-6] m.m.a.RequestResponseBodyMethodProcessor : Using 'application/json', given [application/json, text/plain, */*] and supported [application/json, application/*+json]
2026-03-28T22:20:30.414+01:00 TRACE 7006 --- [Pharmacies] [http-nio-8080-exec-6] m.m.a.RequestResponseBodyMethodProcessor : Writing [[AppUser(id=1, nom=IWIKOTAN, prenoms=thierry, telephone=95064366, password=$2a$10$DxDLFk3EVD8ebPm1k6tOpuFnTY57SDKuVXSO8uerVeSGCZh5/jML6, approles=[AppRole(id=1, roleName=USER), AppRole(id=2, roleName=ADMIN)], roleId=null), AppUser(id=2, nom=IWIKOTAN, prenoms=Landry, telephone=80167188, password=$2a$10$RTMAlz.S0NWZTzmcUlvnpeYDb8XzAUdKUb.YJ0jZdxguxCV5Kae8e, approles=[AppRole(id=2, roleName=ADMIN)], roleId=null), AppUser(id=3, nom=IWIKOTAN, prenoms=smith, telephone=85536173, password=$2a$10$.A4EcoYJnCRXiqnmu6Htuut7RwMcaimLvCMKP4kL7IDPQwQyr9GVm, approles=[AppRole(id=1, roleName=USER)], roleId=null), AppUser(id=5, nom=thirry, prenoms=tomas, telephone=20202020, password=$2a$10$aszFQBKEcO7n4t/m5dJBFOBprVb.OT4bqrT1FuGHNLkIVcMp3ERO6, approles=[], roleId=null), AppUser(id=6, nom=iwikotan, prenoms=thiery, telephone=55555555, password=$2a$10$m0sFqoNR3OFYVt0sdorlvOcQ/xwezFK885sjJzpH9LYzfJ3ikFTPu, approles=[], roleId=null), AppUser(id=9, nom=iwiko, prenoms=kok, telephone=23232323, password=$2a$10$Kua2aFk7wp6hJJIjAD/S3.WfTiGSvuV0oLmZhFiJ9kruXNN1SJKxa, approles=[], roleId=null), AppUser(id=10, nom=ad, prenoms=hh, telephone=123, password=$2a$10$hEOHJx0F8ii7Mc3TsJNe4.RJ/YJQVng5QrJf8jxH87KvHMhAM1Y2y, approles=[], roleId=null), AppUser(id=11, nom=hh, prenoms=hh, telephone=2, password=$2a$10$FaCh.aWpfWEjwHN4.M9yFuMA6h8OuJ2eSa/SDMgUtmlN5d2OFeCA., approles=[], roleId=null), AppUser(id=12, nom=k, prenoms=l, telephone=3, password=$2a$10$k2OtBR581OyGSxVceC/fvu9yZZzXaGsmAKfihFiejkzANZNyw5V4K, approles=[AppRole(id=1, roleName=USER)], roleId=null), AppUser(id=13, nom=g, prenoms=h, telephone=22, password=$2a$10$B2ghggRqzi084R8zIXVoqukSuHRaZUmtIAH0nuasgqTpy8OhVs8Me, approles=[AppRole(id=1, roleName=USER)], roleId=null), AppUser(id=14, nom=d, prenoms=d, telephone=32, password=$2a$10$tZDNbhhlq5ASWhsb1dJCs.B7lt.g9pb6cazPcAbKEWCcm2XBJDGQ6, approles=[AppRole(id=2, roleName=ADMIN)], roleId=null), AppUser(id=15, nom=am, prenoms=ol, telephone=6, password=$2a$10$0AZxEcFNMgvRqXqSnJJWVufC/jv3XVIDrQx0y/qfqstDUm9Y.ME7G, approles=[AppRole(id=1, roleName=USER)], roleId=null)]]
2026-03-28T22:20:30.418+01:00 TRACE 7006 --- [Pharmacies] [http-nio-8080-exec-6] o.s.web.servlet.DispatcherServlet        : No view rendering, null ModelAndView returned.
2026-03-28T22:20:30.419+01:00 DEBUG 7006 --- [Pharmacies] [http-nio-8080-exec-6] o.s.web.servlet.DispatcherServlet        : Completed 200 OK, headers={masked}
2026-03-28T22:53:18.228+01:00  INFO 7006 --- [Pharmacies] [SpringApplicationShutdownHook] o.s.b.w.e.tomcat.GracefulShutdown        : Commencing graceful shutdown. Waiting for active requests to complete
2026-03-28T22:53:18.232+01:00  INFO 7006 --- [Pharmacies] [tomcat-shutdown] o.s.b.w.e.tomcat.GracefulShutdown        : Graceful shutdown complete
2026-03-28T22:53:18.243+01:00  INFO 7006 --- [Pharmacies] [SpringApplicationShutdownHook] j.LocalContainerEntityManagerFactoryBean : Closing JPA EntityManagerFactory for persistence unit 'default'
2026-03-28T22:53:18.249+01:00  INFO 7006 --- [Pharmacies] [SpringApplicationShutdownHook] com.zaxxer.hikari.HikariDataSource       : HikariPool-1 - Shutdown initiated...
2026-03-28T22:53:18.252+01:00  INFO 7006 --- [Pharmacies] [SpringApplicationShutdownHook] com.zaxxer.hikari.HikariDataSource       : HikariPool-1 - Shutdown completed.
2026-03-28T23:20:08.490+01:00  INFO 13099 --- [Pharmacies] [restartedMain] c.gestion.invoice.PharmaciesApplication  : Starting PharmaciesApplication using Java 17.0.18 with PID 13099 (/home/thierry/Clients/fullstock/gestions/Pharmacies/target/classes started by thierry in /home/thierry/Clients/fullstock/gestions/Pharmacies)
2026-03-28T23:20:08.492+01:00 DEBUG 13099 --- [Pharmacies] [restartedMain] c.gestion.invoice.PharmaciesApplication  : Running with Spring Boot v3.5.6, Spring v6.2.11
2026-03-28T23:20:08.493+01:00  INFO 13099 --- [Pharmacies] [restartedMain] c.gestion.invoice.PharmaciesApplication  : No active profile set, falling back to 1 default profile: "default"
2026-03-28T23:20:08.530+01:00  INFO 13099 --- [Pharmacies] [restartedMain] .e.DevToolsPropertyDefaultsPostProcessor : Devtools property defaults active! Set 'spring.devtools.add-properties' to 'false' to disable
2026-03-28T23:20:08.531+01:00  INFO 13099 --- [Pharmacies] [restartedMain] .e.DevToolsPropertyDefaultsPostProcessor : For additional web related logging consider setting the 'logging.level.web' property to 'DEBUG'
2026-03-28T23:20:09.144+01:00  INFO 13099 --- [Pharmacies] [restartedMain] .s.d.r.c.RepositoryConfigurationDelegate : Bootstrapping Spring Data JPA repositories in DEFAULT mode.
2026-03-28T23:20:09.204+01:00  INFO 13099 --- [Pharmacies] [restartedMain] .s.d.r.c.RepositoryConfigurationDelegate : Finished Spring Data repository scanning in 54 ms. Found 13 JPA repository interfaces.
2026-03-28T23:20:09.668+01:00  INFO 13099 --- [Pharmacies] [restartedMain] o.s.b.w.embedded.tomcat.TomcatWebServer  : Tomcat initialized with port 8080 (http)
2026-03-28T23:20:09.677+01:00  INFO 13099 --- [Pharmacies] [restartedMain] o.apache.catalina.core.StandardService   : Starting service [Tomcat]
2026-03-28T23:20:09.677+01:00  INFO 13099 --- [Pharmacies] [restartedMain] o.apache.catalina.core.StandardEngine    : Starting Servlet engine: [Apache Tomcat/10.1.46]
2026-03-28T23:20:09.703+01:00  INFO 13099 --- [Pharmacies] [restartedMain] o.a.c.c.C.[Tomcat].[localhost].[/]       : Initializing Spring embedded WebApplicationContext
2026-03-28T23:20:09.703+01:00  INFO 13099 --- [Pharmacies] [restartedMain] w.s.c.ServletWebServerApplicationContext : Root WebApplicationContext: initialization completed in 1172 ms
2026-03-28T23:20:09.860+01:00  INFO 13099 --- [Pharmacies] [restartedMain] o.hibernate.jpa.internal.util.LogHelper  : HHH000204: Processing PersistenceUnitInfo [name: default]
2026-03-28T23:20:09.896+01:00  INFO 13099 --- [Pharmacies] [restartedMain] org.hibernate.Version                    : HHH000412: Hibernate ORM core version 6.6.29.Final
2026-03-28T23:20:09.921+01:00  INFO 13099 --- [Pharmacies] [restartedMain] o.h.c.internal.RegionFactoryInitiator    : HHH000026: Second-level cache disabled
2026-03-28T23:20:10.082+01:00  INFO 13099 --- [Pharmacies] [restartedMain] o.s.o.j.p.SpringPersistenceUnitInfo      : No LoadTimeWeaver setup: ignoring JPA class transformer
2026-03-28T23:20:10.100+01:00  INFO 13099 --- [Pharmacies] [restartedMain] com.zaxxer.hikari.HikariDataSource       : HikariPool-1 - Starting...
2026-03-28T23:20:10.210+01:00  INFO 13099 --- [Pharmacies] [restartedMain] com.zaxxer.hikari.pool.HikariPool        : HikariPool-1 - Added connection com.mysql.cj.jdbc.ConnectionImpl@703d5837
2026-03-28T23:20:10.212+01:00  INFO 13099 --- [Pharmacies] [restartedMain] com.zaxxer.hikari.HikariDataSource       : HikariPool-1 - Start completed.
2026-03-28T23:20:10.261+01:00  WARN 13099 --- [Pharmacies] [restartedMain] org.hibernate.dialect.Dialect            : HHH000511: The 5.5.5 version for [org.hibernate.dialect.MySQLDialect] is no longer supported, hence certain features may not work properly. The minimum supported version is 8.0.0. Check the community dialects project for available legacy versions.
2026-03-28T23:20:10.282+01:00  INFO 13099 --- [Pharmacies] [restartedMain] org.hibernate.orm.connections.pooling    : HHH10001005: Database info:
	Database JDBC URL [Connecting through datasource 'HikariDataSource (HikariPool-1)']
	Database driver: undefined/unknown
	Database version: 5.5.5
	Autocommit mode: undefined/unknown
	Isolation level: undefined/unknown
	Minimum pool size: undefined/unknown
	Maximum pool size: undefined/unknown
2026-03-28T23:20:11.099+01:00  INFO 13099 --- [Pharmacies] [restartedMain] o.h.e.t.j.p.i.JtaPlatformInitiator       : HHH000489: No JTA platform available (set 'hibernate.transaction.jta.platform' to enable JTA platform integration)
2026-03-28T23:20:11.160+01:00  INFO 13099 --- [Pharmacies] [restartedMain] j.LocalContainerEntityManagerFactoryBean : Initialized JPA EntityManagerFactory for persistence unit 'default'
2026-03-28T23:20:11.432+01:00  INFO 13099 --- [Pharmacies] [restartedMain] o.s.d.j.r.query.QueryEnhancerFactory     : Hibernate is in classpath; If applicable, HQL parser will be used.
2026-03-28T23:20:12.496+01:00  INFO 13099 --- [Pharmacies] [restartedMain] r$InitializeUserDetailsManagerConfigurer : Global AuthenticationManager configured with UserDetailsService bean with name userDetailsService
2026-03-28T23:20:12.511+01:00  WARN 13099 --- [Pharmacies] [restartedMain] JpaBaseConfiguration$JpaWebConfiguration : spring.jpa.open-in-view is enabled by default. Therefore, database queries may be performed during view rendering. Explicitly configure spring.jpa.open-in-view to disable this warning
2026-03-28T23:20:12.576+01:00  INFO 13099 --- [Pharmacies] [restartedMain] o.s.b.a.w.s.WelcomePageHandlerMapping    : Adding welcome page: class path resource [static/index.html]
2026-03-28T23:20:12.601+01:00 TRACE 13099 --- [Pharmacies] [restartedMain] s.w.s.m.m.a.RequestMappingHandlerMapping : 
	c.g.i.c.CategorieController:
	{POST [/api/v1/categorie/add]}: addCategorie(CategorieProduit)
	{GET [/api/v1/categorie/all]}: allCategories()
	{PUT [/api/v1/categorie/update/{id}]}: updateCategorie(Long,CategorieProduit)
	{DELETE [/api/v1/categorie/delete/{id}]}: deleteCategorie(Long)
2026-03-28T23:20:12.606+01:00 TRACE 13099 --- [Pharmacies] [restartedMain] s.w.s.m.m.a.RequestMappingHandlerMapping : 
	c.g.i.c.ClientController:
	{POST [/api/v1/client/add]}: addClient(Client)
	{PUT [/api/v1/client/update/{id}]}: updateClient(Long,Client)
	{DELETE [/api/v1/client/delete/{id}]}: deleteClient(Long)
	{GET [/api/v1/client/all]}: getAllClients()
2026-03-28T23:20:12.607+01:00 TRACE 13099 --- [Pharmacies] [restartedMain] s.w.s.m.m.a.RequestMappingHandlerMapping : 
	c.g.i.c.CpteTicketsController:
	{GET [/api/v1/compteurticket]}: generateTk()
2026-03-28T23:20:12.608+01:00 TRACE 13099 --- [Pharmacies] [restartedMain] s.w.s.m.m.a.RequestMappingHandlerMapping : 
	c.g.i.c.DetailsVenteController:
	{PUT [/api/v1/detailsticket/update/{id}]}: updateDetailsTicket(Long,DetailsVentes)
	{POST [/api/v1/detailsticket/add]}: addDetailsTicket(DetailsVentes)
	{DELETE [/api/v1/detailsticket/delete/{id}]}: deleteDetailsTicket(Long)
	{PUT [/api/v1/detailsticket/disable/{produitId}/{ticketCode}]}: deleteDetailsTicketByProduit(Long,String)
	{PUT [/api/v1/detailsticket/finaliser/{codeTicket}]}: finaliserTicket(String,FinaliserTicketDTO)
	{GET [/api/v1/detailsticket/all]}: allDetailsTickets()
2026-03-28T23:20:12.610+01:00 TRACE 13099 --- [Pharmacies] [restartedMain] s.w.s.m.m.a.RequestMappingHandlerMapping : 
	c.g.i.c.EntreeStockController:
	{GET [/api/v1/entree-stock/search]}: searchEntrees(String,Pageable)
	{POST [/api/v1/entree-stock/add]}: addEntreeStock(EntreeStock)
	{GET [/api/v1/entree-stock/all]}: allEntrees()
	{GET [/api/v1/entree-stock]}: allEntrees(Pageable)
	{PUT [/api/v1/entree-stock/update/{id}]}: updateEntreeStock(Long,EntreeStock)
	{DELETE [/api/v1/entree-stock/delete/{id}]}: deleteEntreeStock(Long)
2026-03-28T23:20:12.613+01:00 TRACE 13099 --- [Pharmacies] [restartedMain] s.w.s.m.m.a.RequestMappingHandlerMapping : 
	c.g.i.c.FournisseurController:
	{POST [/api/v1/fournisseur/add]}: addFournisseur(Fournisseur)
	{PUT [/api/v1/fournisseur/update/{id}]}: updateFournisseur(Long,Fournisseur)
	{DELETE [/api/v1/fournisseur/delete/{id}]}: deleteFournisseur(Long)
	{GET [/api/v1/fournisseur/all]}: allFournisseurs()
2026-03-28T23:20:12.615+01:00 TRACE 13099 --- [Pharmacies] [restartedMain] s.w.s.m.m.a.RequestMappingHandlerMapping : 
	c.g.i.c.MesVenteController:
	{GET [/api/v1/mesventes/actives]}: getVentesActives(String,Long,String,String,int,int)
	{GET [/api/v1/mesventes/jour/by-phone/{phone}]}: getVentesDuJourByPhone(String)
	{POST [/api/v1/mesventes/annuler/{id}]}: annulerVente(Long)
2026-03-28T23:20:12.617+01:00 TRACE 13099 --- [Pharmacies] [restartedMain] s.w.s.m.m.a.RequestMappingHandlerMapping : 
	c.g.i.c.NomProduitController:
	{GET [/api/v1/nomproduit/all]}: allNomProduits()
	{POST [/api/v1/nomproduit/add]}: addNomProduit(NomProduit)
	{PUT [/api/v1/nomproduit/{id}]}: updateNomProduit(Long,NomProduit)
	{DELETE [/api/v1/nomproduit/{id}]}: deleteNomProduit(Long)
	{GET [/api/v1/nomproduit/search]}: searchNomProduit(String)
	{GET [/api/v1/nomproduit/{id}]}: getNomProduit(Long)
2026-03-28T23:20:12.618+01:00 TRACE 13099 --- [Pharmacies] [restartedMain] s.w.s.m.m.a.RequestMappingHandlerMapping : 
	c.g.i.c.PresentationController:
	{PUT [/api/v1/presentation/{id}]}: updatePresentation(Long,Presentation)
	{DELETE [/api/v1/presentation/{id}]}: deletePresentation(Long)
	{POST [/api/v1/presentation/add]}: create(Presentation)
	{GET [/api/v1/presentation/all]}: getAll()
2026-03-28T23:20:12.619+01:00 TRACE 13099 --- [Pharmacies] [restartedMain] s.w.s.m.m.a.RequestMappingHandlerMapping : 
	c.g.i.c.ProduitController:
	{POST [/api/v1/produit/add]}: addProduit(Produit)
	{PUT [/api/v1/produit/update/{id}]}: updateProduit(Long,Produit)
	{DELETE [/api/v1/produit/delete/{id}]}: deleteProduit(Long)
	{GET [/api/v1/produit/search]}: searchProduits(String,Pageable)
	{GET [/api/v1/produit]}: allProduits(Pageable)
	{GET [/api/v1/produit/all]}: allProduits()
	{GET [/api/v1/produit/stats/{produitId}]}: getProduitStats(Long)
2026-03-28T23:20:12.621+01:00 TRACE 13099 --- [Pharmacies] [restartedMain] s.w.s.m.m.a.RequestMappingHandlerMapping : 
	c.g.i.c.RecuPdfController:
	{GET [/api/v1/tickets/{codeTicket}/pdf]}: getOrCreatePdf(String)
	{GET [/api/v1/tickets/recu/all]}: getAllRecus(int,int)
	{DELETE [/api/v1/tickets/recu/{codeTicket}]}: deleteRecu(String)
2026-03-28T23:20:12.622+01:00 TRACE 13099 --- [Pharmacies] [restartedMain] s.w.s.m.m.a.RequestMappingHandlerMapping : 
	c.g.i.c.UserController:
	{POST [/api/v1/users/auth/login]}: login(Map,HttpServletRequest)
	{POST [/api/v1/users]}: addUser(AppUser)
	{POST [/api/v1/users/roles]}: addRole(AppRole)
	{PUT [/api/v1/users/{telephone}]}: updateUser(String,AppUser)
	{POST [/api/v1/users/auth/change-password]}: changePassword(Map)
	{GET [/api/v1/users]}: getAllUsers()
	{POST [/api/v1/users/addRoleToUser]}: addRoleToUser(UserToRole)
2026-03-28T23:20:12.624+01:00 TRACE 13099 --- [Pharmacies] [restartedMain] s.w.s.m.m.a.RequestMappingHandlerMapping : 
	c.g.i.c.VenteController:
	{PUT [/api/v1/ticket/update/{id}]}: updateTicket(Long,Vente)
	{DELETE [/api/v1/ticket/delete/{id}]}: deleteTicket(Long)
	{POST [/api/v1/ticket/create]}: createTicket(VenteCreateDTO)
	{GET [/api/v1/ticket]}: allTickets(Pageable)
	{GET [/api/v1/ticket/all]}: allTickets()
	{GET [/api/v1/ticket/find/{code}]}: findByCode(String)
2026-03-28T23:20:12.627+01:00 TRACE 13099 --- [Pharmacies] [restartedMain] s.w.s.m.m.a.RequestMappingHandlerMapping : 
	o.s.b.a.w.s.e.BasicErrorController:
	{ [/error], produces [text/html]}: errorHtml(HttpServletRequest,HttpServletResponse)
	{ [/error]}: error(HttpServletRequest)
2026-03-28T23:20:12.629+01:00 DEBUG 13099 --- [Pharmacies] [restartedMain] s.w.s.m.m.a.RequestMappingHandlerMapping : 63 mappings in 'requestMappingHandlerMapping'
2026-03-28T23:20:12.640+01:00 DEBUG 13099 --- [Pharmacies] [restartedMain] o.s.w.s.h.BeanNameUrlHandlerMapping      : Detected 0 mappings in 'beanNameHandlerMapping'
2026-03-28T23:20:12.698+01:00 TRACE 13099 --- [Pharmacies] [restartedMain] o.s.w.s.f.support.RouterFunctionMapping  : 0 RouterFunction(s) in 'routerFunctionMapping'
2026-03-28T23:20:12.713+01:00 TRACE 13099 --- [Pharmacies] [restartedMain] o.s.w.s.handler.SimpleUrlHandlerMapping  : Mapped [/webjars/**] onto ResourceHttpRequestHandler [classpath [META-INF/resources/webjars/]]
2026-03-28T23:20:12.714+01:00 TRACE 13099 --- [Pharmacies] [restartedMain] o.s.w.s.handler.SimpleUrlHandlerMapping  : Mapped [/**] onto ResourceHttpRequestHandler [classpath [META-INF/resources/], classpath [resources/], classpath [static/], classpath [public/], ServletContext [/]]
2026-03-28T23:20:12.714+01:00 DEBUG 13099 --- [Pharmacies] [restartedMain] o.s.w.s.handler.SimpleUrlHandlerMapping  : Patterns [/webjars/**, /**] in 'resourceHandlerMapping'
2026-03-28T23:20:12.855+01:00 DEBUG 13099 --- [Pharmacies] [restartedMain] s.w.s.m.m.a.RequestMappingHandlerAdapter : ControllerAdvice beans: 0 @ModelAttribute, 0 @InitBinder, 1 RequestBodyAdvice, 1 ResponseBodyAdvice
2026-03-28T23:20:12.888+01:00  WARN 13099 --- [Pharmacies] [restartedMain] ion$DefaultTemplateResolverConfiguration : Cannot find template location: classpath:/templates/ (please add some templates, check your Thymeleaf configuration, or set spring.thymeleaf.check-template-location=false)
2026-03-28T23:20:12.915+01:00 DEBUG 13099 --- [Pharmacies] [restartedMain] .m.m.a.ExceptionHandlerExceptionResolver : ControllerAdvice beans: 1 @ExceptionHandler, 1 ResponseBodyAdvice
2026-03-28T23:20:13.049+01:00  INFO 13099 --- [Pharmacies] [restartedMain] o.s.b.d.a.OptionalLiveReloadServer       : LiveReload server is running on port 35729
2026-03-28T23:20:13.080+01:00  INFO 13099 --- [Pharmacies] [restartedMain] o.s.b.w.embedded.tomcat.TomcatWebServer  : Tomcat started on port 8080 (http) with context path '/'
2026-03-28T23:20:13.091+01:00  INFO 13099 --- [Pharmacies] [restartedMain] c.gestion.invoice.PharmaciesApplication  : Started PharmaciesApplication in 5.003 seconds (process running for 5.378)
2026-03-28T23:20:37.160+01:00  INFO 13099 --- [Pharmacies] [http-nio-8080-exec-1] o.a.c.c.C.[Tomcat].[localhost].[/]       : Initializing Spring DispatcherServlet 'dispatcherServlet'
2026-03-28T23:20:37.160+01:00  INFO 13099 --- [Pharmacies] [http-nio-8080-exec-1] o.s.web.servlet.DispatcherServlet        : Initializing Servlet 'dispatcherServlet'
2026-03-28T23:20:37.161+01:00 TRACE 13099 --- [Pharmacies] [http-nio-8080-exec-1] o.s.web.servlet.DispatcherServlet        : Detected org.springframework.web.multipart.support.StandardServletMultipartResolver@6e5e7434
2026-03-28T23:20:37.161+01:00 TRACE 13099 --- [Pharmacies] [http-nio-8080-exec-1] o.s.web.servlet.DispatcherServlet        : Detected org.springframework.web.servlet.i18n.AcceptHeaderLocaleResolver@3735527f
2026-03-28T23:20:37.161+01:00 TRACE 13099 --- [Pharmacies] [http-nio-8080-exec-1] o.s.web.servlet.DispatcherServlet        : Detected org.springframework.web.servlet.theme.FixedThemeResolver@5bf4f8e8
2026-03-28T23:20:37.161+01:00 TRACE 13099 --- [Pharmacies] [http-nio-8080-exec-1] o.s.web.servlet.DispatcherServlet        : Detected DefaultRequestToViewNameTranslator
2026-03-28T23:20:37.162+01:00 TRACE 13099 --- [Pharmacies] [http-nio-8080-exec-1] o.s.web.servlet.DispatcherServlet        : Detected SessionFlashMapManager
2026-03-28T23:20:37.162+01:00 DEBUG 13099 --- [Pharmacies] [http-nio-8080-exec-1] o.s.web.servlet.DispatcherServlet        : enableLoggingRequestDetails='false': request parameters and headers will be masked to prevent unsafe logging of potentially sensitive data
2026-03-28T23:20:37.162+01:00  INFO 13099 --- [Pharmacies] [http-nio-8080-exec-1] o.s.web.servlet.DispatcherServlet        : Completed initialization in 1 ms
2026-03-28T23:20:37.343+01:00 DEBUG 13099 --- [Pharmacies] [http-nio-8080-exec-2] org.hibernate.SQL                        : 
    select
        au1_0.id,
        au1_0.nom,
        au1_0.password,
        au1_0.prenoms,
        au1_0.telephone 
    from
        users au1_0 
    where
        au1_0.telephone=?
2026-03-28T23:20:37.369+01:00 DEBUG 13099 --- [Pharmacies] [http-nio-8080-exec-2] org.hibernate.SQL                        : 
    select
        a1_0.app_user_id,
        a1_1.id,
        a1_1.role_name 
    from
        users_approles a1_0 
    join
        roles a1_1 
            on a1_1.id=a1_0.approles_id 
    where
        a1_0.app_user_id=?
2026-03-28T23:20:41.083+01:00 TRACE 13099 --- [Pharmacies] [http-nio-8080-exec-8] o.s.web.servlet.DispatcherServlet        : GET "/api/v1/categorie/all", parameters={}, headers={masked} in DispatcherServlet 'dispatcherServlet'
2026-03-28T23:20:41.083+01:00 TRACE 13099 --- [Pharmacies] [http-nio-8080-exec-9] o.s.web.servlet.DispatcherServlet        : GET "/api/v1/categorie/all", parameters={}, headers={masked} in DispatcherServlet 'dispatcherServlet'
2026-03-28T23:20:41.083+01:00 TRACE 13099 --- [Pharmacies] [http-nio-8080-exec-7] o.s.web.servlet.DispatcherServlet        : GET "/api/v1/produit?page=0&size=2000", parameters={masked}, headers={masked} in DispatcherServlet 'dispatcherServlet'
2026-03-28T23:20:41.083+01:00 TRACE 13099 --- [Pharmacies] [http-nio-8080-exec-10] o.s.web.servlet.DispatcherServlet        : GET "/api/v1/produit?page=0&size=2000", parameters={masked}, headers={masked} in DispatcherServlet 'dispatcherServlet'
2026-03-28T23:20:41.085+01:00 TRACE 13099 --- [Pharmacies] [http-nio-8080-exec-7] s.w.s.m.m.a.RequestMappingHandlerMapping : Mapped to com.gestion.invoice.controller.ProduitController#allProduits(Pageable)
2026-03-28T23:20:41.085+01:00 TRACE 13099 --- [Pharmacies] [http-nio-8080-exec-10] s.w.s.m.m.a.RequestMappingHandlerMapping : Mapped to com.gestion.invoice.controller.ProduitController#allProduits(Pageable)
2026-03-28T23:20:41.085+01:00 TRACE 13099 --- [Pharmacies] [http-nio-8080-exec-8] s.w.s.m.m.a.RequestMappingHandlerMapping : Mapped to com.gestion.invoice.controller.CategorieController#allCategories()
2026-03-28T23:20:41.085+01:00 TRACE 13099 --- [Pharmacies] [http-nio-8080-exec-9] s.w.s.m.m.a.RequestMappingHandlerMapping : Mapped to com.gestion.invoice.controller.CategorieController#allCategories()
2026-03-28T23:20:41.096+01:00 DEBUG 13099 --- [Pharmacies] [http-nio-8080-exec-9] org.hibernate.SQL                        : 
    select
        cp1_0.id,
        cp1_0.create_at,
        cp1_0.created_by_id,
        cp1_0.description,
        cp1_0.etat,
        cp1_0.nom_categorie 
    from
        categories_produits cp1_0 
    where
        cp1_0.etat
2026-03-28T23:20:41.096+01:00 DEBUG 13099 --- [Pharmacies] [http-nio-8080-exec-8] org.hibernate.SQL                        : 
    select
        cp1_0.id,
        cp1_0.create_at,
        cp1_0.created_by_id,
        cp1_0.description,
        cp1_0.etat,
        cp1_0.nom_categorie 
    from
        categories_produits cp1_0 
    where
        cp1_0.etat
2026-03-28T23:20:41.107+01:00 DEBUG 13099 --- [Pharmacies] [http-nio-8080-exec-9] o.s.w.s.m.m.a.HttpEntityMethodProcessor  : Using 'application/json', given [application/json, text/plain, */*] and supported [application/json, application/*+json]
2026-03-28T23:20:41.107+01:00 DEBUG 13099 --- [Pharmacies] [http-nio-8080-exec-8] o.s.w.s.m.m.a.HttpEntityMethodProcessor  : Using 'application/json', given [application/json, text/plain, */*] and supported [application/json, application/*+json]
2026-03-28T23:20:41.108+01:00 TRACE 13099 --- [Pharmacies] [http-nio-8080-exec-9] o.s.w.s.m.m.a.HttpEntityMethodProcessor  : Writing [[CategorieProduit(id=1, nomCategorie=ANTIBIOTIQUE, description=), CategorieProduit(id=2, nomCategorie=anti paludeen, description=)]]
2026-03-28T23:20:41.108+01:00 TRACE 13099 --- [Pharmacies] [http-nio-8080-exec-8] o.s.w.s.m.m.a.HttpEntityMethodProcessor  : Writing [[CategorieProduit(id=1, nomCategorie=ANTIBIOTIQUE, description=), CategorieProduit(id=2, nomCategorie=anti paludeen, description=)]]
2026-03-28T23:20:41.109+01:00 DEBUG 13099 --- [Pharmacies] [http-nio-8080-exec-7] org.hibernate.SQL                        : 
    select
        p1_0.id,
        p1_0.alerte,
        p1_0.categorie_id,
        p1_0.create_at,
        p1_0.created_by_id,
        p1_0.date_saisie,
        p1_0.etat,
        p1_0.image_produit,
        p1_0.nom_produit,
        p1_0.prix_vente,
        p1_0.stock_reel 
    from
        produits p1_0 
    limit
        ?, ?
2026-03-28T23:20:41.110+01:00 DEBUG 13099 --- [Pharmacies] [http-nio-8080-exec-10] org.hibernate.SQL                        : 
    select
        p1_0.id,
        p1_0.alerte,
        p1_0.categorie_id,
        p1_0.create_at,
        p1_0.created_by_id,
        p1_0.date_saisie,
        p1_0.etat,
        p1_0.image_produit,
        p1_0.nom_produit,
        p1_0.prix_vente,
        p1_0.stock_reel 
    from
        produits p1_0 
    limit
        ?, ?
2026-03-28T23:20:41.126+01:00 DEBUG 13099 --- [Pharmacies] [http-nio-8080-exec-10] org.hibernate.SQL                        : 
    select
        es1_0.id,
        es1_0.create_at,
        es1_0.created_by_id,
        es1_0.date_entree,
        es1_0.date_expiration,
        es1_0.etat,
        es1_0.fournisseur_id,
        es1_0.prix_achat,
        es1_0.produit_id,
        es1_0.quantite,
        es1_0.quantite_restante 
    from
        entrees_stock es1_0 
    where
        es1_0.produit_id=?
2026-03-28T23:20:41.126+01:00 DEBUG 13099 --- [Pharmacies] [http-nio-8080-exec-7] org.hibernate.SQL                        : 
    select
        es1_0.id,
        es1_0.create_at,
        es1_0.created_by_id,
        es1_0.date_entree,
        es1_0.date_expiration,
        es1_0.etat,
        es1_0.fournisseur_id,
        es1_0.prix_achat,
        es1_0.produit_id,
        es1_0.quantite,
        es1_0.quantite_restante 
    from
        entrees_stock es1_0 
    where
        es1_0.produit_id=?
2026-03-28T23:20:41.130+01:00 DEBUG 13099 --- [Pharmacies] [http-nio-8080-exec-10] org.hibernate.SQL                        : 
    select
        f1_0.id,
        f1_0.adresse,
        f1_0.create_at,
        f1_0.created_by_id,
        f1_0.email,
        f1_0.etat,
        f1_0.nom,
        f1_0.telephone 
    from
        fournisseur f1_0 
    where
        f1_0.id=?
2026-03-28T23:20:41.131+01:00 DEBUG 13099 --- [Pharmacies] [http-nio-8080-exec-7] org.hibernate.SQL                        : 
    select
        f1_0.id,
        f1_0.adresse,
        f1_0.create_at,
        f1_0.created_by_id,
        f1_0.email,
        f1_0.etat,
        f1_0.nom,
        f1_0.telephone 
    from
        fournisseur f1_0 
    where
        f1_0.id=?
2026-03-28T23:20:41.134+01:00 DEBUG 13099 --- [Pharmacies] [http-nio-8080-exec-9] org.hibernate.SQL                        : 
    select
        au1_0.id,
        au1_0.nom,
        au1_0.password,
        au1_0.prenoms,
        au1_0.telephone,
        a1_0.app_user_id,
        a1_1.id,
        a1_1.role_name 
    from
        users au1_0 
    left join
        users_approles a1_0 
            on au1_0.id=a1_0.app_user_id 
    left join
        roles a1_1 
            on a1_1.id=a1_0.approles_id 
    where
        au1_0.id=?
2026-03-28T23:20:41.135+01:00 DEBUG 13099 --- [Pharmacies] [http-nio-8080-exec-8] org.hibernate.SQL                        : 
    select
        au1_0.id,
        au1_0.nom,
        au1_0.password,
        au1_0.prenoms,
        au1_0.telephone,
        a1_0.app_user_id,
        a1_1.id,
        a1_1.role_name 
    from
        users au1_0 
    left join
        users_approles a1_0 
            on au1_0.id=a1_0.app_user_id 
    left join
        roles a1_1 
            on a1_1.id=a1_0.approles_id 
    where
        au1_0.id=?
2026-03-28T23:20:41.143+01:00 TRACE 13099 --- [Pharmacies] [http-nio-8080-exec-8] o.s.web.servlet.DispatcherServlet        : No view rendering, null ModelAndView returned.
2026-03-28T23:20:41.143+01:00 TRACE 13099 --- [Pharmacies] [http-nio-8080-exec-9] o.s.web.servlet.DispatcherServlet        : No view rendering, null ModelAndView returned.
2026-03-28T23:20:41.144+01:00 DEBUG 13099 --- [Pharmacies] [http-nio-8080-exec-9] o.s.web.servlet.DispatcherServlet        : Completed 200 OK, headers={masked}
2026-03-28T23:20:41.144+01:00 DEBUG 13099 --- [Pharmacies] [http-nio-8080-exec-8] o.s.web.servlet.DispatcherServlet        : Completed 200 OK, headers={masked}
2026-03-28T23:20:41.146+01:00 DEBUG 13099 --- [Pharmacies] [http-nio-8080-exec-7] org.hibernate.SQL                        : 
    select
        coalesce(sum(dv1_0.quantite), 0) 
    from
        details_ventes dv1_0 
    where
        dv1_0.produit_id=?
2026-03-28T23:20:41.147+01:00 DEBUG 13099 --- [Pharmacies] [http-nio-8080-exec-10] org.hibernate.SQL                        : 
    select
        coalesce(sum(dv1_0.quantite), 0) 
    from
        details_ventes dv1_0 
    where
        dv1_0.produit_id=?
2026-03-28T23:20:41.150+01:00 DEBUG 13099 --- [Pharmacies] [http-nio-8080-exec-10] org.hibernate.SQL                        : 
    select
        es1_0.id,
        es1_0.create_at,
        es1_0.created_by_id,
        es1_0.date_entree,
        es1_0.date_expiration,
        es1_0.etat,
        es1_0.fournisseur_id,
        es1_0.prix_achat,
        es1_0.produit_id,
        es1_0.quantite,
        es1_0.quantite_restante 
    from
        entrees_stock es1_0 
    where
        es1_0.produit_id=?
2026-03-28T23:20:41.150+01:00 DEBUG 13099 --- [Pharmacies] [http-nio-8080-exec-7] org.hibernate.SQL                        : 
    select
        es1_0.id,
        es1_0.create_at,
        es1_0.created_by_id,
        es1_0.date_entree,
        es1_0.date_expiration,
        es1_0.etat,
        es1_0.fournisseur_id,
        es1_0.prix_achat,
        es1_0.produit_id,
        es1_0.quantite,
        es1_0.quantite_restante 
    from
        entrees_stock es1_0 
    where
        es1_0.produit_id=?
2026-03-28T23:20:41.152+01:00 DEBUG 13099 --- [Pharmacies] [http-nio-8080-exec-10] org.hibernate.SQL                        : 
    select
        coalesce(sum(dv1_0.quantite), 0) 
    from
        details_ventes dv1_0 
    where
        dv1_0.produit_id=?
2026-03-28T23:20:41.152+01:00 DEBUG 13099 --- [Pharmacies] [http-nio-8080-exec-7] org.hibernate.SQL                        : 
    select
        coalesce(sum(dv1_0.quantite), 0) 
    from
        details_ventes dv1_0 
    where
        dv1_0.produit_id=?
2026-03-28T23:20:41.154+01:00 DEBUG 13099 --- [Pharmacies] [http-nio-8080-exec-7] org.hibernate.SQL                        : 
    select
        es1_0.id,
        es1_0.create_at,
        es1_0.created_by_id,
        es1_0.date_entree,
        es1_0.date_expiration,
        es1_0.etat,
        es1_0.fournisseur_id,
        es1_0.prix_achat,
        es1_0.produit_id,
        es1_0.quantite,
        es1_0.quantite_restante 
    from
        entrees_stock es1_0 
    where
        es1_0.produit_id=?
2026-03-28T23:20:41.155+01:00 DEBUG 13099 --- [Pharmacies] [http-nio-8080-exec-10] org.hibernate.SQL                        : 
    select
        es1_0.id,
        es1_0.create_at,
        es1_0.created_by_id,
        es1_0.date_entree,
        es1_0.date_expiration,
        es1_0.etat,
        es1_0.fournisseur_id,
        es1_0.prix_achat,
        es1_0.produit_id,
        es1_0.quantite,
        es1_0.quantite_restante 
    from
        entrees_stock es1_0 
    where
        es1_0.produit_id=?
2026-03-28T23:20:41.157+01:00 DEBUG 13099 --- [Pharmacies] [http-nio-8080-exec-7] org.hibernate.SQL                        : 
    select
        coalesce(sum(dv1_0.quantite), 0) 
    from
        details_ventes dv1_0 
    where
        dv1_0.produit_id=?
2026-03-28T23:20:41.157+01:00 DEBUG 13099 --- [Pharmacies] [http-nio-8080-exec-10] org.hibernate.SQL                        : 
    select
        coalesce(sum(dv1_0.quantite), 0) 
    from
        details_ventes dv1_0 
    where
        dv1_0.produit_id=?
2026-03-28T23:20:41.160+01:00 DEBUG 13099 --- [Pharmacies] [http-nio-8080-exec-7] org.hibernate.SQL                        : 
    select
        es1_0.id,
        es1_0.create_at,
        es1_0.created_by_id,
        es1_0.date_entree,
        es1_0.date_expiration,
        es1_0.etat,
        es1_0.fournisseur_id,
        es1_0.prix_achat,
        es1_0.produit_id,
        es1_0.quantite,
        es1_0.quantite_restante 
    from
        entrees_stock es1_0 
    where
        es1_0.produit_id=?
2026-03-28T23:20:41.160+01:00 DEBUG 13099 --- [Pharmacies] [http-nio-8080-exec-10] org.hibernate.SQL                        : 
    select
        es1_0.id,
        es1_0.create_at,
        es1_0.created_by_id,
        es1_0.date_entree,
        es1_0.date_expiration,
        es1_0.etat,
        es1_0.fournisseur_id,
        es1_0.prix_achat,
        es1_0.produit_id,
        es1_0.quantite,
        es1_0.quantite_restante 
    from
        entrees_stock es1_0 
    where
        es1_0.produit_id=?
2026-03-28T23:20:41.163+01:00 DEBUG 13099 --- [Pharmacies] [http-nio-8080-exec-7] org.hibernate.SQL                        : 
    select
        coalesce(sum(dv1_0.quantite), 0) 
    from
        details_ventes dv1_0 
    where
        dv1_0.produit_id=?
2026-03-28T23:20:41.163+01:00 DEBUG 13099 --- [Pharmacies] [http-nio-8080-exec-10] org.hibernate.SQL                        : 
    select
        coalesce(sum(dv1_0.quantite), 0) 
    from
        details_ventes dv1_0 
    where
        dv1_0.produit_id=?
2026-03-28T23:20:41.166+01:00 DEBUG 13099 --- [Pharmacies] [http-nio-8080-exec-7] org.hibernate.SQL                        : 
    select
        es1_0.id,
        es1_0.create_at,
        es1_0.created_by_id,
        es1_0.date_entree,
        es1_0.date_expiration,
        es1_0.etat,
        es1_0.fournisseur_id,
        es1_0.prix_achat,
        es1_0.produit_id,
        es1_0.quantite,
        es1_0.quantite_restante 
    from
        entrees_stock es1_0 
    where
        es1_0.produit_id=?
2026-03-28T23:20:41.166+01:00 DEBUG 13099 --- [Pharmacies] [http-nio-8080-exec-10] org.hibernate.SQL                        : 
    select
        es1_0.id,
        es1_0.create_at,
        es1_0.created_by_id,
        es1_0.date_entree,
        es1_0.date_expiration,
        es1_0.etat,
        es1_0.fournisseur_id,
        es1_0.prix_achat,
        es1_0.produit_id,
        es1_0.quantite,
        es1_0.quantite_restante 
    from
        entrees_stock es1_0 
    where
        es1_0.produit_id=?
2026-03-28T23:20:41.169+01:00 DEBUG 13099 --- [Pharmacies] [http-nio-8080-exec-10] org.hibernate.SQL                        : 
    select
        coalesce(sum(dv1_0.quantite), 0) 
    from
        details_ventes dv1_0 
    where
        dv1_0.produit_id=?
2026-03-28T23:20:41.169+01:00 DEBUG 13099 --- [Pharmacies] [http-nio-8080-exec-7] org.hibernate.SQL                        : 
    select
        coalesce(sum(dv1_0.quantite), 0) 
    from
        details_ventes dv1_0 
    where
        dv1_0.produit_id=?
2026-03-28T23:20:41.172+01:00 DEBUG 13099 --- [Pharmacies] [http-nio-8080-exec-7] org.hibernate.SQL                        : 
    select
        es1_0.id,
        es1_0.create_at,
        es1_0.created_by_id,
        es1_0.date_entree,
        es1_0.date_expiration,
        es1_0.etat,
        es1_0.fournisseur_id,
        es1_0.prix_achat,
        es1_0.produit_id,
        es1_0.quantite,
        es1_0.quantite_restante 
    from
        entrees_stock es1_0 
    where
        es1_0.produit_id=?
2026-03-28T23:20:41.172+01:00 DEBUG 13099 --- [Pharmacies] [http-nio-8080-exec-10] org.hibernate.SQL                        : 
    select
        es1_0.id,
        es1_0.create_at,
        es1_0.created_by_id,
        es1_0.date_entree,
        es1_0.date_expiration,
        es1_0.etat,
        es1_0.fournisseur_id,
        es1_0.prix_achat,
        es1_0.produit_id,
        es1_0.quantite,
        es1_0.quantite_restante 
    from
        entrees_stock es1_0 
    where
        es1_0.produit_id=?
2026-03-28T23:20:41.175+01:00 DEBUG 13099 --- [Pharmacies] [http-nio-8080-exec-7] org.hibernate.SQL                        : 
    select
        coalesce(sum(dv1_0.quantite), 0) 
    from
        details_ventes dv1_0 
    where
        dv1_0.produit_id=?
2026-03-28T23:20:41.175+01:00 DEBUG 13099 --- [Pharmacies] [http-nio-8080-exec-10] org.hibernate.SQL                        : 
    select
        coalesce(sum(dv1_0.quantite), 0) 
    from
        details_ventes dv1_0 
    where
        dv1_0.produit_id=?
2026-03-28T23:20:41.178+01:00 DEBUG 13099 --- [Pharmacies] [http-nio-8080-exec-7] org.hibernate.SQL                        : 
    select
        es1_0.id,
        es1_0.create_at,
        es1_0.created_by_id,
        es1_0.date_entree,
        es1_0.date_expiration,
        es1_0.etat,
        es1_0.fournisseur_id,
        es1_0.prix_achat,
        es1_0.produit_id,
        es1_0.quantite,
        es1_0.quantite_restante 
    from
        entrees_stock es1_0 
    where
        es1_0.produit_id=?
2026-03-28T23:20:41.178+01:00 DEBUG 13099 --- [Pharmacies] [http-nio-8080-exec-10] org.hibernate.SQL                        : 
    select
        es1_0.id,
        es1_0.create_at,
        es1_0.created_by_id,
        es1_0.date_entree,
        es1_0.date_expiration,
        es1_0.etat,
        es1_0.fournisseur_id,
        es1_0.prix_achat,
        es1_0.produit_id,
        es1_0.quantite,
        es1_0.quantite_restante 
    from
        entrees_stock es1_0 
    where
        es1_0.produit_id=?
2026-03-28T23:20:41.180+01:00 DEBUG 13099 --- [Pharmacies] [http-nio-8080-exec-7] org.hibernate.SQL                        : 
    select
        coalesce(sum(dv1_0.quantite), 0) 
    from
        details_ventes dv1_0 
    where
        dv1_0.produit_id=?
2026-03-28T23:20:41.180+01:00 DEBUG 13099 --- [Pharmacies] [http-nio-8080-exec-10] org.hibernate.SQL                        : 
    select
        coalesce(sum(dv1_0.quantite), 0) 
    from
        details_ventes dv1_0 
    where
        dv1_0.produit_id=?
2026-03-28T23:20:41.183+01:00 DEBUG 13099 --- [Pharmacies] [http-nio-8080-exec-7] org.hibernate.SQL                        : 
    select
        es1_0.id,
        es1_0.create_at,
        es1_0.created_by_id,
        es1_0.date_entree,
        es1_0.date_expiration,
        es1_0.etat,
        es1_0.fournisseur_id,
        es1_0.prix_achat,
        es1_0.produit_id,
        es1_0.quantite,
        es1_0.quantite_restante 
    from
        entrees_stock es1_0 
    where
        es1_0.produit_id=?
2026-03-28T23:20:41.183+01:00 DEBUG 13099 --- [Pharmacies] [http-nio-8080-exec-10] org.hibernate.SQL                        : 
    select
        es1_0.id,
        es1_0.create_at,
        es1_0.created_by_id,
        es1_0.date_entree,
        es1_0.date_expiration,
        es1_0.etat,
        es1_0.fournisseur_id,
        es1_0.prix_achat,
        es1_0.produit_id,
        es1_0.quantite,
        es1_0.quantite_restante 
    from
        entrees_stock es1_0 
    where
        es1_0.produit_id=?
2026-03-28T23:20:41.186+01:00 DEBUG 13099 --- [Pharmacies] [http-nio-8080-exec-7] org.hibernate.SQL                        : 
    select
        coalesce(sum(dv1_0.quantite), 0) 
    from
        details_ventes dv1_0 
    where
        dv1_0.produit_id=?
2026-03-28T23:20:41.186+01:00 DEBUG 13099 --- [Pharmacies] [http-nio-8080-exec-10] org.hibernate.SQL                        : 
    select
        coalesce(sum(dv1_0.quantite), 0) 
    from
        details_ventes dv1_0 
    where
        dv1_0.produit_id=?
2026-03-28T23:20:41.192+01:00  WARN 13099 --- [Pharmacies] [http-nio-8080-exec-7] ration$PageModule$WarningLoggingModifier : Serializing PageImpl instances as-is is not supported, meaning that there is no guarantee about the stability of the resulting JSON structure!
	For a stable JSON structure, please use Spring Data's PagedModel (globally via @EnableSpringDataWebSupport(pageSerializationMode = VIA_DTO))
	or Spring HATEOAS and Spring Data's PagedResourcesAssembler as documented in https://docs.spring.io/spring-data/commons/reference/repositories/core-extensions.html#core.web.pageables.

2026-03-28T23:20:41.195+01:00 DEBUG 13099 --- [Pharmacies] [http-nio-8080-exec-10] o.s.w.s.m.m.a.HttpEntityMethodProcessor  : Using 'application/json', given [application/json, text/plain, */*] and supported [application/json, application/*+json]
2026-03-28T23:20:41.195+01:00 DEBUG 13099 --- [Pharmacies] [http-nio-8080-exec-7] o.s.w.s.m.m.a.HttpEntityMethodProcessor  : Using 'application/json', given [application/json, text/plain, */*] and supported [application/json, application/*+json]
2026-03-28T23:20:41.195+01:00 TRACE 13099 --- [Pharmacies] [http-nio-8080-exec-7] o.s.w.s.m.m.a.HttpEntityMethodProcessor  : Writing [Page 1 of 1 containing com.gestion.invoice.models.Produit instances]
2026-03-28T23:20:41.195+01:00 TRACE 13099 --- [Pharmacies] [http-nio-8080-exec-10] o.s.w.s.m.m.a.HttpEntityMethodProcessor  : Writing [Page 1 of 1 containing com.gestion.invoice.models.Produit instances]
2026-03-28T23:20:41.199+01:00 DEBUG 13099 --- [Pharmacies] [http-nio-8080-exec-7] org.hibernate.SQL                        : 
    select
        au1_0.id,
        au1_0.nom,
        au1_0.password,
        au1_0.prenoms,
        au1_0.telephone,
        a1_0.app_user_id,
        a1_1.id,
        a1_1.role_name 
    from
        users au1_0 
    left join
        users_approles a1_0 
            on au1_0.id=a1_0.app_user_id 
    left join
        roles a1_1 
            on a1_1.id=a1_0.approles_id 
    where
        au1_0.id=?
2026-03-28T23:20:41.199+01:00 DEBUG 13099 --- [Pharmacies] [http-nio-8080-exec-10] org.hibernate.SQL                        : 
    select
        au1_0.id,
        au1_0.nom,
        au1_0.password,
        au1_0.prenoms,
        au1_0.telephone,
        a1_0.app_user_id,
        a1_1.id,
        a1_1.role_name 
    from
        users au1_0 
    left join
        users_approles a1_0 
            on au1_0.id=a1_0.app_user_id 
    left join
        roles a1_1 
            on a1_1.id=a1_0.approles_id 
    where
        au1_0.id=?
2026-03-28T23:20:41.202+01:00 DEBUG 13099 --- [Pharmacies] [http-nio-8080-exec-10] org.hibernate.SQL                        : 
    select
        cp1_0.id,
        cp1_0.create_at,
        cp1_0.created_by_id,
        cp1_0.description,
        cp1_0.etat,
        cp1_0.nom_categorie 
    from
        categories_produits cp1_0 
    where
        cp1_0.id=?
2026-03-28T23:20:41.202+01:00 DEBUG 13099 --- [Pharmacies] [http-nio-8080-exec-7] org.hibernate.SQL                        : 
    select
        cp1_0.id,
        cp1_0.create_at,
        cp1_0.created_by_id,
        cp1_0.description,
        cp1_0.etat,
        cp1_0.nom_categorie 
    from
        categories_produits cp1_0 
    where
        cp1_0.id=?
2026-03-28T23:20:41.206+01:00 DEBUG 13099 --- [Pharmacies] [http-nio-8080-exec-7] org.hibernate.SQL                        : 
    select
        cp1_0.id,
        cp1_0.create_at,
        cp1_0.created_by_id,
        cp1_0.description,
        cp1_0.etat,
        cp1_0.nom_categorie 
    from
        categories_produits cp1_0 
    where
        cp1_0.id=?
2026-03-28T23:20:41.207+01:00 DEBUG 13099 --- [Pharmacies] [http-nio-8080-exec-10] org.hibernate.SQL                        : 
    select
        cp1_0.id,
        cp1_0.create_at,
        cp1_0.created_by_id,
        cp1_0.description,
        cp1_0.etat,
        cp1_0.nom_categorie 
    from
        categories_produits cp1_0 
    where
        cp1_0.id=?
2026-03-28T23:20:41.214+01:00 TRACE 13099 --- [Pharmacies] [http-nio-8080-exec-10] o.s.web.servlet.DispatcherServlet        : No view rendering, null ModelAndView returned.
2026-03-28T23:20:41.214+01:00 TRACE 13099 --- [Pharmacies] [http-nio-8080-exec-7] o.s.web.servlet.DispatcherServlet        : No view rendering, null ModelAndView returned.
2026-03-28T23:20:41.214+01:00 DEBUG 13099 --- [Pharmacies] [http-nio-8080-exec-10] o.s.web.servlet.DispatcherServlet        : Completed 200 OK, headers={masked}
2026-03-28T23:20:41.214+01:00 DEBUG 13099 --- [Pharmacies] [http-nio-8080-exec-7] o.s.web.servlet.DispatcherServlet        : Completed 200 OK, headers={masked}
2026-03-28T23:20:41.251+01:00 TRACE 13099 --- [Pharmacies] [http-nio-8080-exec-9] o.s.web.servlet.DispatcherServlet        : GET "/api/v1/produit/stats/1", parameters={}, headers={masked} in DispatcherServlet 'dispatcherServlet'
2026-03-28T23:20:41.252+01:00 TRACE 13099 --- [Pharmacies] [http-nio-8080-exec-9] s.w.s.m.m.a.RequestMappingHandlerMapping : Mapped to com.gestion.invoice.controller.ProduitController#getProduitStats(Long)
2026-03-28T23:20:41.254+01:00 TRACE 13099 --- [Pharmacies] [http-nio-8080-exec-6] o.s.web.servlet.DispatcherServlet        : GET "/api/v1/produit/stats/3", parameters={}, headers={masked} in DispatcherServlet 'dispatcherServlet'
2026-03-28T23:20:41.254+01:00 TRACE 13099 --- [Pharmacies] [http-nio-8080-exec-2] o.s.web.servlet.DispatcherServlet        : GET "/api/v1/produit/stats/4", parameters={}, headers={masked} in DispatcherServlet 'dispatcherServlet'
2026-03-28T23:20:41.254+01:00 TRACE 13099 --- [Pharmacies] [http-nio-8080-exec-2] s.w.s.m.m.a.RequestMappingHandlerMapping : Mapped to com.gestion.invoice.controller.ProduitController#getProduitStats(Long)
2026-03-28T23:20:41.258+01:00 TRACE 13099 --- [Pharmacies] [http-nio-8080-exec-10] o.s.web.servlet.DispatcherServlet        : GET "/api/v1/produit/stats/7", parameters={}, headers={masked} in DispatcherServlet 'dispatcherServlet'
2026-03-28T23:20:41.259+01:00 TRACE 13099 --- [Pharmacies] [http-nio-8080-exec-10] s.w.s.m.m.a.RequestMappingHandlerMapping : Mapped to com.gestion.invoice.controller.ProduitController#getProduitStats(Long)
2026-03-28T23:20:41.260+01:00 TRACE 13099 --- [Pharmacies] [http-nio-8080-exec-1] o.s.web.servlet.DispatcherServlet        : GET "/api/v1/produit/stats/6", parameters={}, headers={masked} in DispatcherServlet 'dispatcherServlet'
2026-03-28T23:20:41.260+01:00 TRACE 13099 --- [Pharmacies] [http-nio-8080-exec-1] s.w.s.m.m.a.RequestMappingHandlerMapping : Mapped to com.gestion.invoice.controller.ProduitController#getProduitStats(Long)
2026-03-28T23:20:41.254+01:00 TRACE 13099 --- [Pharmacies] [http-nio-8080-exec-6] s.w.s.m.m.a.RequestMappingHandlerMapping : Mapped to com.gestion.invoice.controller.ProduitController#getProduitStats(Long)
2026-03-28T23:20:41.261+01:00 TRACE 13099 --- [Pharmacies] [http-nio-8080-exec-3] o.s.web.servlet.DispatcherServlet        : GET "/api/v1/produit/stats/5", parameters={}, headers={masked} in DispatcherServlet 'dispatcherServlet'
2026-03-28T23:20:41.262+01:00 DEBUG 13099 --- [Pharmacies] [http-nio-8080-exec-10] org.hibernate.SQL                        : 
    select
        dv1_0.id,
        dv1_0.client_id,
        dv1_0.code_ticket,
        dv1_0.create_at,
        dv1_0.created_by_id,
        dv1_0.etat,
        dv1_0.montant,
        dv1_0.montantachat,
        dv1_0.prix_achat,
        dv1_0.prix_unitaire,
        dv1_0.produit_id,
        dv1_0.quantite 
    from
        details_ventes dv1_0 
    left join
        produits p1_0 
            on p1_0.id=dv1_0.produit_id 
    where
        p1_0.id=? 
        and dv1_0.etat
2026-03-28T23:20:41.262+01:00 DEBUG 13099 --- [Pharmacies] [http-nio-8080-exec-2] org.hibernate.SQL                        : 
    select
        dv1_0.id,
        dv1_0.client_id,
        dv1_0.code_ticket,
        dv1_0.create_at,
        dv1_0.created_by_id,
        dv1_0.etat,
        dv1_0.montant,
        dv1_0.montantachat,
        dv1_0.prix_achat,
        dv1_0.prix_unitaire,
        dv1_0.produit_id,
        dv1_0.quantite 
    from
        details_ventes dv1_0 
    left join
        produits p1_0 
            on p1_0.id=dv1_0.produit_id 
    where
        p1_0.id=? 
        and dv1_0.etat
2026-03-28T23:20:41.262+01:00 TRACE 13099 --- [Pharmacies] [http-nio-8080-exec-3] s.w.s.m.m.a.RequestMappingHandlerMapping : Mapped to com.gestion.invoice.controller.ProduitController#getProduitStats(Long)
2026-03-28T23:20:41.262+01:00 DEBUG 13099 --- [Pharmacies] [http-nio-8080-exec-9] org.hibernate.SQL                        : 
    select
        dv1_0.id,
        dv1_0.client_id,
        dv1_0.code_ticket,
        dv1_0.create_at,
        dv1_0.created_by_id,
        dv1_0.etat,
        dv1_0.montant,
        dv1_0.montantachat,
        dv1_0.prix_achat,
        dv1_0.prix_unitaire,
        dv1_0.produit_id,
        dv1_0.quantite 
    from
        details_ventes dv1_0 
    left join
        produits p1_0 
            on p1_0.id=dv1_0.produit_id 
    where
        p1_0.id=? 
        and dv1_0.etat
2026-03-28T23:20:41.262+01:00 DEBUG 13099 --- [Pharmacies] [http-nio-8080-exec-1] org.hibernate.SQL                        : 
    select
        dv1_0.id,
        dv1_0.client_id,
        dv1_0.code_ticket,
        dv1_0.create_at,
        dv1_0.created_by_id,
        dv1_0.etat,
        dv1_0.montant,
        dv1_0.montantachat,
        dv1_0.prix_achat,
        dv1_0.prix_unitaire,
        dv1_0.produit_id,
        dv1_0.quantite 
    from
        details_ventes dv1_0 
    left join
        produits p1_0 
            on p1_0.id=dv1_0.produit_id 
    where
        p1_0.id=? 
        and dv1_0.etat
2026-03-28T23:20:41.263+01:00 DEBUG 13099 --- [Pharmacies] [http-nio-8080-exec-6] org.hibernate.SQL                        : 
    select
        dv1_0.id,
        dv1_0.client_id,
        dv1_0.code_ticket,
        dv1_0.create_at,
        dv1_0.created_by_id,
        dv1_0.etat,
        dv1_0.montant,
        dv1_0.montantachat,
        dv1_0.prix_achat,
        dv1_0.prix_unitaire,
        dv1_0.produit_id,
        dv1_0.quantite 
    from
        details_ventes dv1_0 
    left join
        produits p1_0 
            on p1_0.id=dv1_0.produit_id 
    where
        p1_0.id=? 
        and dv1_0.etat
2026-03-28T23:20:41.263+01:00 DEBUG 13099 --- [Pharmacies] [http-nio-8080-exec-2] org.hibernate.SQL                        : 
    select
        p1_0.id,
        p1_0.alerte,
        p1_0.categorie_id,
        p1_0.create_at,
        p1_0.created_by_id,
        p1_0.date_saisie,
        p1_0.etat,
        p1_0.image_produit,
        p1_0.nom_produit,
        p1_0.prix_vente,
        p1_0.stock_reel 
    from
        produits p1_0 
    where
        p1_0.id=?
2026-03-28T23:20:41.264+01:00 DEBUG 13099 --- [Pharmacies] [http-nio-8080-exec-9] org.hibernate.SQL                        : 
    select
        p1_0.id,
        p1_0.alerte,
        p1_0.categorie_id,
        p1_0.create_at,
        p1_0.created_by_id,
        p1_0.date_saisie,
        p1_0.etat,
        p1_0.image_produit,
        p1_0.nom_produit,
        p1_0.prix_vente,
        p1_0.stock_reel 
    from
        produits p1_0 
    where
        p1_0.id=?
2026-03-28T23:20:41.266+01:00 DEBUG 13099 --- [Pharmacies] [http-nio-8080-exec-3] org.hibernate.SQL                        : 
    select
        dv1_0.id,
        dv1_0.client_id,
        dv1_0.code_ticket,
        dv1_0.create_at,
        dv1_0.created_by_id,
        dv1_0.etat,
        dv1_0.montant,
        dv1_0.montantachat,
        dv1_0.prix_achat,
        dv1_0.prix_unitaire,
        dv1_0.produit_id,
        dv1_0.quantite 
    from
        details_ventes dv1_0 
    left join
        produits p1_0 
            on p1_0.id=dv1_0.produit_id 
    where
        p1_0.id=? 
        and dv1_0.etat
2026-03-28T23:20:41.266+01:00 DEBUG 13099 --- [Pharmacies] [http-nio-8080-exec-10] org.hibernate.SQL                        : 
    select
        dv1_0.id,
        dv1_0.client_id,
        dv1_0.code_ticket,
        dv1_0.create_at,
        dv1_0.created_by_id,
        dv1_0.etat,
        dv1_0.montant,
        dv1_0.montantachat,
        dv1_0.prix_achat,
        dv1_0.prix_unitaire,
        dv1_0.produit_id,
        dv1_0.quantite 
    from
        details_ventes dv1_0 
    left join
        produits p1_0 
            on p1_0.id=dv1_0.produit_id 
    where
        p1_0.id=? 
        and dv1_0.etat
2026-03-28T23:20:41.267+01:00 DEBUG 13099 --- [Pharmacies] [http-nio-8080-exec-1] org.hibernate.SQL                        : 
    select
        dv1_0.id,
        dv1_0.client_id,
        dv1_0.code_ticket,
        dv1_0.create_at,
        dv1_0.created_by_id,
        dv1_0.etat,
        dv1_0.montant,
        dv1_0.montantachat,
        dv1_0.prix_achat,
        dv1_0.prix_unitaire,
        dv1_0.produit_id,
        dv1_0.quantite 
    from
        details_ventes dv1_0 
    left join
        produits p1_0 
            on p1_0.id=dv1_0.produit_id 
    where
        p1_0.id=? 
        and dv1_0.etat
2026-03-28T23:20:41.267+01:00 DEBUG 13099 --- [Pharmacies] [http-nio-8080-exec-6] org.hibernate.SQL                        : 
    select
        dv1_0.id,
        dv1_0.client_id,
        dv1_0.code_ticket,
        dv1_0.create_at,
        dv1_0.created_by_id,
        dv1_0.etat,
        dv1_0.montant,
        dv1_0.montantachat,
        dv1_0.prix_achat,
        dv1_0.prix_unitaire,
        dv1_0.produit_id,
        dv1_0.quantite 
    from
        details_ventes dv1_0 
    left join
        produits p1_0 
            on p1_0.id=dv1_0.produit_id 
    where
        p1_0.id=? 
        and dv1_0.etat
2026-03-28T23:20:41.268+01:00 DEBUG 13099 --- [Pharmacies] [http-nio-8080-exec-3] org.hibernate.SQL                        : 
    select
        dv1_0.id,
        dv1_0.client_id,
        dv1_0.code_ticket,
        dv1_0.create_at,
        dv1_0.created_by_id,
        dv1_0.etat,
        dv1_0.montant,
        dv1_0.montantachat,
        dv1_0.prix_achat,
        dv1_0.prix_unitaire,
        dv1_0.produit_id,
        dv1_0.quantite 
    from
        details_ventes dv1_0 
    left join
        produits p1_0 
            on p1_0.id=dv1_0.produit_id 
    where
        p1_0.id=? 
        and dv1_0.etat
2026-03-28T23:20:41.272+01:00 DEBUG 13099 --- [Pharmacies] [http-nio-8080-exec-2] org.hibernate.SQL                        : 
    select
        dv1_0.id,
        dv1_0.client_id,
        dv1_0.code_ticket,
        dv1_0.create_at,
        dv1_0.created_by_id,
        dv1_0.etat,
        dv1_0.montant,
        dv1_0.montantachat,
        dv1_0.prix_achat,
        dv1_0.prix_unitaire,
        dv1_0.produit_id,
        dv1_0.quantite 
    from
        details_ventes dv1_0 
    left join
        produits p1_0 
            on p1_0.id=dv1_0.produit_id 
    where
        p1_0.id=? 
        and dv1_0.etat
2026-03-28T23:20:41.274+01:00 DEBUG 13099 --- [Pharmacies] [http-nio-8080-exec-10] org.hibernate.SQL                        : 
    select
        dv1_0.id,
        dv1_0.client_id,
        dv1_0.code_ticket,
        dv1_0.create_at,
        dv1_0.created_by_id,
        dv1_0.etat,
        dv1_0.montant,
        dv1_0.montantachat,
        dv1_0.prix_achat,
        dv1_0.prix_unitaire,
        dv1_0.produit_id,
        dv1_0.quantite 
    from
        details_ventes dv1_0 
    left join
        produits p1_0 
            on p1_0.id=dv1_0.produit_id 
    where
        p1_0.id=? 
        and dv1_0.etat
2026-03-28T23:20:41.274+01:00 DEBUG 13099 --- [Pharmacies] [http-nio-8080-exec-6] org.hibernate.SQL                        : 
    select
        dv1_0.id,
        dv1_0.client_id,
        dv1_0.code_ticket,
        dv1_0.create_at,
        dv1_0.created_by_id,
        dv1_0.etat,
        dv1_0.montant,
        dv1_0.montantachat,
        dv1_0.prix_achat,
        dv1_0.prix_unitaire,
        dv1_0.produit_id,
        dv1_0.quantite 
    from
        details_ventes dv1_0 
    left join
        produits p1_0 
            on p1_0.id=dv1_0.produit_id 
    where
        p1_0.id=? 
        and dv1_0.etat
2026-03-28T23:20:41.274+01:00 DEBUG 13099 --- [Pharmacies] [http-nio-8080-exec-9] org.hibernate.SQL                        : 
    select
        dv1_0.id,
        dv1_0.client_id,
        dv1_0.code_ticket,
        dv1_0.create_at,
        dv1_0.created_by_id,
        dv1_0.etat,
        dv1_0.montant,
        dv1_0.montantachat,
        dv1_0.prix_achat,
        dv1_0.prix_unitaire,
        dv1_0.produit_id,
        dv1_0.quantite 
    from
        details_ventes dv1_0 
    left join
        produits p1_0 
            on p1_0.id=dv1_0.produit_id 
    where
        p1_0.id=? 
        and dv1_0.etat
2026-03-28T23:20:41.275+01:00 DEBUG 13099 --- [Pharmacies] [http-nio-8080-exec-2] org.hibernate.SQL                        : 
    select
        dv1_0.id,
        dv1_0.client_id,
        dv1_0.code_ticket,
        dv1_0.create_at,
        dv1_0.created_by_id,
        dv1_0.etat,
        dv1_0.montant,
        dv1_0.montantachat,
        dv1_0.prix_achat,
        dv1_0.prix_unitaire,
        dv1_0.produit_id,
        dv1_0.quantite 
    from
        details_ventes dv1_0 
    left join
        produits p1_0 
            on p1_0.id=dv1_0.produit_id 
    where
        p1_0.id=? 
        and dv1_0.etat
2026-03-28T23:20:41.275+01:00 DEBUG 13099 --- [Pharmacies] [http-nio-8080-exec-1] org.hibernate.SQL                        : 
    select
        dv1_0.id,
        dv1_0.client_id,
        dv1_0.code_ticket,
        dv1_0.create_at,
        dv1_0.created_by_id,
        dv1_0.etat,
        dv1_0.montant,
        dv1_0.montantachat,
        dv1_0.prix_achat,
        dv1_0.prix_unitaire,
        dv1_0.produit_id,
        dv1_0.quantite 
    from
        details_ventes dv1_0 
    left join
        produits p1_0 
            on p1_0.id=dv1_0.produit_id 
    where
        p1_0.id=? 
        and dv1_0.etat
2026-03-28T23:20:41.276+01:00 DEBUG 13099 --- [Pharmacies] [http-nio-8080-exec-3] org.hibernate.SQL                        : 
    select
        dv1_0.id,
        dv1_0.client_id,
        dv1_0.code_ticket,
        dv1_0.create_at,
        dv1_0.created_by_id,
        dv1_0.etat,
        dv1_0.montant,
        dv1_0.montantachat,
        dv1_0.prix_achat,
        dv1_0.prix_unitaire,
        dv1_0.produit_id,
        dv1_0.quantite 
    from
        details_ventes dv1_0 
    left join
        produits p1_0 
            on p1_0.id=dv1_0.produit_id 
    where
        p1_0.id=? 
        and dv1_0.etat
2026-03-28T23:20:41.278+01:00 DEBUG 13099 --- [Pharmacies] [http-nio-8080-exec-10] o.s.w.s.m.m.a.HttpEntityMethodProcessor  : Using 'application/json', given [application/json, text/plain, */*] and supported [application/json, application/*+json]
2026-03-28T23:20:41.278+01:00 TRACE 13099 --- [Pharmacies] [http-nio-8080-exec-10] o.s.w.s.m.m.a.HttpEntityMethodProcessor  : Writing [{totalVente=0.0, benefice=0.0, stockVendu=0}]
2026-03-28T23:20:41.278+01:00 DEBUG 13099 --- [Pharmacies] [http-nio-8080-exec-6] o.s.w.s.m.m.a.HttpEntityMethodProcessor  : Using 'application/json', given [application/json, text/plain, */*] and supported [application/json, application/*+json]
2026-03-28T23:20:41.278+01:00 TRACE 13099 --- [Pharmacies] [http-nio-8080-exec-6] o.s.w.s.m.m.a.HttpEntityMethodProcessor  : Writing [{totalVente=0.0, benefice=0.0, stockVendu=0}]
2026-03-28T23:20:41.279+01:00 DEBUG 13099 --- [Pharmacies] [http-nio-8080-exec-3] o.s.w.s.m.m.a.HttpEntityMethodProcessor  : Using 'application/json', given [application/json, text/plain, */*] and supported [application/json, application/*+json]
2026-03-28T23:20:41.279+01:00 TRACE 13099 --- [Pharmacies] [http-nio-8080-exec-3] o.s.w.s.m.m.a.HttpEntityMethodProcessor  : Writing [{totalVente=0.0, benefice=0.0, stockVendu=0}]
2026-03-28T23:20:41.280+01:00 DEBUG 13099 --- [Pharmacies] [http-nio-8080-exec-2] o.s.w.s.m.m.a.HttpEntityMethodProcessor  : Using 'application/json', given [application/json, text/plain, */*] and supported [application/json, application/*+json]
2026-03-28T23:20:41.280+01:00 TRACE 13099 --- [Pharmacies] [http-nio-8080-exec-3] o.s.web.servlet.DispatcherServlet        : No view rendering, null ModelAndView returned.
2026-03-28T23:20:41.280+01:00 TRACE 13099 --- [Pharmacies] [http-nio-8080-exec-2] o.s.w.s.m.m.a.HttpEntityMethodProcessor  : Writing [{totalVente=1600.0, benefice=-7400.0, stockVendu=2}]
2026-03-28T23:20:41.280+01:00 TRACE 13099 --- [Pharmacies] [http-nio-8080-exec-10] o.s.web.servlet.DispatcherServlet        : No view rendering, null ModelAndView returned.
2026-03-28T23:20:41.278+01:00 DEBUG 13099 --- [Pharmacies] [http-nio-8080-exec-1] o.s.w.s.m.m.a.HttpEntityMethodProcessor  : Using 'application/json', given [application/json, text/plain, */*] and supported [application/json, application/*+json]
2026-03-28T23:20:41.281+01:00 DEBUG 13099 --- [Pharmacies] [http-nio-8080-exec-10] o.s.web.servlet.DispatcherServlet        : Completed 200 OK, headers={masked}
2026-03-28T23:20:41.281+01:00 TRACE 13099 --- [Pharmacies] [http-nio-8080-exec-1] o.s.w.s.m.m.a.HttpEntityMethodProcessor  : Writing [{totalVente=0.0, benefice=0.0, stockVendu=0}]
2026-03-28T23:20:41.281+01:00 TRACE 13099 --- [Pharmacies] [http-nio-8080-exec-6] o.s.web.servlet.DispatcherServlet        : No view rendering, null ModelAndView returned.
2026-03-28T23:20:41.281+01:00 DEBUG 13099 --- [Pharmacies] [http-nio-8080-exec-6] o.s.web.servlet.DispatcherServlet        : Completed 200 OK, headers={masked}
2026-03-28T23:20:41.281+01:00 TRACE 13099 --- [Pharmacies] [http-nio-8080-exec-1] o.s.web.servlet.DispatcherServlet        : No view rendering, null ModelAndView returned.
2026-03-28T23:20:41.281+01:00 DEBUG 13099 --- [Pharmacies] [http-nio-8080-exec-1] o.s.web.servlet.DispatcherServlet        : Completed 200 OK, headers={masked}
2026-03-28T23:20:41.280+01:00 DEBUG 13099 --- [Pharmacies] [http-nio-8080-exec-3] o.s.web.servlet.DispatcherServlet        : Completed 200 OK, headers={masked}
2026-03-28T23:20:41.283+01:00 DEBUG 13099 --- [Pharmacies] [http-nio-8080-exec-9] org.hibernate.SQL                        : 
    select
        dv1_0.id,
        dv1_0.client_id,
        dv1_0.code_ticket,
        dv1_0.create_at,
        dv1_0.created_by_id,
        dv1_0.etat,
        dv1_0.montant,
        dv1_0.montantachat,
        dv1_0.prix_achat,
        dv1_0.prix_unitaire,
        dv1_0.produit_id,
        dv1_0.quantite 
    from
        details_ventes dv1_0 
    left join
        produits p1_0 
            on p1_0.id=dv1_0.produit_id 
    where
        p1_0.id=? 
        and dv1_0.etat
2026-03-28T23:20:41.284+01:00 TRACE 13099 --- [Pharmacies] [http-nio-8080-exec-7] o.s.web.servlet.DispatcherServlet        : GET "/api/v1/produit/stats/9", parameters={}, headers={masked} in DispatcherServlet 'dispatcherServlet'
2026-03-28T23:20:41.284+01:00 TRACE 13099 --- [Pharmacies] [http-nio-8080-exec-7] s.w.s.m.m.a.RequestMappingHandlerMapping : Mapped to com.gestion.invoice.controller.ProduitController#getProduitStats(Long)
2026-03-28T23:20:41.280+01:00 TRACE 13099 --- [Pharmacies] [http-nio-8080-exec-2] o.s.web.servlet.DispatcherServlet        : No view rendering, null ModelAndView returned.
2026-03-28T23:20:41.285+01:00 DEBUG 13099 --- [Pharmacies] [http-nio-8080-exec-2] o.s.web.servlet.DispatcherServlet        : Completed 200 OK, headers={masked}
2026-03-28T23:20:41.286+01:00 DEBUG 13099 --- [Pharmacies] [http-nio-8080-exec-9] o.s.w.s.m.m.a.HttpEntityMethodProcessor  : Using 'application/json', given [application/json, text/plain, */*] and supported [application/json, application/*+json]
2026-03-28T23:20:41.286+01:00 TRACE 13099 --- [Pharmacies] [http-nio-8080-exec-9] o.s.w.s.m.m.a.HttpEntityMethodProcessor  : Writing [{totalVente=17790.0, benefice=6990.0, stockVendu=27}]
2026-03-28T23:20:41.287+01:00 TRACE 13099 --- [Pharmacies] [http-nio-8080-exec-9] o.s.web.servlet.DispatcherServlet        : No view rendering, null ModelAndView returned.
2026-03-28T23:20:41.287+01:00 DEBUG 13099 --- [Pharmacies] [http-nio-8080-exec-9] o.s.web.servlet.DispatcherServlet        : Completed 200 OK, headers={masked}
2026-03-28T23:20:41.288+01:00 DEBUG 13099 --- [Pharmacies] [http-nio-8080-exec-7] org.hibernate.SQL                        : 
    select
        dv1_0.id,
        dv1_0.client_id,
        dv1_0.code_ticket,
        dv1_0.create_at,
        dv1_0.created_by_id,
        dv1_0.etat,
        dv1_0.montant,
        dv1_0.montantachat,
        dv1_0.prix_achat,
        dv1_0.prix_unitaire,
        dv1_0.produit_id,
        dv1_0.quantite 
    from
        details_ventes dv1_0 
    left join
        produits p1_0 
            on p1_0.id=dv1_0.produit_id 
    where
        p1_0.id=? 
        and dv1_0.etat
2026-03-28T23:20:41.290+01:00 TRACE 13099 --- [Pharmacies] [http-nio-8080-exec-8] o.s.web.servlet.DispatcherServlet        : GET "/api/v1/produit/stats/8", parameters={}, headers={masked} in DispatcherServlet 'dispatcherServlet'
2026-03-28T23:20:41.291+01:00 TRACE 13099 --- [Pharmacies] [http-nio-8080-exec-8] s.w.s.m.m.a.RequestMappingHandlerMapping : Mapped to com.gestion.invoice.controller.ProduitController#getProduitStats(Long)
2026-03-28T23:20:41.293+01:00 DEBUG 13099 --- [Pharmacies] [http-nio-8080-exec-7] org.hibernate.SQL                        : 
    select
        dv1_0.id,
        dv1_0.client_id,
        dv1_0.code_ticket,
        dv1_0.create_at,
        dv1_0.created_by_id,
        dv1_0.etat,
        dv1_0.montant,
        dv1_0.montantachat,
        dv1_0.prix_achat,
        dv1_0.prix_unitaire,
        dv1_0.produit_id,
        dv1_0.quantite 
    from
        details_ventes dv1_0 
    left join
        produits p1_0 
            on p1_0.id=dv1_0.produit_id 
    where
        p1_0.id=? 
        and dv1_0.etat
2026-03-28T23:20:41.296+01:00 DEBUG 13099 --- [Pharmacies] [http-nio-8080-exec-8] org.hibernate.SQL                        : 
    select
        dv1_0.id,
        dv1_0.client_id,
        dv1_0.code_ticket,
        dv1_0.create_at,
        dv1_0.created_by_id,
        dv1_0.etat,
        dv1_0.montant,
        dv1_0.montantachat,
        dv1_0.prix_achat,
        dv1_0.prix_unitaire,
        dv1_0.produit_id,
        dv1_0.quantite 
    from
        details_ventes dv1_0 
    left join
        produits p1_0 
            on p1_0.id=dv1_0.produit_id 
    where
        p1_0.id=? 
        and dv1_0.etat
2026-03-28T23:20:41.299+01:00 DEBUG 13099 --- [Pharmacies] [http-nio-8080-exec-7] org.hibernate.SQL                        : 
    select
        dv1_0.id,
        dv1_0.client_id,
        dv1_0.code_ticket,
        dv1_0.create_at,
        dv1_0.created_by_id,
        dv1_0.etat,
        dv1_0.montant,
        dv1_0.montantachat,
        dv1_0.prix_achat,
        dv1_0.prix_unitaire,
        dv1_0.produit_id,
        dv1_0.quantite 
    from
        details_ventes dv1_0 
    left join
        produits p1_0 
            on p1_0.id=dv1_0.produit_id 
    where
        p1_0.id=? 
        and dv1_0.etat
2026-03-28T23:20:41.299+01:00 DEBUG 13099 --- [Pharmacies] [http-nio-8080-exec-8] org.hibernate.SQL                        : 
    select
        dv1_0.id,
        dv1_0.client_id,
        dv1_0.code_ticket,
        dv1_0.create_at,
        dv1_0.created_by_id,
        dv1_0.etat,
        dv1_0.montant,
        dv1_0.montantachat,
        dv1_0.prix_achat,
        dv1_0.prix_unitaire,
        dv1_0.produit_id,
        dv1_0.quantite 
    from
        details_ventes dv1_0 
    left join
        produits p1_0 
            on p1_0.id=dv1_0.produit_id 
    where
        p1_0.id=? 
        and dv1_0.etat
2026-03-28T23:20:41.301+01:00 DEBUG 13099 --- [Pharmacies] [http-nio-8080-exec-7] o.s.w.s.m.m.a.HttpEntityMethodProcessor  : Using 'application/json', given [application/json, text/plain, */*] and supported [application/json, application/*+json]
2026-03-28T23:20:41.302+01:00 TRACE 13099 --- [Pharmacies] [http-nio-8080-exec-7] o.s.w.s.m.m.a.HttpEntityMethodProcessor  : Writing [{totalVente=0.0, benefice=0.0, stockVendu=0}]
2026-03-28T23:20:41.303+01:00 TRACE 13099 --- [Pharmacies] [http-nio-8080-exec-7] o.s.web.servlet.DispatcherServlet        : No view rendering, null ModelAndView returned.
2026-03-28T23:20:41.303+01:00 DEBUG 13099 --- [Pharmacies] [http-nio-8080-exec-8] org.hibernate.SQL                        : 
    select
        dv1_0.id,
        dv1_0.client_id,
        dv1_0.code_ticket,
        dv1_0.create_at,
        dv1_0.created_by_id,
        dv1_0.etat,
        dv1_0.montant,
        dv1_0.montantachat,
        dv1_0.prix_achat,
        dv1_0.prix_unitaire,
        dv1_0.produit_id,
        dv1_0.quantite 
    from
        details_ventes dv1_0 
    left join
        produits p1_0 
            on p1_0.id=dv1_0.produit_id 
    where
        p1_0.id=? 
        and dv1_0.etat
2026-03-28T23:20:41.303+01:00 DEBUG 13099 --- [Pharmacies] [http-nio-8080-exec-7] o.s.web.servlet.DispatcherServlet        : Completed 200 OK, headers={masked}
2026-03-28T23:20:41.305+01:00 DEBUG 13099 --- [Pharmacies] [http-nio-8080-exec-8] o.s.w.s.m.m.a.HttpEntityMethodProcessor  : Using 'application/json', given [application/json, text/plain, */*] and supported [application/json, application/*+json]
2026-03-28T23:20:41.305+01:00 TRACE 13099 --- [Pharmacies] [http-nio-8080-exec-8] o.s.w.s.m.m.a.HttpEntityMethodProcessor  : Writing [{totalVente=0.0, benefice=0.0, stockVendu=0}]
2026-03-28T23:20:41.306+01:00 TRACE 13099 --- [Pharmacies] [http-nio-8080-exec-8] o.s.web.servlet.DispatcherServlet        : No view rendering, null ModelAndView returned.
2026-03-28T23:20:41.306+01:00 DEBUG 13099 --- [Pharmacies] [http-nio-8080-exec-8] o.s.web.servlet.DispatcherServlet        : Completed 200 OK, headers={masked}
2026-03-28T23:20:41.562+01:00 TRACE 13099 --- [Pharmacies] [http-nio-8080-exec-4] o.s.web.servlet.DispatcherServlet        : GET "/api/v1/produit?page=0&size=2000", parameters={masked}, headers={masked} in DispatcherServlet 'dispatcherServlet'
2026-03-28T23:20:41.562+01:00 TRACE 13099 --- [Pharmacies] [http-nio-8080-exec-4] s.w.s.m.m.a.RequestMappingHandlerMapping : Mapped to com.gestion.invoice.controller.ProduitController#allProduits(Pageable)
2026-03-28T23:20:41.564+01:00 DEBUG 13099 --- [Pharmacies] [http-nio-8080-exec-4] org.hibernate.SQL                        : 
    select
        p1_0.id,
        p1_0.alerte,
        p1_0.categorie_id,
        p1_0.create_at,
        p1_0.created_by_id,
        p1_0.date_saisie,
        p1_0.etat,
        p1_0.image_produit,
        p1_0.nom_produit,
        p1_0.prix_vente,
        p1_0.stock_reel 
    from
        produits p1_0 
    limit
        ?, ?
2026-03-28T23:20:41.568+01:00 DEBUG 13099 --- [Pharmacies] [http-nio-8080-exec-4] org.hibernate.SQL                        : 
    select
        es1_0.id,
        es1_0.create_at,
        es1_0.created_by_id,
        es1_0.date_entree,
        es1_0.date_expiration,
        es1_0.etat,
        es1_0.fournisseur_id,
        es1_0.prix_achat,
        es1_0.produit_id,
        es1_0.quantite,
        es1_0.quantite_restante 
    from
        entrees_stock es1_0 
    where
        es1_0.produit_id=?
2026-03-28T23:20:41.570+01:00 DEBUG 13099 --- [Pharmacies] [http-nio-8080-exec-4] org.hibernate.SQL                        : 
    select
        f1_0.id,
        f1_0.adresse,
        f1_0.create_at,
        f1_0.created_by_id,
        f1_0.email,
        f1_0.etat,
        f1_0.nom,
        f1_0.telephone 
    from
        fournisseur f1_0 
    where
        f1_0.id=?
2026-03-28T23:20:41.572+01:00 DEBUG 13099 --- [Pharmacies] [http-nio-8080-exec-4] org.hibernate.SQL                        : 
    select
        coalesce(sum(dv1_0.quantite), 0) 
    from
        details_ventes dv1_0 
    where
        dv1_0.produit_id=?
2026-03-28T23:20:41.574+01:00 DEBUG 13099 --- [Pharmacies] [http-nio-8080-exec-4] org.hibernate.SQL                        : 
    select
        es1_0.id,
        es1_0.create_at,
        es1_0.created_by_id,
        es1_0.date_entree,
        es1_0.date_expiration,
        es1_0.etat,
        es1_0.fournisseur_id,
        es1_0.prix_achat,
        es1_0.produit_id,
        es1_0.quantite,
        es1_0.quantite_restante 
    from
        entrees_stock es1_0 
    where
        es1_0.produit_id=?
2026-03-28T23:20:41.575+01:00 DEBUG 13099 --- [Pharmacies] [http-nio-8080-exec-4] org.hibernate.SQL                        : 
    select
        coalesce(sum(dv1_0.quantite), 0) 
    from
        details_ventes dv1_0 
    where
        dv1_0.produit_id=?
2026-03-28T23:20:41.577+01:00 DEBUG 13099 --- [Pharmacies] [http-nio-8080-exec-4] org.hibernate.SQL                        : 
    select
        es1_0.id,
        es1_0.create_at,
        es1_0.created_by_id,
        es1_0.date_entree,
        es1_0.date_expiration,
        es1_0.etat,
        es1_0.fournisseur_id,
        es1_0.prix_achat,
        es1_0.produit_id,
        es1_0.quantite,
        es1_0.quantite_restante 
    from
        entrees_stock es1_0 
    where
        es1_0.produit_id=?
2026-03-28T23:20:41.579+01:00 DEBUG 13099 --- [Pharmacies] [http-nio-8080-exec-4] org.hibernate.SQL                        : 
    select
        coalesce(sum(dv1_0.quantite), 0) 
    from
        details_ventes dv1_0 
    where
        dv1_0.produit_id=?
2026-03-28T23:20:41.581+01:00 DEBUG 13099 --- [Pharmacies] [http-nio-8080-exec-4] org.hibernate.SQL                        : 
    select
        es1_0.id,
        es1_0.create_at,
        es1_0.created_by_id,
        es1_0.date_entree,
        es1_0.date_expiration,
        es1_0.etat,
        es1_0.fournisseur_id,
        es1_0.prix_achat,
        es1_0.produit_id,
        es1_0.quantite,
        es1_0.quantite_restante 
    from
        entrees_stock es1_0 
    where
        es1_0.produit_id=?
2026-03-28T23:20:41.583+01:00 DEBUG 13099 --- [Pharmacies] [http-nio-8080-exec-4] org.hibernate.SQL                        : 
    select
        coalesce(sum(dv1_0.quantite), 0) 
    from
        details_ventes dv1_0 
    where
        dv1_0.produit_id=?
2026-03-28T23:20:41.585+01:00 DEBUG 13099 --- [Pharmacies] [http-nio-8080-exec-4] org.hibernate.SQL                        : 
    select
        es1_0.id,
        es1_0.create_at,
        es1_0.created_by_id,
        es1_0.date_entree,
        es1_0.date_expiration,
        es1_0.etat,
        es1_0.fournisseur_id,
        es1_0.prix_achat,
        es1_0.produit_id,
        es1_0.quantite,
        es1_0.quantite_restante 
    from
        entrees_stock es1_0 
    where
        es1_0.produit_id=?
2026-03-28T23:20:41.587+01:00 DEBUG 13099 --- [Pharmacies] [http-nio-8080-exec-4] org.hibernate.SQL                        : 
    select
        coalesce(sum(dv1_0.quantite), 0) 
    from
        details_ventes dv1_0 
    where
        dv1_0.produit_id=?
2026-03-28T23:20:41.589+01:00 DEBUG 13099 --- [Pharmacies] [http-nio-8080-exec-4] org.hibernate.SQL                        : 
    select
        es1_0.id,
        es1_0.create_at,
        es1_0.created_by_id,
        es1_0.date_entree,
        es1_0.date_expiration,
        es1_0.etat,
        es1_0.fournisseur_id,
        es1_0.prix_achat,
        es1_0.produit_id,
        es1_0.quantite,
        es1_0.quantite_restante 
    from
        entrees_stock es1_0 
    where
        es1_0.produit_id=?
2026-03-28T23:20:41.591+01:00 DEBUG 13099 --- [Pharmacies] [http-nio-8080-exec-4] org.hibernate.SQL                        : 
    select
        coalesce(sum(dv1_0.quantite), 0) 
    from
        details_ventes dv1_0 
    where
        dv1_0.produit_id=?
2026-03-28T23:20:41.592+01:00 DEBUG 13099 --- [Pharmacies] [http-nio-8080-exec-4] org.hibernate.SQL                        : 
    select
        es1_0.id,
        es1_0.create_at,
        es1_0.created_by_id,
        es1_0.date_entree,
        es1_0.date_expiration,
        es1_0.etat,
        es1_0.fournisseur_id,
        es1_0.prix_achat,
        es1_0.produit_id,
        es1_0.quantite,
        es1_0.quantite_restante 
    from
        entrees_stock es1_0 
    where
        es1_0.produit_id=?
2026-03-28T23:20:41.594+01:00 DEBUG 13099 --- [Pharmacies] [http-nio-8080-exec-4] org.hibernate.SQL                        : 
    select
        coalesce(sum(dv1_0.quantite), 0) 
    from
        details_ventes dv1_0 
    where
        dv1_0.produit_id=?
2026-03-28T23:20:41.596+01:00 DEBUG 13099 --- [Pharmacies] [http-nio-8080-exec-4] org.hibernate.SQL                        : 
    select
        es1_0.id,
        es1_0.create_at,
        es1_0.created_by_id,
        es1_0.date_entree,
        es1_0.date_expiration,
        es1_0.etat,
        es1_0.fournisseur_id,
        es1_0.prix_achat,
        es1_0.produit_id,
        es1_0.quantite,
        es1_0.quantite_restante 
    from
        entrees_stock es1_0 
    where
        es1_0.produit_id=?
2026-03-28T23:20:41.597+01:00 DEBUG 13099 --- [Pharmacies] [http-nio-8080-exec-4] org.hibernate.SQL                        : 
    select
        coalesce(sum(dv1_0.quantite), 0) 
    from
        details_ventes dv1_0 
    where
        dv1_0.produit_id=?
2026-03-28T23:20:41.599+01:00 DEBUG 13099 --- [Pharmacies] [http-nio-8080-exec-4] o.s.w.s.m.m.a.HttpEntityMethodProcessor  : Using 'application/json', given [application/json, text/plain, */*] and supported [application/json, application/*+json]
2026-03-28T23:20:41.600+01:00 TRACE 13099 --- [Pharmacies] [http-nio-8080-exec-4] o.s.w.s.m.m.a.HttpEntityMethodProcessor  : Writing [Page 1 of 1 containing com.gestion.invoice.models.Produit instances]
2026-03-28T23:20:41.600+01:00 DEBUG 13099 --- [Pharmacies] [http-nio-8080-exec-4] org.hibernate.SQL                        : 
    select
        au1_0.id,
        au1_0.nom,
        au1_0.password,
        au1_0.prenoms,
        au1_0.telephone,
        a1_0.app_user_id,
        a1_1.id,
        a1_1.role_name 
    from
        users au1_0 
    left join
        users_approles a1_0 
            on au1_0.id=a1_0.app_user_id 
    left join
        roles a1_1 
            on a1_1.id=a1_0.approles_id 
    where
        au1_0.id=?
2026-03-28T23:20:41.602+01:00 DEBUG 13099 --- [Pharmacies] [http-nio-8080-exec-4] org.hibernate.SQL                        : 
    select
        cp1_0.id,
        cp1_0.create_at,
        cp1_0.created_by_id,
        cp1_0.description,
        cp1_0.etat,
        cp1_0.nom_categorie 
    from
        categories_produits cp1_0 
    where
        cp1_0.id=?
2026-03-28T23:20:41.603+01:00 DEBUG 13099 --- [Pharmacies] [http-nio-8080-exec-4] org.hibernate.SQL                        : 
    select
        cp1_0.id,
        cp1_0.create_at,
        cp1_0.created_by_id,
        cp1_0.description,
        cp1_0.etat,
        cp1_0.nom_categorie 
    from
        categories_produits cp1_0 
    where
        cp1_0.id=?
2026-03-28T23:20:41.605+01:00 TRACE 13099 --- [Pharmacies] [http-nio-8080-exec-4] o.s.web.servlet.DispatcherServlet        : No view rendering, null ModelAndView returned.
2026-03-28T23:20:41.605+01:00 DEBUG 13099 --- [Pharmacies] [http-nio-8080-exec-4] o.s.web.servlet.DispatcherServlet        : Completed 200 OK, headers={masked}
2026-03-28T23:20:41.614+01:00 TRACE 13099 --- [Pharmacies] [http-nio-8080-exec-10] o.s.web.servlet.DispatcherServlet        : GET "/api/v1/produit/stats/3", parameters={}, headers={masked} in DispatcherServlet 'dispatcherServlet'
2026-03-28T23:20:41.614+01:00 TRACE 13099 --- [Pharmacies] [http-nio-8080-exec-6] o.s.web.servlet.DispatcherServlet        : GET "/api/v1/produit/stats/4", parameters={}, headers={masked} in DispatcherServlet 'dispatcherServlet'
2026-03-28T23:20:41.614+01:00 TRACE 13099 --- [Pharmacies] [http-nio-8080-exec-10] s.w.s.m.m.a.RequestMappingHandlerMapping : Mapped to com.gestion.invoice.controller.ProduitController#getProduitStats(Long)
2026-03-28T23:20:41.614+01:00 TRACE 13099 --- [Pharmacies] [http-nio-8080-exec-6] s.w.s.m.m.a.RequestMappingHandlerMapping : Mapped to com.gestion.invoice.controller.ProduitController#getProduitStats(Long)
2026-03-28T23:20:41.614+01:00 TRACE 13099 --- [Pharmacies] [http-nio-8080-exec-1] o.s.web.servlet.DispatcherServlet        : GET "/api/v1/produit/stats/5", parameters={}, headers={masked} in DispatcherServlet 'dispatcherServlet'
2026-03-28T23:20:41.615+01:00 TRACE 13099 --- [Pharmacies] [http-nio-8080-exec-1] s.w.s.m.m.a.RequestMappingHandlerMapping : Mapped to com.gestion.invoice.controller.ProduitController#getProduitStats(Long)
2026-03-28T23:20:41.615+01:00 TRACE 13099 --- [Pharmacies] [http-nio-8080-exec-3] o.s.web.servlet.DispatcherServlet        : GET "/api/v1/produit/stats/6", parameters={}, headers={masked} in DispatcherServlet 'dispatcherServlet'
2026-03-28T23:20:41.615+01:00 TRACE 13099 --- [Pharmacies] [http-nio-8080-exec-2] o.s.web.servlet.DispatcherServlet        : GET "/api/v1/produit/stats/7", parameters={}, headers={masked} in DispatcherServlet 'dispatcherServlet'
2026-03-28T23:20:41.615+01:00 TRACE 13099 --- [Pharmacies] [http-nio-8080-exec-5] o.s.web.servlet.DispatcherServlet        : GET "/api/v1/produit/stats/1", parameters={}, headers={masked} in DispatcherServlet 'dispatcherServlet'
2026-03-28T23:20:41.616+01:00 TRACE 13099 --- [Pharmacies] [http-nio-8080-exec-2] s.w.s.m.m.a.RequestMappingHandlerMapping : Mapped to com.gestion.invoice.controller.ProduitController#getProduitStats(Long)
2026-03-28T23:20:41.616+01:00 TRACE 13099 --- [Pharmacies] [http-nio-8080-exec-5] s.w.s.m.m.a.RequestMappingHandlerMapping : Mapped to com.gestion.invoice.controller.ProduitController#getProduitStats(Long)
2026-03-28T23:20:41.616+01:00 DEBUG 13099 --- [Pharmacies] [http-nio-8080-exec-1] org.hibernate.SQL                        : 
    select
        dv1_0.id,
        dv1_0.client_id,
        dv1_0.code_ticket,
        dv1_0.create_at,
        dv1_0.created_by_id,
        dv1_0.etat,
        dv1_0.montant,
        dv1_0.montantachat,
        dv1_0.prix_achat,
        dv1_0.prix_unitaire,
        dv1_0.produit_id,
        dv1_0.quantite 
    from
        details_ventes dv1_0 
    left join
        produits p1_0 
            on p1_0.id=dv1_0.produit_id 
    where
        p1_0.id=? 
        and dv1_0.etat
2026-03-28T23:20:41.616+01:00 DEBUG 13099 --- [Pharmacies] [http-nio-8080-exec-6] org.hibernate.SQL                        : 
    select
        dv1_0.id,
        dv1_0.client_id,
        dv1_0.code_ticket,
        dv1_0.create_at,
        dv1_0.created_by_id,
        dv1_0.etat,
        dv1_0.montant,
        dv1_0.montantachat,
        dv1_0.prix_achat,
        dv1_0.prix_unitaire,
        dv1_0.produit_id,
        dv1_0.quantite 
    from
        details_ventes dv1_0 
    left join
        produits p1_0 
            on p1_0.id=dv1_0.produit_id 
    where
        p1_0.id=? 
        and dv1_0.etat
2026-03-28T23:20:41.617+01:00 DEBUG 13099 --- [Pharmacies] [http-nio-8080-exec-10] org.hibernate.SQL                        : 
    select
        dv1_0.id,
        dv1_0.client_id,
        dv1_0.code_ticket,
        dv1_0.create_at,
        dv1_0.created_by_id,
        dv1_0.etat,
        dv1_0.montant,
        dv1_0.montantachat,
        dv1_0.prix_achat,
        dv1_0.prix_unitaire,
        dv1_0.produit_id,
        dv1_0.quantite 
    from
        details_ventes dv1_0 
    left join
        produits p1_0 
            on p1_0.id=dv1_0.produit_id 
    where
        p1_0.id=? 
        and dv1_0.etat
2026-03-28T23:20:41.617+01:00 DEBUG 13099 --- [Pharmacies] [http-nio-8080-exec-5] org.hibernate.SQL                        : 
    select
        dv1_0.id,
        dv1_0.client_id,
        dv1_0.code_ticket,
        dv1_0.create_at,
        dv1_0.created_by_id,
        dv1_0.etat,
        dv1_0.montant,
        dv1_0.montantachat,
        dv1_0.prix_achat,
        dv1_0.prix_unitaire,
        dv1_0.produit_id,
        dv1_0.quantite 
    from
        details_ventes dv1_0 
    left join
        produits p1_0 
            on p1_0.id=dv1_0.produit_id 
    where
        p1_0.id=? 
        and dv1_0.etat
2026-03-28T23:20:41.618+01:00 TRACE 13099 --- [Pharmacies] [http-nio-8080-exec-3] s.w.s.m.m.a.RequestMappingHandlerMapping : Mapped to com.gestion.invoice.controller.ProduitController#getProduitStats(Long)
2026-03-28T23:20:41.618+01:00 DEBUG 13099 --- [Pharmacies] [http-nio-8080-exec-6] org.hibernate.SQL                        : 
    select
        p1_0.id,
        p1_0.alerte,
        p1_0.categorie_id,
        p1_0.create_at,
        p1_0.created_by_id,
        p1_0.date_saisie,
        p1_0.etat,
        p1_0.image_produit,
        p1_0.nom_produit,
        p1_0.prix_vente,
        p1_0.stock_reel 
    from
        produits p1_0 
    where
        p1_0.id=?
2026-03-28T23:20:41.619+01:00 DEBUG 13099 --- [Pharmacies] [http-nio-8080-exec-10] org.hibernate.SQL                        : 
    select
        dv1_0.id,
        dv1_0.client_id,
        dv1_0.code_ticket,
        dv1_0.create_at,
        dv1_0.created_by_id,
        dv1_0.etat,
        dv1_0.montant,
        dv1_0.montantachat,
        dv1_0.prix_achat,
        dv1_0.prix_unitaire,
        dv1_0.produit_id,
        dv1_0.quantite 
    from
        details_ventes dv1_0 
    left join
        produits p1_0 
            on p1_0.id=dv1_0.produit_id 
    where
        p1_0.id=? 
        and dv1_0.etat
2026-03-28T23:20:41.619+01:00 DEBUG 13099 --- [Pharmacies] [http-nio-8080-exec-1] org.hibernate.SQL                        : 
    select
        dv1_0.id,
        dv1_0.client_id,
        dv1_0.code_ticket,
        dv1_0.create_at,
        dv1_0.created_by_id,
        dv1_0.etat,
        dv1_0.montant,
        dv1_0.montantachat,
        dv1_0.prix_achat,
        dv1_0.prix_unitaire,
        dv1_0.produit_id,
        dv1_0.quantite 
    from
        details_ventes dv1_0 
    left join
        produits p1_0 
            on p1_0.id=dv1_0.produit_id 
    where
        p1_0.id=? 
        and dv1_0.etat
2026-03-28T23:20:41.620+01:00 DEBUG 13099 --- [Pharmacies] [http-nio-8080-exec-3] org.hibernate.SQL                        : 
    select
        dv1_0.id,
        dv1_0.client_id,
        dv1_0.code_ticket,
        dv1_0.create_at,
        dv1_0.created_by_id,
        dv1_0.etat,
        dv1_0.montant,
        dv1_0.montantachat,
        dv1_0.prix_achat,
        dv1_0.prix_unitaire,
        dv1_0.produit_id,
        dv1_0.quantite 
    from
        details_ventes dv1_0 
    left join
        produits p1_0 
            on p1_0.id=dv1_0.produit_id 
    where
        p1_0.id=? 
        and dv1_0.etat
2026-03-28T23:20:41.620+01:00 DEBUG 13099 --- [Pharmacies] [http-nio-8080-exec-5] org.hibernate.SQL                        : 
    select
        p1_0.id,
        p1_0.alerte,
        p1_0.categorie_id,
        p1_0.create_at,
        p1_0.created_by_id,
        p1_0.date_saisie,
        p1_0.etat,
        p1_0.image_produit,
        p1_0.nom_produit,
        p1_0.prix_vente,
        p1_0.stock_reel 
    from
        produits p1_0 
    where
        p1_0.id=?
2026-03-28T23:20:41.621+01:00 DEBUG 13099 --- [Pharmacies] [http-nio-8080-exec-2] org.hibernate.SQL                        : 
    select
        dv1_0.id,
        dv1_0.client_id,
        dv1_0.code_ticket,
        dv1_0.create_at,
        dv1_0.created_by_id,
        dv1_0.etat,
        dv1_0.montant,
        dv1_0.montantachat,
        dv1_0.prix_achat,
        dv1_0.prix_unitaire,
        dv1_0.produit_id,
        dv1_0.quantite 
    from
        details_ventes dv1_0 
    left join
        produits p1_0 
            on p1_0.id=dv1_0.produit_id 
    where
        p1_0.id=? 
        and dv1_0.etat
2026-03-28T23:20:41.624+01:00 DEBUG 13099 --- [Pharmacies] [http-nio-8080-exec-10] org.hibernate.SQL                        : 
    select
        dv1_0.id,
        dv1_0.client_id,
        dv1_0.code_ticket,
        dv1_0.create_at,
        dv1_0.created_by_id,
        dv1_0.etat,
        dv1_0.montant,
        dv1_0.montantachat,
        dv1_0.prix_achat,
        dv1_0.prix_unitaire,
        dv1_0.produit_id,
        dv1_0.quantite 
    from
        details_ventes dv1_0 
    left join
        produits p1_0 
            on p1_0.id=dv1_0.produit_id 
    where
        p1_0.id=? 
        and dv1_0.etat
2026-03-28T23:20:41.624+01:00 DEBUG 13099 --- [Pharmacies] [http-nio-8080-exec-2] org.hibernate.SQL                        : 
    select
        dv1_0.id,
        dv1_0.client_id,
        dv1_0.code_ticket,
        dv1_0.create_at,
        dv1_0.created_by_id,
        dv1_0.etat,
        dv1_0.montant,
        dv1_0.montantachat,
        dv1_0.prix_achat,
        dv1_0.prix_unitaire,
        dv1_0.produit_id,
        dv1_0.quantite 
    from
        details_ventes dv1_0 
    left join
        produits p1_0 
            on p1_0.id=dv1_0.produit_id 
    where
        p1_0.id=? 
        and dv1_0.etat
2026-03-28T23:20:41.625+01:00 DEBUG 13099 --- [Pharmacies] [http-nio-8080-exec-10] o.s.w.s.m.m.a.HttpEntityMethodProcessor  : Using 'application/json', given [application/json, text/plain, */*] and supported [application/json, application/*+json]
2026-03-28T23:20:41.625+01:00 TRACE 13099 --- [Pharmacies] [http-nio-8080-exec-10] o.s.w.s.m.m.a.HttpEntityMethodProcessor  : Writing [{totalVente=0.0, benefice=0.0, stockVendu=0}]
2026-03-28T23:20:41.625+01:00 DEBUG 13099 --- [Pharmacies] [http-nio-8080-exec-1] org.hibernate.SQL                        : 
    select
        dv1_0.id,
        dv1_0.client_id,
        dv1_0.code_ticket,
        dv1_0.create_at,
        dv1_0.created_by_id,
        dv1_0.etat,
        dv1_0.montant,
        dv1_0.montantachat,
        dv1_0.prix_achat,
        dv1_0.prix_unitaire,
        dv1_0.produit_id,
        dv1_0.quantite 
    from
        details_ventes dv1_0 
    left join
        produits p1_0 
            on p1_0.id=dv1_0.produit_id 
    where
        p1_0.id=? 
        and dv1_0.etat
2026-03-28T23:20:41.626+01:00 DEBUG 13099 --- [Pharmacies] [http-nio-8080-exec-3] org.hibernate.SQL                        : 
    select
        dv1_0.id,
        dv1_0.client_id,
        dv1_0.code_ticket,
        dv1_0.create_at,
        dv1_0.created_by_id,
        dv1_0.etat,
        dv1_0.montant,
        dv1_0.montantachat,
        dv1_0.prix_achat,
        dv1_0.prix_unitaire,
        dv1_0.produit_id,
        dv1_0.quantite 
    from
        details_ventes dv1_0 
    left join
        produits p1_0 
            on p1_0.id=dv1_0.produit_id 
    where
        p1_0.id=? 
        and dv1_0.etat
2026-03-28T23:20:41.624+01:00 DEBUG 13099 --- [Pharmacies] [http-nio-8080-exec-6] org.hibernate.SQL                        : 
    select
        dv1_0.id,
        dv1_0.client_id,
        dv1_0.code_ticket,
        dv1_0.create_at,
        dv1_0.created_by_id,
        dv1_0.etat,
        dv1_0.montant,
        dv1_0.montantachat,
        dv1_0.prix_achat,
        dv1_0.prix_unitaire,
        dv1_0.produit_id,
        dv1_0.quantite 
    from
        details_ventes dv1_0 
    left join
        produits p1_0 
            on p1_0.id=dv1_0.produit_id 
    where
        p1_0.id=? 
        and dv1_0.etat
2026-03-28T23:20:41.626+01:00 TRACE 13099 --- [Pharmacies] [http-nio-8080-exec-10] o.s.web.servlet.DispatcherServlet        : No view rendering, null ModelAndView returned.
2026-03-28T23:20:41.627+01:00 DEBUG 13099 --- [Pharmacies] [http-nio-8080-exec-10] o.s.web.servlet.DispatcherServlet        : Completed 200 OK, headers={masked}
2026-03-28T23:20:41.627+01:00 DEBUG 13099 --- [Pharmacies] [http-nio-8080-exec-2] org.hibernate.SQL                        : 
    select
        dv1_0.id,
        dv1_0.client_id,
        dv1_0.code_ticket,
        dv1_0.create_at,
        dv1_0.created_by_id,
        dv1_0.etat,
        dv1_0.montant,
        dv1_0.montantachat,
        dv1_0.prix_achat,
        dv1_0.prix_unitaire,
        dv1_0.produit_id,
        dv1_0.quantite 
    from
        details_ventes dv1_0 
    left join
        produits p1_0 
            on p1_0.id=dv1_0.produit_id 
    where
        p1_0.id=? 
        and dv1_0.etat
2026-03-28T23:20:41.628+01:00 DEBUG 13099 --- [Pharmacies] [http-nio-8080-exec-3] org.hibernate.SQL                        : 
    select
        dv1_0.id,
        dv1_0.client_id,
        dv1_0.code_ticket,
        dv1_0.create_at,
        dv1_0.created_by_id,
        dv1_0.etat,
        dv1_0.montant,
        dv1_0.montantachat,
        dv1_0.prix_achat,
        dv1_0.prix_unitaire,
        dv1_0.produit_id,
        dv1_0.quantite 
    from
        details_ventes dv1_0 
    left join
        produits p1_0 
            on p1_0.id=dv1_0.produit_id 
    where
        p1_0.id=? 
        and dv1_0.etat
2026-03-28T23:20:41.629+01:00 DEBUG 13099 --- [Pharmacies] [http-nio-8080-exec-1] o.s.w.s.m.m.a.HttpEntityMethodProcessor  : Using 'application/json', given [application/json, text/plain, */*] and supported [application/json, application/*+json]
2026-03-28T23:20:41.629+01:00 DEBUG 13099 --- [Pharmacies] [http-nio-8080-exec-5] org.hibernate.SQL                        : 
    select
        dv1_0.id,
        dv1_0.client_id,
        dv1_0.code_ticket,
        dv1_0.create_at,
        dv1_0.created_by_id,
        dv1_0.etat,
        dv1_0.montant,
        dv1_0.montantachat,
        dv1_0.prix_achat,
        dv1_0.prix_unitaire,
        dv1_0.produit_id,
        dv1_0.quantite 
    from
        details_ventes dv1_0 
    left join
        produits p1_0 
            on p1_0.id=dv1_0.produit_id 
    where
        p1_0.id=? 
        and dv1_0.etat
2026-03-28T23:20:41.629+01:00 DEBUG 13099 --- [Pharmacies] [http-nio-8080-exec-2] o.s.w.s.m.m.a.HttpEntityMethodProcessor  : Using 'application/json', given [application/json, text/plain, */*] and supported [application/json, application/*+json]
2026-03-28T23:20:41.629+01:00 TRACE 13099 --- [Pharmacies] [http-nio-8080-exec-2] o.s.w.s.m.m.a.HttpEntityMethodProcessor  : Writing [{totalVente=0.0, benefice=0.0, stockVendu=0}]
2026-03-28T23:20:41.629+01:00 TRACE 13099 --- [Pharmacies] [http-nio-8080-exec-1] o.s.w.s.m.m.a.HttpEntityMethodProcessor  : Writing [{totalVente=0.0, benefice=0.0, stockVendu=0}]
2026-03-28T23:20:41.630+01:00 TRACE 13099 --- [Pharmacies] [http-nio-8080-exec-2] o.s.web.servlet.DispatcherServlet        : No view rendering, null ModelAndView returned.
2026-03-28T23:20:41.630+01:00 TRACE 13099 --- [Pharmacies] [http-nio-8080-exec-9] o.s.web.servlet.DispatcherServlet        : GET "/api/v1/produit/stats/8", parameters={}, headers={masked} in DispatcherServlet 'dispatcherServlet'
2026-03-28T23:20:41.630+01:00 TRACE 13099 --- [Pharmacies] [http-nio-8080-exec-1] o.s.web.servlet.DispatcherServlet        : No view rendering, null ModelAndView returned.
2026-03-28T23:20:41.630+01:00 DEBUG 13099 --- [Pharmacies] [http-nio-8080-exec-2] o.s.web.servlet.DispatcherServlet        : Completed 200 OK, headers={masked}
2026-03-28T23:20:41.630+01:00 TRACE 13099 --- [Pharmacies] [http-nio-8080-exec-9] s.w.s.m.m.a.RequestMappingHandlerMapping : Mapped to com.gestion.invoice.controller.ProduitController#getProduitStats(Long)
2026-03-28T23:20:41.630+01:00 DEBUG 13099 --- [Pharmacies] [http-nio-8080-exec-1] o.s.web.servlet.DispatcherServlet        : Completed 200 OK, headers={masked}
2026-03-28T23:20:41.631+01:00 DEBUG 13099 --- [Pharmacies] [http-nio-8080-exec-3] o.s.w.s.m.m.a.HttpEntityMethodProcessor  : Using 'application/json', given [application/json, text/plain, */*] and supported [application/json, application/*+json]
2026-03-28T23:20:41.631+01:00 TRACE 13099 --- [Pharmacies] [http-nio-8080-exec-3] o.s.w.s.m.m.a.HttpEntityMethodProcessor  : Writing [{totalVente=0.0, benefice=0.0, stockVendu=0}]
2026-03-28T23:20:41.632+01:00 TRACE 13099 --- [Pharmacies] [http-nio-8080-exec-3] o.s.web.servlet.DispatcherServlet        : No view rendering, null ModelAndView returned.
2026-03-28T23:20:41.632+01:00 DEBUG 13099 --- [Pharmacies] [http-nio-8080-exec-9] org.hibernate.SQL                        : 
    select
        dv1_0.id,
        dv1_0.client_id,
        dv1_0.code_ticket,
        dv1_0.create_at,
        dv1_0.created_by_id,
        dv1_0.etat,
        dv1_0.montant,
        dv1_0.montantachat,
        dv1_0.prix_achat,
        dv1_0.prix_unitaire,
        dv1_0.produit_id,
        dv1_0.quantite 
    from
        details_ventes dv1_0 
    left join
        produits p1_0 
            on p1_0.id=dv1_0.produit_id 
    where
        p1_0.id=? 
        and dv1_0.etat
2026-03-28T23:20:41.632+01:00 DEBUG 13099 --- [Pharmacies] [http-nio-8080-exec-6] org.hibernate.SQL                        : 
    select
        dv1_0.id,
        dv1_0.client_id,
        dv1_0.code_ticket,
        dv1_0.create_at,
        dv1_0.created_by_id,
        dv1_0.etat,
        dv1_0.montant,
        dv1_0.montantachat,
        dv1_0.prix_achat,
        dv1_0.prix_unitaire,
        dv1_0.produit_id,
        dv1_0.quantite 
    from
        details_ventes dv1_0 
    left join
        produits p1_0 
            on p1_0.id=dv1_0.produit_id 
    where
        p1_0.id=? 
        and dv1_0.etat
2026-03-28T23:20:41.632+01:00 DEBUG 13099 --- [Pharmacies] [http-nio-8080-exec-5] org.hibernate.SQL                        : 
    select
        dv1_0.id,
        dv1_0.client_id,
        dv1_0.code_ticket,
        dv1_0.create_at,
        dv1_0.created_by_id,
        dv1_0.etat,
        dv1_0.montant,
        dv1_0.montantachat,
        dv1_0.prix_achat,
        dv1_0.prix_unitaire,
        dv1_0.produit_id,
        dv1_0.quantite 
    from
        details_ventes dv1_0 
    left join
        produits p1_0 
            on p1_0.id=dv1_0.produit_id 
    where
        p1_0.id=? 
        and dv1_0.etat
2026-03-28T23:20:41.633+01:00 TRACE 13099 --- [Pharmacies] [http-nio-8080-exec-7] o.s.web.servlet.DispatcherServlet        : GET "/api/v1/produit/stats/9", parameters={}, headers={masked} in DispatcherServlet 'dispatcherServlet'
2026-03-28T23:20:41.634+01:00 TRACE 13099 --- [Pharmacies] [http-nio-8080-exec-7] s.w.s.m.m.a.RequestMappingHandlerMapping : Mapped to com.gestion.invoice.controller.ProduitController#getProduitStats(Long)
2026-03-28T23:20:41.634+01:00 DEBUG 13099 --- [Pharmacies] [http-nio-8080-exec-3] o.s.web.servlet.DispatcherServlet        : Completed 200 OK, headers={masked}
2026-03-28T23:20:41.635+01:00 DEBUG 13099 --- [Pharmacies] [http-nio-8080-exec-5] o.s.w.s.m.m.a.HttpEntityMethodProcessor  : Using 'application/json', given [application/json, text/plain, */*] and supported [application/json, application/*+json]
2026-03-28T23:20:41.635+01:00 TRACE 13099 --- [Pharmacies] [http-nio-8080-exec-5] o.s.w.s.m.m.a.HttpEntityMethodProcessor  : Writing [{totalVente=17790.0, benefice=6990.0, stockVendu=27}]
2026-03-28T23:20:41.635+01:00 DEBUG 13099 --- [Pharmacies] [http-nio-8080-exec-6] o.s.w.s.m.m.a.HttpEntityMethodProcessor  : Using 'application/json', given [application/json, text/plain, */*] and supported [application/json, application/*+json]
2026-03-28T23:20:41.635+01:00 TRACE 13099 --- [Pharmacies] [http-nio-8080-exec-6] o.s.w.s.m.m.a.HttpEntityMethodProcessor  : Writing [{totalVente=1600.0, benefice=-7400.0, stockVendu=2}]
2026-03-28T23:20:41.636+01:00 TRACE 13099 --- [Pharmacies] [http-nio-8080-exec-5] o.s.web.servlet.DispatcherServlet        : No view rendering, null ModelAndView returned.
2026-03-28T23:20:41.636+01:00 TRACE 13099 --- [Pharmacies] [http-nio-8080-exec-6] o.s.web.servlet.DispatcherServlet        : No view rendering, null ModelAndView returned.
2026-03-28T23:20:41.636+01:00 DEBUG 13099 --- [Pharmacies] [http-nio-8080-exec-9] org.hibernate.SQL                        : 
    select
        dv1_0.id,
        dv1_0.client_id,
        dv1_0.code_ticket,
        dv1_0.create_at,
        dv1_0.created_by_id,
        dv1_0.etat,
        dv1_0.montant,
        dv1_0.montantachat,
        dv1_0.prix_achat,
        dv1_0.prix_unitaire,
        dv1_0.produit_id,
        dv1_0.quantite 
    from
        details_ventes dv1_0 
    left join
        produits p1_0 
            on p1_0.id=dv1_0.produit_id 
    where
        p1_0.id=? 
        and dv1_0.etat
2026-03-28T23:20:41.636+01:00 DEBUG 13099 --- [Pharmacies] [http-nio-8080-exec-6] o.s.web.servlet.DispatcherServlet        : Completed 200 OK, headers={masked}
2026-03-28T23:20:41.636+01:00 DEBUG 13099 --- [Pharmacies] [http-nio-8080-exec-5] o.s.web.servlet.DispatcherServlet        : Completed 200 OK, headers={masked}
2026-03-28T23:20:41.638+01:00 DEBUG 13099 --- [Pharmacies] [http-nio-8080-exec-7] org.hibernate.SQL                        : 
    select
        dv1_0.id,
        dv1_0.client_id,
        dv1_0.code_ticket,
        dv1_0.create_at,
        dv1_0.created_by_id,
        dv1_0.etat,
        dv1_0.montant,
        dv1_0.montantachat,
        dv1_0.prix_achat,
        dv1_0.prix_unitaire,
        dv1_0.produit_id,
        dv1_0.quantite 
    from
        details_ventes dv1_0 
    left join
        produits p1_0 
            on p1_0.id=dv1_0.produit_id 
    where
        p1_0.id=? 
        and dv1_0.etat
2026-03-28T23:20:41.638+01:00 DEBUG 13099 --- [Pharmacies] [http-nio-8080-exec-9] org.hibernate.SQL                        : 
    select
        dv1_0.id,
        dv1_0.client_id,
        dv1_0.code_ticket,
        dv1_0.create_at,
        dv1_0.created_by_id,
        dv1_0.etat,
        dv1_0.montant,
        dv1_0.montantachat,
        dv1_0.prix_achat,
        dv1_0.prix_unitaire,
        dv1_0.produit_id,
        dv1_0.quantite 
    from
        details_ventes dv1_0 
    left join
        produits p1_0 
            on p1_0.id=dv1_0.produit_id 
    where
        p1_0.id=? 
        and dv1_0.etat
2026-03-28T23:20:41.640+01:00 DEBUG 13099 --- [Pharmacies] [http-nio-8080-exec-9] o.s.w.s.m.m.a.HttpEntityMethodProcessor  : Using 'application/json', given [application/json, text/plain, */*] and supported [application/json, application/*+json]
2026-03-28T23:20:41.640+01:00 DEBUG 13099 --- [Pharmacies] [http-nio-8080-exec-7] org.hibernate.SQL                        : 
    select
        dv1_0.id,
        dv1_0.client_id,
        dv1_0.code_ticket,
        dv1_0.create_at,
        dv1_0.created_by_id,
        dv1_0.etat,
        dv1_0.montant,
        dv1_0.montantachat,
        dv1_0.prix_achat,
        dv1_0.prix_unitaire,
        dv1_0.produit_id,
        dv1_0.quantite 
    from
        details_ventes dv1_0 
    left join
        produits p1_0 
            on p1_0.id=dv1_0.produit_id 
    where
        p1_0.id=? 
        and dv1_0.etat
2026-03-28T23:20:41.640+01:00 TRACE 13099 --- [Pharmacies] [http-nio-8080-exec-9] o.s.w.s.m.m.a.HttpEntityMethodProcessor  : Writing [{totalVente=0.0, benefice=0.0, stockVendu=0}]
2026-03-28T23:20:41.641+01:00 TRACE 13099 --- [Pharmacies] [http-nio-8080-exec-9] o.s.web.servlet.DispatcherServlet        : No view rendering, null ModelAndView returned.
2026-03-28T23:20:41.641+01:00 DEBUG 13099 --- [Pharmacies] [http-nio-8080-exec-9] o.s.web.servlet.DispatcherServlet        : Completed 200 OK, headers={masked}
2026-03-28T23:20:41.643+01:00 DEBUG 13099 --- [Pharmacies] [http-nio-8080-exec-7] org.hibernate.SQL                        : 
    select
        dv1_0.id,
        dv1_0.client_id,
        dv1_0.code_ticket,
        dv1_0.create_at,
        dv1_0.created_by_id,
        dv1_0.etat,
        dv1_0.montant,
        dv1_0.montantachat,
        dv1_0.prix_achat,
        dv1_0.prix_unitaire,
        dv1_0.produit_id,
        dv1_0.quantite 
    from
        details_ventes dv1_0 
    left join
        produits p1_0 
            on p1_0.id=dv1_0.produit_id 
    where
        p1_0.id=? 
        and dv1_0.etat
2026-03-28T23:20:41.644+01:00 DEBUG 13099 --- [Pharmacies] [http-nio-8080-exec-7] o.s.w.s.m.m.a.HttpEntityMethodProcessor  : Using 'application/json', given [application/json, text/plain, */*] and supported [application/json, application/*+json]
2026-03-28T23:20:41.644+01:00 TRACE 13099 --- [Pharmacies] [http-nio-8080-exec-7] o.s.w.s.m.m.a.HttpEntityMethodProcessor  : Writing [{totalVente=0.0, benefice=0.0, stockVendu=0}]
2026-03-28T23:20:41.645+01:00 TRACE 13099 --- [Pharmacies] [http-nio-8080-exec-7] o.s.web.servlet.DispatcherServlet        : No view rendering, null ModelAndView returned.
2026-03-28T23:20:41.645+01:00 DEBUG 13099 --- [Pharmacies] [http-nio-8080-exec-7] o.s.web.servlet.DispatcherServlet        : Completed 200 OK, headers={masked}
2026-03-28T23:20:45.682+01:00 TRACE 13099 --- [Pharmacies] [http-nio-8080-exec-3] o.s.web.servlet.DispatcherServlet        : GET "/api/v1/users", parameters={}, headers={masked} in DispatcherServlet 'dispatcherServlet'
2026-03-28T23:20:45.682+01:00 TRACE 13099 --- [Pharmacies] [http-nio-8080-exec-6] o.s.web.servlet.DispatcherServlet        : GET "/api/v1/users", parameters={}, headers={masked} in DispatcherServlet 'dispatcherServlet'
2026-03-28T23:20:45.682+01:00 TRACE 13099 --- [Pharmacies] [http-nio-8080-exec-1] o.s.web.servlet.DispatcherServlet        : GET "/api/v1/mesventes/actives?page=0&size=1000", parameters={masked}, headers={masked} in DispatcherServlet 'dispatcherServlet'
2026-03-28T23:20:45.682+01:00 TRACE 13099 --- [Pharmacies] [http-nio-8080-exec-3] s.w.s.m.m.a.RequestMappingHandlerMapping : Mapped to com.gestion.invoice.controller.UserController#getAllUsers()
2026-03-28T23:20:45.682+01:00 TRACE 13099 --- [Pharmacies] [http-nio-8080-exec-6] s.w.s.m.m.a.RequestMappingHandlerMapping : Mapped to com.gestion.invoice.controller.UserController#getAllUsers()
2026-03-28T23:20:45.683+01:00 TRACE 13099 --- [Pharmacies] [http-nio-8080-exec-1] s.w.s.m.m.a.RequestMappingHandlerMapping : Mapped to com.gestion.invoice.controller.MesVenteController#getVentesActives(String, Long, String, String, int, int)
2026-03-28T23:20:45.683+01:00 TRACE 13099 --- [Pharmacies] [http-nio-8080-exec-5] o.s.web.servlet.DispatcherServlet        : GET "/api/v1/mesventes/actives?page=0&size=1000", parameters={masked}, headers={masked} in DispatcherServlet 'dispatcherServlet'
2026-03-28T23:20:45.683+01:00 TRACE 13099 --- [Pharmacies] [http-nio-8080-exec-5] s.w.s.m.m.a.RequestMappingHandlerMapping : Mapped to com.gestion.invoice.controller.MesVenteController#getVentesActives(String, Long, String, String, int, int)
2026-03-28T23:20:45.689+01:00 DEBUG 13099 --- [Pharmacies] [http-nio-8080-exec-1] org.hibernate.SQL                        : 
    select
        v1_0.id,
        v1_0.benefice,
        v1_0.client_id,
        v1_0.code_ticket,
        v1_0.create_at,
        v1_0.created_by_id,
        v1_0.date_vente,
        v1_0.etat,
        v1_0.payer,
        v1_0.remis,
        v1_0.remise,
        v1_0.rendue,
        v1_0.statut,
        v1_0.total,
        v1_0.tva,
        v1_0.updated_at 
    from
        vente v1_0 
    join
        client c1_0 
            on c1_0.id=v1_0.client_id 
    where
        v1_0.etat=1 
        and v1_0.statut=1 
        and (
            ? is null 
            or c1_0.nom like replace(?, '\\', '\\\\')
        ) 
        and (
            ? is null 
            or v1_0.created_by_id=?
        ) 
        and (
            ? is null 
            or v1_0.date_vente>=?
        ) 
        and (
            ? is null 
            or v1_0.date_vente<=?
        ) 
    order by
        v1_0.date_vente desc 
    limit
        ?
2026-03-28T23:20:45.690+01:00 DEBUG 13099 --- [Pharmacies] [http-nio-8080-exec-5] org.hibernate.SQL                        : 
    select
        v1_0.id,
        v1_0.benefice,
        v1_0.client_id,
        v1_0.code_ticket,
        v1_0.create_at,
        v1_0.created_by_id,
        v1_0.date_vente,
        v1_0.etat,
        v1_0.payer,
        v1_0.remis,
        v1_0.remise,
        v1_0.rendue,
        v1_0.statut,
        v1_0.total,
        v1_0.tva,
        v1_0.updated_at 
    from
        vente v1_0 
    join
        client c1_0 
            on c1_0.id=v1_0.client_id 
    where
        v1_0.etat=1 
        and v1_0.statut=1 
        and (
            ? is null 
            or c1_0.nom like replace(?, '\\', '\\\\')
        ) 
        and (
            ? is null 
            or v1_0.created_by_id=?
        ) 
        and (
            ? is null 
            or v1_0.date_vente>=?
        ) 
        and (
            ? is null 
            or v1_0.date_vente<=?
        ) 
    order by
        v1_0.date_vente desc 
    limit
        ?
2026-03-28T23:20:45.692+01:00 DEBUG 13099 --- [Pharmacies] [http-nio-8080-exec-5] org.hibernate.SQL                        : 
    select
        c1_0.id,
        c1_0.adresse,
        c1_0.create_at,
        c1_0.created_by_id,
        c1_0.etat,
        c1_0.nom,
        c1_0.telephone 
    from
        client c1_0 
    where
        c1_0.id=?
2026-03-28T23:20:45.692+01:00 DEBUG 13099 --- [Pharmacies] [http-nio-8080-exec-1] org.hibernate.SQL                        : 
    select
        c1_0.id,
        c1_0.adresse,
        c1_0.create_at,
        c1_0.created_by_id,
        c1_0.etat,
        c1_0.nom,
        c1_0.telephone 
    from
        client c1_0 
    where
        c1_0.id=?
2026-03-28T23:20:45.694+01:00 DEBUG 13099 --- [Pharmacies] [http-nio-8080-exec-1] org.hibernate.SQL                        : 
    select
        c1_0.id,
        c1_0.adresse,
        c1_0.create_at,
        c1_0.created_by_id,
        c1_0.etat,
        c1_0.nom,
        c1_0.telephone 
    from
        client c1_0 
    where
        c1_0.id=?
2026-03-28T23:20:45.694+01:00 DEBUG 13099 --- [Pharmacies] [http-nio-8080-exec-5] org.hibernate.SQL                        : 
    select
        c1_0.id,
        c1_0.adresse,
        c1_0.create_at,
        c1_0.created_by_id,
        c1_0.etat,
        c1_0.nom,
        c1_0.telephone 
    from
        client c1_0 
    where
        c1_0.id=?
2026-03-28T23:20:45.699+01:00 DEBUG 13099 --- [Pharmacies] [http-nio-8080-exec-1] o.s.w.s.m.m.a.HttpEntityMethodProcessor  : Using 'application/json', given [application/json, text/plain, */*] and supported [application/json, application/*+json]
2026-03-28T23:20:45.699+01:00 DEBUG 13099 --- [Pharmacies] [http-nio-8080-exec-5] o.s.w.s.m.m.a.HttpEntityMethodProcessor  : Using 'application/json', given [application/json, text/plain, */*] and supported [application/json, application/*+json]
2026-03-28T23:20:45.699+01:00 TRACE 13099 --- [Pharmacies] [http-nio-8080-exec-1] o.s.w.s.m.m.a.HttpEntityMethodProcessor  : Writing [Page 1 of 1 containing com.gestion.invoice.models.Vente instances]
2026-03-28T23:20:45.699+01:00 TRACE 13099 --- [Pharmacies] [http-nio-8080-exec-5] o.s.w.s.m.m.a.HttpEntityMethodProcessor  : Writing [Page 1 of 1 containing com.gestion.invoice.models.Vente instances]
2026-03-28T23:20:45.701+01:00 DEBUG 13099 --- [Pharmacies] [http-nio-8080-exec-1] org.hibernate.SQL                        : 
    select
        au1_0.id,
        au1_0.nom,
        au1_0.password,
        au1_0.prenoms,
        au1_0.telephone,
        a1_0.app_user_id,
        a1_1.id,
        a1_1.role_name 
    from
        users au1_0 
    left join
        users_approles a1_0 
            on au1_0.id=a1_0.app_user_id 
    left join
        roles a1_1 
            on a1_1.id=a1_0.approles_id 
    where
        au1_0.id=?
2026-03-28T23:20:45.701+01:00 DEBUG 13099 --- [Pharmacies] [http-nio-8080-exec-5] org.hibernate.SQL                        : 
    select
        au1_0.id,
        au1_0.nom,
        au1_0.password,
        au1_0.prenoms,
        au1_0.telephone,
        a1_0.app_user_id,
        a1_1.id,
        a1_1.role_name 
    from
        users au1_0 
    left join
        users_approles a1_0 
            on au1_0.id=a1_0.app_user_id 
    left join
        roles a1_1 
            on a1_1.id=a1_0.approles_id 
    where
        au1_0.id=?
2026-03-28T23:20:45.708+01:00 DEBUG 13099 --- [Pharmacies] [http-nio-8080-exec-3] org.hibernate.SQL                        : 
    select
        au1_0.id,
        au1_0.nom,
        au1_0.password,
        au1_0.prenoms,
        au1_0.telephone 
    from
        users au1_0
2026-03-28T23:20:45.712+01:00 DEBUG 13099 --- [Pharmacies] [http-nio-8080-exec-6] org.hibernate.SQL                        : 
    select
        au1_0.id,
        au1_0.nom,
        au1_0.password,
        au1_0.prenoms,
        au1_0.telephone 
    from
        users au1_0
2026-03-28T23:20:45.713+01:00 TRACE 13099 --- [Pharmacies] [http-nio-8080-exec-1] o.s.web.servlet.DispatcherServlet        : No view rendering, null ModelAndView returned.
2026-03-28T23:20:45.713+01:00 TRACE 13099 --- [Pharmacies] [http-nio-8080-exec-5] o.s.web.servlet.DispatcherServlet        : No view rendering, null ModelAndView returned.
2026-03-28T23:20:45.713+01:00 DEBUG 13099 --- [Pharmacies] [http-nio-8080-exec-5] o.s.web.servlet.DispatcherServlet        : Completed 200 OK, headers={masked}
2026-03-28T23:20:45.713+01:00 DEBUG 13099 --- [Pharmacies] [http-nio-8080-exec-1] o.s.web.servlet.DispatcherServlet        : Completed 200 OK, headers={masked}
2026-03-28T23:20:45.715+01:00 DEBUG 13099 --- [Pharmacies] [http-nio-8080-exec-3] org.hibernate.SQL                        : 
    select
        a1_0.app_user_id,
        a1_1.id,
        a1_1.role_name 
    from
        users_approles a1_0 
    join
        roles a1_1 
            on a1_1.id=a1_0.approles_id 
    where
        a1_0.app_user_id=?
2026-03-28T23:20:45.716+01:00 DEBUG 13099 --- [Pharmacies] [http-nio-8080-exec-6] org.hibernate.SQL                        : 
    select
        a1_0.app_user_id,
        a1_1.id,
        a1_1.role_name 
    from
        users_approles a1_0 
    join
        roles a1_1 
            on a1_1.id=a1_0.approles_id 
    where
        a1_0.app_user_id=?
2026-03-28T23:20:45.717+01:00 DEBUG 13099 --- [Pharmacies] [http-nio-8080-exec-6] org.hibernate.SQL                        : 
    select
        a1_0.app_user_id,
        a1_1.id,
        a1_1.role_name 
    from
        users_approles a1_0 
    join
        roles a1_1 
            on a1_1.id=a1_0.approles_id 
    where
        a1_0.app_user_id=?
2026-03-28T23:20:45.717+01:00 DEBUG 13099 --- [Pharmacies] [http-nio-8080-exec-3] org.hibernate.SQL                        : 
    select
        a1_0.app_user_id,
        a1_1.id,
        a1_1.role_name 
    from
        users_approles a1_0 
    join
        roles a1_1 
            on a1_1.id=a1_0.approles_id 
    where
        a1_0.app_user_id=?
2026-03-28T23:20:45.719+01:00 DEBUG 13099 --- [Pharmacies] [http-nio-8080-exec-6] org.hibernate.SQL                        : 
    select
        a1_0.app_user_id,
        a1_1.id,
        a1_1.role_name 
    from
        users_approles a1_0 
    join
        roles a1_1 
            on a1_1.id=a1_0.approles_id 
    where
        a1_0.app_user_id=?
2026-03-28T23:20:45.720+01:00 DEBUG 13099 --- [Pharmacies] [http-nio-8080-exec-6] org.hibernate.SQL                        : 
    select
        a1_0.app_user_id,
        a1_1.id,
        a1_1.role_name 
    from
        users_approles a1_0 
    join
        roles a1_1 
            on a1_1.id=a1_0.approles_id 
    where
        a1_0.app_user_id=?
2026-03-28T23:20:45.721+01:00 DEBUG 13099 --- [Pharmacies] [http-nio-8080-exec-6] org.hibernate.SQL                        : 
    select
        a1_0.app_user_id,
        a1_1.id,
        a1_1.role_name 
    from
        users_approles a1_0 
    join
        roles a1_1 
            on a1_1.id=a1_0.approles_id 
    where
        a1_0.app_user_id=?
2026-03-28T23:20:45.721+01:00 DEBUG 13099 --- [Pharmacies] [http-nio-8080-exec-3] org.hibernate.SQL                        : 
    select
        a1_0.app_user_id,
        a1_1.id,
        a1_1.role_name 
    from
        users_approles a1_0 
    join
        roles a1_1 
            on a1_1.id=a1_0.approles_id 
    where
        a1_0.app_user_id=?
2026-03-28T23:20:45.722+01:00 DEBUG 13099 --- [Pharmacies] [http-nio-8080-exec-6] org.hibernate.SQL                        : 
    select
        a1_0.app_user_id,
        a1_1.id,
        a1_1.role_name 
    from
        users_approles a1_0 
    join
        roles a1_1 
            on a1_1.id=a1_0.approles_id 
    where
        a1_0.app_user_id=?
2026-03-28T23:20:45.722+01:00 DEBUG 13099 --- [Pharmacies] [http-nio-8080-exec-3] org.hibernate.SQL                        : 
    select
        a1_0.app_user_id,
        a1_1.id,
        a1_1.role_name 
    from
        users_approles a1_0 
    join
        roles a1_1 
            on a1_1.id=a1_0.approles_id 
    where
        a1_0.app_user_id=?
2026-03-28T23:20:45.723+01:00 DEBUG 13099 --- [Pharmacies] [http-nio-8080-exec-3] org.hibernate.SQL                        : 
    select
        a1_0.app_user_id,
        a1_1.id,
        a1_1.role_name 
    from
        users_approles a1_0 
    join
        roles a1_1 
            on a1_1.id=a1_0.approles_id 
    where
        a1_0.app_user_id=?
2026-03-28T23:20:45.723+01:00 DEBUG 13099 --- [Pharmacies] [http-nio-8080-exec-6] org.hibernate.SQL                        : 
    select
        a1_0.app_user_id,
        a1_1.id,
        a1_1.role_name 
    from
        users_approles a1_0 
    join
        roles a1_1 
            on a1_1.id=a1_0.approles_id 
    where
        a1_0.app_user_id=?
2026-03-28T23:20:45.723+01:00 DEBUG 13099 --- [Pharmacies] [http-nio-8080-exec-6] org.hibernate.SQL                        : 
    select
        a1_0.app_user_id,
        a1_1.id,
        a1_1.role_name 
    from
        users_approles a1_0 
    join
        roles a1_1 
            on a1_1.id=a1_0.approles_id 
    where
        a1_0.app_user_id=?
2026-03-28T23:20:45.723+01:00 DEBUG 13099 --- [Pharmacies] [http-nio-8080-exec-3] org.hibernate.SQL                        : 
    select
        a1_0.app_user_id,
        a1_1.id,
        a1_1.role_name 
    from
        users_approles a1_0 
    join
        roles a1_1 
            on a1_1.id=a1_0.approles_id 
    where
        a1_0.app_user_id=?
2026-03-28T23:20:45.724+01:00 DEBUG 13099 --- [Pharmacies] [http-nio-8080-exec-6] org.hibernate.SQL                        : 
    select
        a1_0.app_user_id,
        a1_1.id,
        a1_1.role_name 
    from
        users_approles a1_0 
    join
        roles a1_1 
            on a1_1.id=a1_0.approles_id 
    where
        a1_0.app_user_id=?
2026-03-28T23:20:45.724+01:00 DEBUG 13099 --- [Pharmacies] [http-nio-8080-exec-6] org.hibernate.SQL                        : 
    select
        a1_0.app_user_id,
        a1_1.id,
        a1_1.role_name 
    from
        users_approles a1_0 
    join
        roles a1_1 
            on a1_1.id=a1_0.approles_id 
    where
        a1_0.app_user_id=?
2026-03-28T23:20:45.724+01:00 DEBUG 13099 --- [Pharmacies] [http-nio-8080-exec-3] org.hibernate.SQL                        : 
    select
        a1_0.app_user_id,
        a1_1.id,
        a1_1.role_name 
    from
        users_approles a1_0 
    join
        roles a1_1 
            on a1_1.id=a1_0.approles_id 
    where
        a1_0.app_user_id=?
2026-03-28T23:20:45.725+01:00 DEBUG 13099 --- [Pharmacies] [http-nio-8080-exec-6] org.hibernate.SQL                        : 
    select
        a1_0.app_user_id,
        a1_1.id,
        a1_1.role_name 
    from
        users_approles a1_0 
    join
        roles a1_1 
            on a1_1.id=a1_0.approles_id 
    where
        a1_0.app_user_id=?
2026-03-28T23:20:45.726+01:00 DEBUG 13099 --- [Pharmacies] [http-nio-8080-exec-6] org.hibernate.SQL                        : 
    select
        a1_0.app_user_id,
        a1_1.id,
        a1_1.role_name 
    from
        users_approles a1_0 
    join
        roles a1_1 
            on a1_1.id=a1_0.approles_id 
    where
        a1_0.app_user_id=?
2026-03-28T23:20:45.728+01:00 DEBUG 13099 --- [Pharmacies] [http-nio-8080-exec-6] m.m.a.RequestResponseBodyMethodProcessor : Using 'application/json', given [application/json, text/plain, */*] and supported [application/json, application/*+json]
2026-03-28T23:20:45.728+01:00 DEBUG 13099 --- [Pharmacies] [http-nio-8080-exec-3] org.hibernate.SQL                        : 
    select
        a1_0.app_user_id,
        a1_1.id,
        a1_1.role_name 
    from
        users_approles a1_0 
    join
        roles a1_1 
            on a1_1.id=a1_0.approles_id 
    where
        a1_0.app_user_id=?
2026-03-28T23:20:45.729+01:00 TRACE 13099 --- [Pharmacies] [http-nio-8080-exec-6] m.m.a.RequestResponseBodyMethodProcessor : Writing [[AppUser(id=1, nom=IWIKOTAN, prenoms=thierry, telephone=95064366, password=$2a$10$DxDLFk3EVD8ebPm1k6tOpuFnTY57SDKuVXSO8uerVeSGCZh5/jML6, approles=[AppRole(id=1, roleName=USER), AppRole(id=2, roleName=ADMIN)], roleId=null), AppUser(id=2, nom=IWIKOTAN, prenoms=Landry, telephone=80167188, password=$2a$10$RTMAlz.S0NWZTzmcUlvnpeYDb8XzAUdKUb.YJ0jZdxguxCV5Kae8e, approles=[AppRole(id=2, roleName=ADMIN)], roleId=null), AppUser(id=3, nom=IWIKOTAN, prenoms=smith, telephone=85536173, password=$2a$10$.A4EcoYJnCRXiqnmu6Htuut7RwMcaimLvCMKP4kL7IDPQwQyr9GVm, approles=[AppRole(id=1, roleName=USER)], roleId=null), AppUser(id=5, nom=thirry, prenoms=tomas, telephone=20202020, password=$2a$10$aszFQBKEcO7n4t/m5dJBFOBprVb.OT4bqrT1FuGHNLkIVcMp3ERO6, approles=[], roleId=null), AppUser(id=6, nom=iwikotan, prenoms=thiery, telephone=55555555, password=$2a$10$m0sFqoNR3OFYVt0sdorlvOcQ/xwezFK885sjJzpH9LYzfJ3ikFTPu, approles=[], roleId=null), AppUser(id=9, nom=iwiko, prenoms=kok, telephone=23232323, password=$2a$10$Kua2aFk7wp6hJJIjAD/S3.WfTiGSvuV0oLmZhFiJ9kruXNN1SJKxa, approles=[], roleId=null), AppUser(id=10, nom=ad, prenoms=hh, telephone=123, password=$2a$10$hEOHJx0F8ii7Mc3TsJNe4.RJ/YJQVng5QrJf8jxH87KvHMhAM1Y2y, approles=[], roleId=null), AppUser(id=11, nom=hh, prenoms=hh, telephone=2, password=$2a$10$FaCh.aWpfWEjwHN4.M9yFuMA6h8OuJ2eSa/SDMgUtmlN5d2OFeCA., approles=[], roleId=null), AppUser(id=12, nom=k, prenoms=l, telephone=3, password=$2a$10$k2OtBR581OyGSxVceC/fvu9yZZzXaGsmAKfihFiejkzANZNyw5V4K, approles=[AppRole(id=1, roleName=USER)], roleId=null), AppUser(id=13, nom=g, prenoms=h, telephone=22, password=$2a$10$B2ghggRqzi084R8zIXVoqukSuHRaZUmtIAH0nuasgqTpy8OhVs8Me, approles=[AppRole(id=1, roleName=USER)], roleId=null), AppUser(id=14, nom=d, prenoms=d, telephone=32, password=$2a$10$tZDNbhhlq5ASWhsb1dJCs.B7lt.g9pb6cazPcAbKEWCcm2XBJDGQ6, approles=[AppRole(id=2, roleName=ADMIN)], roleId=null), AppUser(id=15, nom=am, prenoms=ol, telephone=6, password=$2a$10$0AZxEcFNMgvRqXqSnJJWVufC/jv3XVIDrQx0y/qfqstDUm9Y.ME7G, approles=[AppRole(id=1, roleName=USER)], roleId=null)]]
2026-03-28T23:20:45.729+01:00 DEBUG 13099 --- [Pharmacies] [http-nio-8080-exec-3] org.hibernate.SQL                        : 
    select
        a1_0.app_user_id,
        a1_1.id,
        a1_1.role_name 
    from
        users_approles a1_0 
    join
        roles a1_1 
            on a1_1.id=a1_0.approles_id 
    where
        a1_0.app_user_id=?
2026-03-28T23:20:45.730+01:00 DEBUG 13099 --- [Pharmacies] [http-nio-8080-exec-3] org.hibernate.SQL                        : 
    select
        a1_0.app_user_id,
        a1_1.id,
        a1_1.role_name 
    from
        users_approles a1_0 
    join
        roles a1_1 
            on a1_1.id=a1_0.approles_id 
    where
        a1_0.app_user_id=?
2026-03-28T23:20:45.730+01:00 DEBUG 13099 --- [Pharmacies] [http-nio-8080-exec-3] org.hibernate.SQL                        : 
    select
        a1_0.app_user_id,
        a1_1.id,
        a1_1.role_name 
    from
        users_approles a1_0 
    join
        roles a1_1 
            on a1_1.id=a1_0.approles_id 
    where
        a1_0.app_user_id=?
2026-03-28T23:20:45.731+01:00 TRACE 13099 --- [Pharmacies] [http-nio-8080-exec-6] o.s.web.servlet.DispatcherServlet        : No view rendering, null ModelAndView returned.
2026-03-28T23:20:45.731+01:00 DEBUG 13099 --- [Pharmacies] [http-nio-8080-exec-3] org.hibernate.SQL                        : 
    select
        a1_0.app_user_id,
        a1_1.id,
        a1_1.role_name 
    from
        users_approles a1_0 
    join
        roles a1_1 
            on a1_1.id=a1_0.approles_id 
    where
        a1_0.app_user_id=?
2026-03-28T23:20:45.731+01:00 DEBUG 13099 --- [Pharmacies] [http-nio-8080-exec-6] o.s.web.servlet.DispatcherServlet        : Completed 200 OK, headers={masked}
2026-03-28T23:20:45.733+01:00 DEBUG 13099 --- [Pharmacies] [http-nio-8080-exec-3] m.m.a.RequestResponseBodyMethodProcessor : Using 'application/json', given [application/json, text/plain, */*] and supported [application/json, application/*+json]
2026-03-28T23:20:45.733+01:00 TRACE 13099 --- [Pharmacies] [http-nio-8080-exec-3] m.m.a.RequestResponseBodyMethodProcessor : Writing [[AppUser(id=1, nom=IWIKOTAN, prenoms=thierry, telephone=95064366, password=$2a$10$DxDLFk3EVD8ebPm1k6tOpuFnTY57SDKuVXSO8uerVeSGCZh5/jML6, approles=[AppRole(id=1, roleName=USER), AppRole(id=2, roleName=ADMIN)], roleId=null), AppUser(id=2, nom=IWIKOTAN, prenoms=Landry, telephone=80167188, password=$2a$10$RTMAlz.S0NWZTzmcUlvnpeYDb8XzAUdKUb.YJ0jZdxguxCV5Kae8e, approles=[AppRole(id=2, roleName=ADMIN)], roleId=null), AppUser(id=3, nom=IWIKOTAN, prenoms=smith, telephone=85536173, password=$2a$10$.A4EcoYJnCRXiqnmu6Htuut7RwMcaimLvCMKP4kL7IDPQwQyr9GVm, approles=[AppRole(id=1, roleName=USER)], roleId=null), AppUser(id=5, nom=thirry, prenoms=tomas, telephone=20202020, password=$2a$10$aszFQBKEcO7n4t/m5dJBFOBprVb.OT4bqrT1FuGHNLkIVcMp3ERO6, approles=[], roleId=null), AppUser(id=6, nom=iwikotan, prenoms=thiery, telephone=55555555, password=$2a$10$m0sFqoNR3OFYVt0sdorlvOcQ/xwezFK885sjJzpH9LYzfJ3ikFTPu, approles=[], roleId=null), AppUser(id=9, nom=iwiko, prenoms=kok, telephone=23232323, password=$2a$10$Kua2aFk7wp6hJJIjAD/S3.WfTiGSvuV0oLmZhFiJ9kruXNN1SJKxa, approles=[], roleId=null), AppUser(id=10, nom=ad, prenoms=hh, telephone=123, password=$2a$10$hEOHJx0F8ii7Mc3TsJNe4.RJ/YJQVng5QrJf8jxH87KvHMhAM1Y2y, approles=[], roleId=null), AppUser(id=11, nom=hh, prenoms=hh, telephone=2, password=$2a$10$FaCh.aWpfWEjwHN4.M9yFuMA6h8OuJ2eSa/SDMgUtmlN5d2OFeCA., approles=[], roleId=null), AppUser(id=12, nom=k, prenoms=l, telephone=3, password=$2a$10$k2OtBR581OyGSxVceC/fvu9yZZzXaGsmAKfihFiejkzANZNyw5V4K, approles=[AppRole(id=1, roleName=USER)], roleId=null), AppUser(id=13, nom=g, prenoms=h, telephone=22, password=$2a$10$B2ghggRqzi084R8zIXVoqukSuHRaZUmtIAH0nuasgqTpy8OhVs8Me, approles=[AppRole(id=1, roleName=USER)], roleId=null), AppUser(id=14, nom=d, prenoms=d, telephone=32, password=$2a$10$tZDNbhhlq5ASWhsb1dJCs.B7lt.g9pb6cazPcAbKEWCcm2XBJDGQ6, approles=[AppRole(id=2, roleName=ADMIN)], roleId=null), AppUser(id=15, nom=am, prenoms=ol, telephone=6, password=$2a$10$0AZxEcFNMgvRqXqSnJJWVufC/jv3XVIDrQx0y/qfqstDUm9Y.ME7G, approles=[AppRole(id=1, roleName=USER)], roleId=null)]]
2026-03-28T23:20:45.734+01:00 TRACE 13099 --- [Pharmacies] [http-nio-8080-exec-3] o.s.web.servlet.DispatcherServlet        : No view rendering, null ModelAndView returned.
2026-03-28T23:20:45.735+01:00 DEBUG 13099 --- [Pharmacies] [http-nio-8080-exec-3] o.s.web.servlet.DispatcherServlet        : Completed 200 OK, headers={masked}
2026-03-28T23:21:10.996+01:00 TRACE 13099 --- [Pharmacies] [http-nio-8080-exec-7] o.s.web.servlet.DispatcherServlet        : GET "/api/v1/tickets/VT000023/pdf", parameters={}, headers={masked} in DispatcherServlet 'dispatcherServlet'
2026-03-28T23:21:10.997+01:00 TRACE 13099 --- [Pharmacies] [http-nio-8080-exec-7] s.w.s.m.m.a.RequestMappingHandlerMapping : Mapped to com.gestion.invoice.controller.RecuPdfController#getOrCreatePdf(String)
2026-03-28T23:21:11.002+01:00 DEBUG 13099 --- [Pharmacies] [http-nio-8080-exec-7] org.hibernate.SQL                        : 
    select
        rp1_0.id,
        rp1_0.code_ticket,
        rp1_0.create_at,
        rp1_0.created_by_id,
        rp1_0.date_creation,
        rp1_0.etat,
        rp1_0.pdf_data 
    from
        recu_pdf rp1_0 
    where
        rp1_0.code_ticket=?
2026-03-28T23:21:11.007+01:00 DEBUG 13099 --- [Pharmacies] [http-nio-8080-exec-7] o.s.w.s.m.m.a.HttpEntityMethodProcessor  : Found 'Content-Type:application/pdf' in response
2026-03-28T23:21:11.007+01:00 TRACE 13099 --- [Pharmacies] [http-nio-8080-exec-7] o.s.w.s.m.m.a.HttpEntityMethodProcessor  : Writing [{37, 80, 68, 70, 45, 49, 46, 52, 10, 37, -30, -29, -49, -45, 10, 53, 32, 48, 32, 111, 98, 106, 10, 60, 60, 47, 76, 101, 110, 103, 116, 104, 32, 55, 57, 49, 47, 70, 105, 108, 116, 101, 114, 47, 70, 108, 97, 116, 101, 68, 101, 99, 111, 100, 101, 62, 62, 115, 116, 114, 101, 97, 109, 10, 120, -100, -99, 84, 75, 114, -38, 64, 20, -36, -21, 20, 47, 59, -78, -112, -104, -97, 70, 35, 118, -104, -113, 67, 98, -64, 70, -78, -77, -120, -77, -96, -116, 112, 41, 5, -110, 17, 34, -87, 84, -27, 70, 57, 66, 46, -109, -83, 111, -111, 55, -6, -32, -24, 99, -20, -92, -88, 98, 70, 122, -35, -45, 79, 61, 61, -77, 51, 118, 6, -79, 108, -8, -122, -1, -114, -51, 92, 1, -11, 113, 113, 110, 40, 96, 76, -64, -42, 96, -54, -51, 102, 27, -61, 51, -82, -16, -73, 51, -50, 124, 44, 10, -54, -64, 95, 25, 4, 76, 69, -118, 9, -73, -117, -119, 16, -59, 36, 123, -47, 29, 51, 80, -32, -81, -115, 14, -68, -11, -65, -32, -21, 12, -81, -92, -59, 28, 48, -13, 85, 58, -45, 32, -71, 11, -31, 33, 62, 36, -16, 53, 78, -109, 0, 6, 113, -76, 14, -105, -47, 93, 0, 111, 52, -55, -52, -31, -91, 82, -50, -22, -114, 57, -24, -39, -38, -8, 100, 50, 46, -88, -76, -92, -13, -39, 127, 95, 42, -24, -114, 114, -104, 0, 71, -93, -16, -109, 9, 117, 37, -44, -57, -28, -2, -40, -38, 125, 73, 102, -52, 18, 20, -123, -76, 77, 122, -83, 83, -44, -101, 112, 31, -58, -47, 62, 94, -89, 0, 94, -68, 57, -92, -6, 9, -62, 104, 29, 39, -37, 101, 26, -18, 14, -63, 30, 30, -110, 120, 29, -20, 53, 46, 10, 54, 27, 124, 113, -37, 113, 109, 34, 5, -105, 18, -70, -96, 8, -107, 14, 85, -22, -10, 109, -39, -122, -103, 55, -112, -11, 50, -14, 51, -37, -119, -27, 22, -38, -82, -96, 84, 1, -43, -22, 10, 56, 103, -64, 20, -59, 53, 32, 9, -116, 117, 6, 101, -96, 93, 56, 127, -51, 38, 87, -23, 94, 70, -69, -46, 91, -84, -59, 9, -118, -72, -62, -30, 28, -72, -117, 70, 111, -47, 75, 10, -108, 100, 102, 102, 69, -3, -3, 35, -33, -125, -2, -39, 112, 126, 125, 1, -109, -31, 98, -30, 121, -3, -14, 35, -80, -15, -65, 23, 98, 22, -79, -127, -21, -72, 108, -97, 66, 65, 44, 102, 19, 87, 65, 125, -44, 43, -1, -124, -117, 17, 76, -25, -109, -103, 7, -125, 119, -93, 5, 12, -81, 97, -128, 79, -16, -85, 93, -128, 82, -41, -78, 93, -32, -46, -50, 21, 120, 17, 59, 63, -40, -12, 0, -105, 84, -104, 90, 1, 54, -43, -20, -110, -29, 48, 75, 34, -59, -26, -102, -46, -103, 77, -58, -120, 20, -110, -119, -18, 37, -52, 70, -26, 108, 50, 53, 9, 53, 25, 97, -52, -20, 83, 98, 18, 12, -103, -44, -12, -86, -80, -108, 22, 58, -60, -99, -86, -20, 77, 16, -83, -126, 67, -46, -125, -55, -57, -55, -121, -71, -33, -97, -63, 15, 24, 46, -45, -96, 7, -52, -23, 18, -34, -59, 85, 37, -26, -73, 71, -20, 98, -59, -54, 22, 87, 70, 52, 3, -125, -50, -87, -50, 59, 114, -20, 124, -89, 79, -95, -71, -54, -32, -126, -67, 10, -115, 123, -14, 122, 52, 99, 121, 43, -110, 31, -47, 84, -69, 95, 118, 73, 104, -34, 37, -85, -41, 116, 79, 88, -44, 42, -115, -102, -18, -32, -103, 90, -90, -121, 53, -55, -113, -75, 127, -52, 56, 115, -99, 44, -29, -36, 126, -54, 120, 78, 107, -72, -22, -107, -123, -70, -127, -57, 66, -35, -85, -78, -48, -80, -59, -85, -98, 35, -31, 98, -78, 17, 33, -53, 115, -28, 102, 41, 25, 62, -18, -61, -5, 104, -87, -17, -116, 102, -80, -88, 77, -83, 22, -50, 85, -6, -40, -126, -59, -125, -22, -76, -128, 47, -81, -101, 88, -58, 101, 19, 56, -115, -93, 116, 25, -91, 45, 43, 11, -12, -97, 87, -61, 61, -65, 56, -17, -73, -11, 43, 45, 71, 53, -47, -76, -91, 5, -126, -41, -75, 108, 66, 21, 33, 45, 96, -23, -66, 0, -50, -50, -114, 36, -114, -66, 64, -86, 99, 118, 73, 50, 60, -32, 58, 1, 120, -2, -1, 43, 64, 21, 122, -53, 37, -119, 22, 49, -59, 75, 63, -117, 107, 39, 78, -105, 27, -24, -31, -51, 74, 96, 48, 110, 117, 75, 75, 55, 120, -117, -57, -43, -31, 78, -25, 1, -71, -49, 49, 81, -50, -95, 53, -71, -101, -2, 9, 66, 46, 85, -25, -52, -126, 20, 126, -61, -61, -14, 123, -112, -100, 108, 20, -27, -16, 98, -83, 80, -117, -76, -96, 31, -37, 112, -1, -94, 112, 11, 59, 90, -122, 1, -78, -93, -43, 33, -88, -47, -1, 0, 83, 60, -34, 46, 10, 101, 110, 100, 115, 116, 114, 101, 97, 109, 10, 101, 110, 100, 111, 98, 106, 10, 55, 32, 48, 32, 111, 98, 106, 10, 60, 60, 47, 84, 121, 112, 101, 47, 80, 97, 103, 101, 47, 77, 101, 100, 105, 97, 66, 111, 120, 91, 48, 32, 48, 32, 50, 57, 55, 32, 52, 50, 48, 93, 47, 82, 101, 115, 111, 117, 114, 99, 101, 115, 60, 60, 47, 70, 111, 110, 116, 60, 60, 47, 70, 49, 32, 49, 32, 48, 32, 82, 47, 70, 50, 32, 50, 32, 48, 32, 82, 47, 70, 51, 32, 51, 32, 48, 32, 82, 47, 70, 52, 32, 52, 32, 48, 32, 82, 62, 62, 62, 62, 47, 67, 111, 110, 116, 101, 110, 116, 115, 32, 53, 32, 48, 32, 82, 47, 80, 97, 114, 101, 110, 116, 32, 54, 32, 48, 32, 82, 62, 62, 10, 101, 110, 100, 111, 98, 106, 10, 49, 32, 48, 32, 111, 98, 106, 10, 60, 60, 47, 84, 121, 112, 101, 47, 70, 111, 110, 116, 47, 83, 117, 98, 116, 121, 112, 101, 47, 84, 121, 112, 101, 49, 47, 66, 97, 115, 101, 70, 111, 110, 116, 47, 72, 101, 108, 118, 101, 116, 105, 99, 97, 45, 66, 111, 108, 100, 47, 69, 110, 99, 111, 100, 105, 110, 103, 47, 87, 105, 110, 65, 110, 115, 105, 69, 110, 99, 111, 100, 105, 110, 103, 62, 62, 10, 101, 110, 100, 111, 98, 106, 10, 50, 32, 48, 32, 111, 98, 106, 10, 60, 60, 47, 84, 121, 112, 101, 47, 70, 111, 110, 116, 47, 83, 117, 98, 116, 121, 112, 101, 47, 84, 121, 112, 101, 49, 47, 66, 97, 115, 101, 70, 111, 110, 116, 47, 72, 101, 108, 118, 101, 116, 105, 99, 97, 45, 66, 111, 108, 100, 79, 98, 108, 105, 113, 117, 101, 47, 69, 110, 99, 111, 100, 105, 110, 103, 47, 87, 105, 110, 65, 110, 115, 105, 69, 110, 99, 111, 100, 105, 110, 103, 62, 62, 10, 101, 110, 100, 111, 98, 106, 10, 51, 32, 48, 32, 111, 98, 106, 10, 60, 60, 47, 84, 121, 112, 101, 47, 70, 111, 110, 116, 47, 83, 117, 98, 116, 121, 112, 101, 47, 84, 121, 112, 101, 49, 47, 66, 97, 115, 101, 70, 111, 110, 116, 47, 72, 101, 108, 118, 101, 116, 105, 99, 97, 47, 69, 110, 99, 111, 100, 105, 110, 103, 47, 87, 105, 110, 65, 110, 115, 105, 69, 110, 99, 111, 100, 105, 110, 103, 62, 62, 10, 101, 110, 100, 111, 98, 106, 10, 52, 32, 48, 32, 111, 98, 106, 10, 60, 60, 47, 84, 121, 112, 101, 47, 70, 111, 110, 116, 47, 83, 117, 98, 116, 121, 112, 101, 47, 84, 121, 112, 101, 49, 47, 66, 97, 115, 101, 70, 111, 110, 116, 47, 72, 101, 108, 118, 101, 116, 105, 99, 97, 45, 79, 98, 108, 105, 113, 117, 101, 47, 69, 110, 99, 111, 100, 105, 110, 103, 47, 87, 105, 110, 65, 110, 115, 105, 69, 110, 99, 111, 100, 105, 110, 103, 62, 62, 10, 101, 110, 100, 111, 98, 106, 10, 54, 32, 48, 32, 111, 98, 106, 10, 60, 60, 47, 84, 121, 112, 101, 47, 80, 97, 103, 101, 115, 47, 67, 111, 117, 110, 116, 32, 49, 47, 75, 105, 100, 115, 91, 55, 32, 48, 32, 82, 93, 62, 62, 10, 101, 110, 100, 111, 98, 106, 10, 56, 32, 48, 32, 111, 98, 106, 10, 60, 60, 47, 84, 121, 112, 101, 47, 67, 97, 116, 97, 108, 111, 103, 47, 80, 97, 103, 101, 115, 32, 54, 32, 48, 32, 82, 62, 62, 10, 101, 110, 100, 111, 98, 106, 10, 57, 32, 48, 32, 111, 98, 106, 10, 60, 60, 47, 80, 114, 111, 100, 117, 99, 101, 114, 40, 105, 84, 101, 120, 116, -82, 32, 53, 46, 53, 46, 49, 51, 46, 50, 32, -87, 50, 48, 48, 48, 45, 50, 48, 50, 48, 32, 105, 84, 101, 120, 116, 32, 71, 114, 111, 117, 112, 32, 78, 86, 32, 92, 40, 65, 71, 80, 76, 45, 118, 101, 114, 115, 105, 111, 110, 92, 41, 41, 47, 67, 114, 101, 97, 116, 105, 111, 110, 68, 97, 116, 101, 40, 68, 58, 50, 48, 50, 54, 48, 51, 50, 55, 49, 50, 48, 53, 53, 49, 43, 48, 49, 39, 48, 48, 39, 41, 47, 77, 111, 100, 68, 97, 116, 101, 40, 68, 58, 50, 48, 50, 54, 48, 51, 50, 55, 49, 50, 48, 53, 53, 49, 43, 48, 49, 39, 48, 48, 39, 41, 62, 62, 10, 101, 110, 100, 111, 98, 106, 10, 120, 114, 101, 102, 10, 48, 32, 49, 48, 10, 48, 48, 48, 48, 48, 48, 48, 48, 48, 48, 32, 54, 53, 53, 51, 53, 32, 102, 32, 10, 48, 48, 48, 48, 48, 48, 49, 48, 49, 50, 32, 48, 48, 48, 48, 48, 32, 110, 32, 10, 48, 48, 48, 48, 48, 48, 49, 49, 48, 53, 32, 48, 48, 48, 48, 48, 32, 110, 32, 10, 48, 48, 48, 48, 48, 48, 49, 50, 48, 53, 32, 48, 48, 48, 48, 48, 32, 110, 32, 10, 48, 48, 48, 48, 48, 48, 49, 50, 57, 51, 32, 48, 48, 48, 48, 48, 32, 110, 32, 10, 48, 48, 48, 48, 48, 48, 48, 48, 49, 53, 32, 48, 48, 48, 48, 48, 32, 110, 32, 10, 48, 48, 48, 48, 48, 48, 49, 51, 56, 57, 32, 48, 48, 48, 48, 48, 32, 110, 32, 10, 48, 48, 48, 48, 48, 48, 48, 56, 55, 51, 32, 48, 48, 48, 48, 48, 32, 110, 32, 10, 48, 48, 48, 48, 48, 48, 49, 52, 52, 48, 32, 48, 48, 48, 48, 48, 32, 110, 32, 10, 48, 48, 48, 48, 48, 48, 49, 52, 56, 53, 32, 48, 48, 48, 48, 48, 32, 110, 32, 10, 116, 114, 97, 105, 108, 101, 114, 10, 60, 60, 47, 83, 105, 122, 101, 32, 49, 48, 47, 82, 111, 111, 116, 32, 56, 32, 48, 32, 82, 47, 73, 110, 102, 111, 32, 57, 32, 48, 32, 82, 47, 73, 68, 32, 91, 60, 57, 49, 50, 54, 98, 53, 101, 51, 57, 55, 100, 51, 99, 101, 48, 98, 54, 98, 56, 48, 97, 50, 50, 54, 102, 102, 97, 100, 102, 98, 52, 102, 62, 60, 57, 49, 50, 54, 98, 53, 101, 51, 57, 55, 100, 51, 99, 101, 48, 98, 54, 98, 56, 48, 97, 50, 50, 54, 102, 102, 97, 100, 102, 98, 52, 102, 62, 93, 62, 62, 10, 37, 105, 84, 101, 120, 116, 45, 53, 46, 53, 46, 49, 51, 46, 50, 10, 115, 116, 97, 114, 116, 120, 114, 101, 102, 10, 49, 54, 52, 53, 10, 37, 37, 69, 79, 70, 10}]
2026-03-28T23:21:11.008+01:00 TRACE 13099 --- [Pharmacies] [http-nio-8080-exec-7] o.s.web.servlet.DispatcherServlet        : No view rendering, null ModelAndView returned.
2026-03-28T23:21:11.008+01:00 DEBUG 13099 --- [Pharmacies] [http-nio-8080-exec-7] o.s.web.servlet.DispatcherServlet        : Completed 200 OK, headers={masked}
2026-03-28T23:21:44.758+01:00 TRACE 13099 --- [Pharmacies] [http-nio-8080-exec-1] o.s.web.servlet.DispatcherServlet        : GET "/api/v1/mesventes/actives?page=0&size=1000", parameters={masked}, headers={masked} in DispatcherServlet 'dispatcherServlet'
2026-03-28T23:21:44.758+01:00 TRACE 13099 --- [Pharmacies] [http-nio-8080-exec-1] s.w.s.m.m.a.RequestMappingHandlerMapping : Mapped to com.gestion.invoice.controller.MesVenteController#getVentesActives(String, Long, String, String, int, int)
2026-03-28T23:21:44.758+01:00 TRACE 13099 --- [Pharmacies] [http-nio-8080-exec-3] o.s.web.servlet.DispatcherServlet        : GET "/api/v1/users", parameters={}, headers={masked} in DispatcherServlet 'dispatcherServlet'
2026-03-28T23:21:44.758+01:00 TRACE 13099 --- [Pharmacies] [http-nio-8080-exec-3] s.w.s.m.m.a.RequestMappingHandlerMapping : Mapped to com.gestion.invoice.controller.UserController#getAllUsers()
2026-03-28T23:21:44.759+01:00 TRACE 13099 --- [Pharmacies] [http-nio-8080-exec-9] o.s.web.servlet.DispatcherServlet        : GET "/api/v1/mesventes/actives?page=0&size=1000", parameters={masked}, headers={masked} in DispatcherServlet 'dispatcherServlet'
2026-03-28T23:21:44.759+01:00 DEBUG 13099 --- [Pharmacies] [http-nio-8080-exec-1] org.hibernate.SQL                        : 
    select
        v1_0.id,
        v1_0.benefice,
        v1_0.client_id,
        v1_0.code_ticket,
        v1_0.create_at,
        v1_0.created_by_id,
        v1_0.date_vente,
        v1_0.etat,
        v1_0.payer,
        v1_0.remis,
        v1_0.remise,
        v1_0.rendue,
        v1_0.statut,
        v1_0.total,
        v1_0.tva,
        v1_0.updated_at 
    from
        vente v1_0 
    join
        client c1_0 
            on c1_0.id=v1_0.client_id 
    where
        v1_0.etat=1 
        and v1_0.statut=1 
        and (
            ? is null 
            or c1_0.nom like replace(?, '\\', '\\\\')
        ) 
        and (
            ? is null 
            or v1_0.created_by_id=?
        ) 
        and (
            ? is null 
            or v1_0.date_vente>=?
        ) 
        and (
            ? is null 
            or v1_0.date_vente<=?
        ) 
    order by
        v1_0.date_vente desc 
    limit
        ?
2026-03-28T23:21:44.759+01:00 TRACE 13099 --- [Pharmacies] [http-nio-8080-exec-9] s.w.s.m.m.a.RequestMappingHandlerMapping : Mapped to com.gestion.invoice.controller.MesVenteController#getVentesActives(String, Long, String, String, int, int)
2026-03-28T23:21:44.760+01:00 DEBUG 13099 --- [Pharmacies] [http-nio-8080-exec-3] org.hibernate.SQL                        : 
    select
        au1_0.id,
        au1_0.nom,
        au1_0.password,
        au1_0.prenoms,
        au1_0.telephone 
    from
        users au1_0
2026-03-28T23:21:44.760+01:00 DEBUG 13099 --- [Pharmacies] [http-nio-8080-exec-9] org.hibernate.SQL                        : 
    select
        v1_0.id,
        v1_0.benefice,
        v1_0.client_id,
        v1_0.code_ticket,
        v1_0.create_at,
        v1_0.created_by_id,
        v1_0.date_vente,
        v1_0.etat,
        v1_0.payer,
        v1_0.remis,
        v1_0.remise,
        v1_0.rendue,
        v1_0.statut,
        v1_0.total,
        v1_0.tva,
        v1_0.updated_at 
    from
        vente v1_0 
    join
        client c1_0 
            on c1_0.id=v1_0.client_id 
    where
        v1_0.etat=1 
        and v1_0.statut=1 
        and (
            ? is null 
            or c1_0.nom like replace(?, '\\', '\\\\')
        ) 
        and (
            ? is null 
            or v1_0.created_by_id=?
        ) 
        and (
            ? is null 
            or v1_0.date_vente>=?
        ) 
        and (
            ? is null 
            or v1_0.date_vente<=?
        ) 
    order by
        v1_0.date_vente desc 
    limit
        ?
2026-03-28T23:21:44.760+01:00 TRACE 13099 --- [Pharmacies] [http-nio-8080-exec-7] o.s.web.servlet.DispatcherServlet        : GET "/api/v1/users", parameters={}, headers={masked} in DispatcherServlet 'dispatcherServlet'
2026-03-28T23:21:44.760+01:00 TRACE 13099 --- [Pharmacies] [http-nio-8080-exec-7] s.w.s.m.m.a.RequestMappingHandlerMapping : Mapped to com.gestion.invoice.controller.UserController#getAllUsers()
2026-03-28T23:21:44.761+01:00 DEBUG 13099 --- [Pharmacies] [http-nio-8080-exec-9] org.hibernate.SQL                        : 
    select
        c1_0.id,
        c1_0.adresse,
        c1_0.create_at,
        c1_0.created_by_id,
        c1_0.etat,
        c1_0.nom,
        c1_0.telephone 
    from
        client c1_0 
    where
        c1_0.id=?
2026-03-28T23:21:44.762+01:00 DEBUG 13099 --- [Pharmacies] [http-nio-8080-exec-7] org.hibernate.SQL                        : 
    select
        au1_0.id,
        au1_0.nom,
        au1_0.password,
        au1_0.prenoms,
        au1_0.telephone 
    from
        users au1_0
2026-03-28T23:21:44.762+01:00 DEBUG 13099 --- [Pharmacies] [http-nio-8080-exec-3] org.hibernate.SQL                        : 
    select
        a1_0.app_user_id,
        a1_1.id,
        a1_1.role_name 
    from
        users_approles a1_0 
    join
        roles a1_1 
            on a1_1.id=a1_0.approles_id 
    where
        a1_0.app_user_id=?
2026-03-28T23:21:44.762+01:00 DEBUG 13099 --- [Pharmacies] [http-nio-8080-exec-1] org.hibernate.SQL                        : 
    select
        c1_0.id,
        c1_0.adresse,
        c1_0.create_at,
        c1_0.created_by_id,
        c1_0.etat,
        c1_0.nom,
        c1_0.telephone 
    from
        client c1_0 
    where
        c1_0.id=?
2026-03-28T23:21:44.762+01:00 DEBUG 13099 --- [Pharmacies] [http-nio-8080-exec-3] org.hibernate.SQL                        : 
    select
        a1_0.app_user_id,
        a1_1.id,
        a1_1.role_name 
    from
        users_approles a1_0 
    join
        roles a1_1 
            on a1_1.id=a1_0.approles_id 
    where
        a1_0.app_user_id=?
2026-03-28T23:21:44.762+01:00 DEBUG 13099 --- [Pharmacies] [http-nio-8080-exec-9] org.hibernate.SQL                        : 
    select
        c1_0.id,
        c1_0.adresse,
        c1_0.create_at,
        c1_0.created_by_id,
        c1_0.etat,
        c1_0.nom,
        c1_0.telephone 
    from
        client c1_0 
    where
        c1_0.id=?
2026-03-28T23:21:44.763+01:00 DEBUG 13099 --- [Pharmacies] [http-nio-8080-exec-1] org.hibernate.SQL                        : 
    select
        c1_0.id,
        c1_0.adresse,
        c1_0.create_at,
        c1_0.created_by_id,
        c1_0.etat,
        c1_0.nom,
        c1_0.telephone 
    from
        client c1_0 
    where
        c1_0.id=?
2026-03-28T23:21:44.763+01:00 DEBUG 13099 --- [Pharmacies] [http-nio-8080-exec-7] org.hibernate.SQL                        : 
    select
        a1_0.app_user_id,
        a1_1.id,
        a1_1.role_name 
    from
        users_approles a1_0 
    join
        roles a1_1 
            on a1_1.id=a1_0.approles_id 
    where
        a1_0.app_user_id=?
2026-03-28T23:21:44.763+01:00 DEBUG 13099 --- [Pharmacies] [http-nio-8080-exec-3] org.hibernate.SQL                        : 
    select
        a1_0.app_user_id,
        a1_1.id,
        a1_1.role_name 
    from
        users_approles a1_0 
    join
        roles a1_1 
            on a1_1.id=a1_0.approles_id 
    where
        a1_0.app_user_id=?
2026-03-28T23:21:44.763+01:00 DEBUG 13099 --- [Pharmacies] [http-nio-8080-exec-7] org.hibernate.SQL                        : 
    select
        a1_0.app_user_id,
        a1_1.id,
        a1_1.role_name 
    from
        users_approles a1_0 
    join
        roles a1_1 
            on a1_1.id=a1_0.approles_id 
    where
        a1_0.app_user_id=?
2026-03-28T23:21:44.764+01:00 DEBUG 13099 --- [Pharmacies] [http-nio-8080-exec-7] org.hibernate.SQL                        : 
    select
        a1_0.app_user_id,
        a1_1.id,
        a1_1.role_name 
    from
        users_approles a1_0 
    join
        roles a1_1 
            on a1_1.id=a1_0.approles_id 
    where
        a1_0.app_user_id=?
2026-03-28T23:21:44.764+01:00 DEBUG 13099 --- [Pharmacies] [http-nio-8080-exec-3] org.hibernate.SQL                        : 
    select
        a1_0.app_user_id,
        a1_1.id,
        a1_1.role_name 
    from
        users_approles a1_0 
    join
        roles a1_1 
            on a1_1.id=a1_0.approles_id 
    where
        a1_0.app_user_id=?
2026-03-28T23:21:44.765+01:00 DEBUG 13099 --- [Pharmacies] [http-nio-8080-exec-7] org.hibernate.SQL                        : 
    select
        a1_0.app_user_id,
        a1_1.id,
        a1_1.role_name 
    from
        users_approles a1_0 
    join
        roles a1_1 
            on a1_1.id=a1_0.approles_id 
    where
        a1_0.app_user_id=?
2026-03-28T23:21:44.765+01:00 DEBUG 13099 --- [Pharmacies] [http-nio-8080-exec-3] org.hibernate.SQL                        : 
    select
        a1_0.app_user_id,
        a1_1.id,
        a1_1.role_name 
    from
        users_approles a1_0 
    join
        roles a1_1 
            on a1_1.id=a1_0.approles_id 
    where
        a1_0.app_user_id=?
2026-03-28T23:21:44.765+01:00 DEBUG 13099 --- [Pharmacies] [http-nio-8080-exec-3] org.hibernate.SQL                        : 
    select
        a1_0.app_user_id,
        a1_1.id,
        a1_1.role_name 
    from
        users_approles a1_0 
    join
        roles a1_1 
            on a1_1.id=a1_0.approles_id 
    where
        a1_0.app_user_id=?
2026-03-28T23:21:44.765+01:00 DEBUG 13099 --- [Pharmacies] [http-nio-8080-exec-7] org.hibernate.SQL                        : 
    select
        a1_0.app_user_id,
        a1_1.id,
        a1_1.role_name 
    from
        users_approles a1_0 
    join
        roles a1_1 
            on a1_1.id=a1_0.approles_id 
    where
        a1_0.app_user_id=?
2026-03-28T23:21:44.766+01:00 DEBUG 13099 --- [Pharmacies] [http-nio-8080-exec-3] org.hibernate.SQL                        : 
    select
        a1_0.app_user_id,
        a1_1.id,
        a1_1.role_name 
    from
        users_approles a1_0 
    join
        roles a1_1 
            on a1_1.id=a1_0.approles_id 
    where
        a1_0.app_user_id=?
2026-03-28T23:21:44.766+01:00 DEBUG 13099 --- [Pharmacies] [http-nio-8080-exec-7] org.hibernate.SQL                        : 
    select
        a1_0.app_user_id,
        a1_1.id,
        a1_1.role_name 
    from
        users_approles a1_0 
    join
        roles a1_1 
            on a1_1.id=a1_0.approles_id 
    where
        a1_0.app_user_id=?
2026-03-28T23:21:44.766+01:00 DEBUG 13099 --- [Pharmacies] [http-nio-8080-exec-3] org.hibernate.SQL                        : 
    select
        a1_0.app_user_id,
        a1_1.id,
        a1_1.role_name 
    from
        users_approles a1_0 
    join
        roles a1_1 
            on a1_1.id=a1_0.approles_id 
    where
        a1_0.app_user_id=?
2026-03-28T23:21:44.767+01:00 DEBUG 13099 --- [Pharmacies] [http-nio-8080-exec-1] o.s.w.s.m.m.a.HttpEntityMethodProcessor  : Using 'application/json', given [application/json, text/plain, */*] and supported [application/json, application/*+json]
2026-03-28T23:21:44.767+01:00 TRACE 13099 --- [Pharmacies] [http-nio-8080-exec-1] o.s.w.s.m.m.a.HttpEntityMethodProcessor  : Writing [Page 1 of 1 containing com.gestion.invoice.models.Vente instances]
2026-03-28T23:21:44.767+01:00 DEBUG 13099 --- [Pharmacies] [http-nio-8080-exec-3] org.hibernate.SQL                        : 
    select
        a1_0.app_user_id,
        a1_1.id,
        a1_1.role_name 
    from
        users_approles a1_0 
    join
        roles a1_1 
            on a1_1.id=a1_0.approles_id 
    where
        a1_0.app_user_id=?
2026-03-28T23:21:44.767+01:00 DEBUG 13099 --- [Pharmacies] [http-nio-8080-exec-9] o.s.w.s.m.m.a.HttpEntityMethodProcessor  : Using 'application/json', given [application/json, text/plain, */*] and supported [application/json, application/*+json]
2026-03-28T23:21:44.767+01:00 TRACE 13099 --- [Pharmacies] [http-nio-8080-exec-9] o.s.w.s.m.m.a.HttpEntityMethodProcessor  : Writing [Page 1 of 1 containing com.gestion.invoice.models.Vente instances]
2026-03-28T23:21:44.767+01:00 DEBUG 13099 --- [Pharmacies] [http-nio-8080-exec-1] org.hibernate.SQL                        : 
    select
        au1_0.id,
        au1_0.nom,
        au1_0.password,
        au1_0.prenoms,
        au1_0.telephone,
        a1_0.app_user_id,
        a1_1.id,
        a1_1.role_name 
    from
        users au1_0 
    left join
        users_approles a1_0 
            on au1_0.id=a1_0.app_user_id 
    left join
        roles a1_1 
            on a1_1.id=a1_0.approles_id 
    where
        au1_0.id=?
2026-03-28T23:21:44.767+01:00 DEBUG 13099 --- [Pharmacies] [http-nio-8080-exec-9] org.hibernate.SQL                        : 
    select
        au1_0.id,
        au1_0.nom,
        au1_0.password,
        au1_0.prenoms,
        au1_0.telephone,
        a1_0.app_user_id,
        a1_1.id,
        a1_1.role_name 
    from
        users au1_0 
    left join
        users_approles a1_0 
            on au1_0.id=a1_0.app_user_id 
    left join
        roles a1_1 
            on a1_1.id=a1_0.approles_id 
    where
        au1_0.id=?
2026-03-28T23:21:44.768+01:00 DEBUG 13099 --- [Pharmacies] [http-nio-8080-exec-3] org.hibernate.SQL                        : 
    select
        a1_0.app_user_id,
        a1_1.id,
        a1_1.role_name 
    from
        users_approles a1_0 
    join
        roles a1_1 
            on a1_1.id=a1_0.approles_id 
    where
        a1_0.app_user_id=?
2026-03-28T23:21:44.768+01:00 DEBUG 13099 --- [Pharmacies] [http-nio-8080-exec-7] org.hibernate.SQL                        : 
    select
        a1_0.app_user_id,
        a1_1.id,
        a1_1.role_name 
    from
        users_approles a1_0 
    join
        roles a1_1 
            on a1_1.id=a1_0.approles_id 
    where
        a1_0.app_user_id=?
2026-03-28T23:21:44.768+01:00 DEBUG 13099 --- [Pharmacies] [http-nio-8080-exec-3] org.hibernate.SQL                        : 
    select
        a1_0.app_user_id,
        a1_1.id,
        a1_1.role_name 
    from
        users_approles a1_0 
    join
        roles a1_1 
            on a1_1.id=a1_0.approles_id 
    where
        a1_0.app_user_id=?
2026-03-28T23:21:44.768+01:00 DEBUG 13099 --- [Pharmacies] [http-nio-8080-exec-7] org.hibernate.SQL                        : 
    select
        a1_0.app_user_id,
        a1_1.id,
        a1_1.role_name 
    from
        users_approles a1_0 
    join
        roles a1_1 
            on a1_1.id=a1_0.approles_id 
    where
        a1_0.app_user_id=?
2026-03-28T23:21:44.769+01:00 DEBUG 13099 --- [Pharmacies] [http-nio-8080-exec-3] org.hibernate.SQL                        : 
    select
        a1_0.app_user_id,
        a1_1.id,
        a1_1.role_name 
    from
        users_approles a1_0 
    join
        roles a1_1 
            on a1_1.id=a1_0.approles_id 
    where
        a1_0.app_user_id=?
2026-03-28T23:21:44.769+01:00 DEBUG 13099 --- [Pharmacies] [http-nio-8080-exec-7] org.hibernate.SQL                        : 
    select
        a1_0.app_user_id,
        a1_1.id,
        a1_1.role_name 
    from
        users_approles a1_0 
    join
        roles a1_1 
            on a1_1.id=a1_0.approles_id 
    where
        a1_0.app_user_id=?
2026-03-28T23:21:44.770+01:00 DEBUG 13099 --- [Pharmacies] [http-nio-8080-exec-7] org.hibernate.SQL                        : 
    select
        a1_0.app_user_id,
        a1_1.id,
        a1_1.role_name 
    from
        users_approles a1_0 
    join
        roles a1_1 
            on a1_1.id=a1_0.approles_id 
    where
        a1_0.app_user_id=?
2026-03-28T23:21:44.770+01:00 DEBUG 13099 --- [Pharmacies] [http-nio-8080-exec-3] m.m.a.RequestResponseBodyMethodProcessor : Using 'application/json', given [application/json, text/plain, */*] and supported [application/json, application/*+json]
2026-03-28T23:21:44.770+01:00 DEBUG 13099 --- [Pharmacies] [http-nio-8080-exec-7] org.hibernate.SQL                        : 
    select
        a1_0.app_user_id,
        a1_1.id,
        a1_1.role_name 
    from
        users_approles a1_0 
    join
        roles a1_1 
            on a1_1.id=a1_0.approles_id 
    where
        a1_0.app_user_id=?
2026-03-28T23:21:44.770+01:00 TRACE 13099 --- [Pharmacies] [http-nio-8080-exec-3] m.m.a.RequestResponseBodyMethodProcessor : Writing [[AppUser(id=1, nom=IWIKOTAN, prenoms=thierry, telephone=95064366, password=$2a$10$DxDLFk3EVD8ebPm1k6tOpuFnTY57SDKuVXSO8uerVeSGCZh5/jML6, approles=[AppRole(id=1, roleName=USER), AppRole(id=2, roleName=ADMIN)], roleId=null), AppUser(id=2, nom=IWIKOTAN, prenoms=Landry, telephone=80167188, password=$2a$10$RTMAlz.S0NWZTzmcUlvnpeYDb8XzAUdKUb.YJ0jZdxguxCV5Kae8e, approles=[AppRole(id=2, roleName=ADMIN)], roleId=null), AppUser(id=3, nom=IWIKOTAN, prenoms=smith, telephone=85536173, password=$2a$10$.A4EcoYJnCRXiqnmu6Htuut7RwMcaimLvCMKP4kL7IDPQwQyr9GVm, approles=[AppRole(id=1, roleName=USER)], roleId=null), AppUser(id=5, nom=thirry, prenoms=tomas, telephone=20202020, password=$2a$10$aszFQBKEcO7n4t/m5dJBFOBprVb.OT4bqrT1FuGHNLkIVcMp3ERO6, approles=[], roleId=null), AppUser(id=6, nom=iwikotan, prenoms=thiery, telephone=55555555, password=$2a$10$m0sFqoNR3OFYVt0sdorlvOcQ/xwezFK885sjJzpH9LYzfJ3ikFTPu, approles=[], roleId=null), AppUser(id=9, nom=iwiko, prenoms=kok, telephone=23232323, password=$2a$10$Kua2aFk7wp6hJJIjAD/S3.WfTiGSvuV0oLmZhFiJ9kruXNN1SJKxa, approles=[], roleId=null), AppUser(id=10, nom=ad, prenoms=hh, telephone=123, password=$2a$10$hEOHJx0F8ii7Mc3TsJNe4.RJ/YJQVng5QrJf8jxH87KvHMhAM1Y2y, approles=[], roleId=null), AppUser(id=11, nom=hh, prenoms=hh, telephone=2, password=$2a$10$FaCh.aWpfWEjwHN4.M9yFuMA6h8OuJ2eSa/SDMgUtmlN5d2OFeCA., approles=[], roleId=null), AppUser(id=12, nom=k, prenoms=l, telephone=3, password=$2a$10$k2OtBR581OyGSxVceC/fvu9yZZzXaGsmAKfihFiejkzANZNyw5V4K, approles=[AppRole(id=1, roleName=USER)], roleId=null), AppUser(id=13, nom=g, prenoms=h, telephone=22, password=$2a$10$B2ghggRqzi084R8zIXVoqukSuHRaZUmtIAH0nuasgqTpy8OhVs8Me, approles=[AppRole(id=1, roleName=USER)], roleId=null), AppUser(id=14, nom=d, prenoms=d, telephone=32, password=$2a$10$tZDNbhhlq5ASWhsb1dJCs.B7lt.g9pb6cazPcAbKEWCcm2XBJDGQ6, approles=[AppRole(id=2, roleName=ADMIN)], roleId=null), AppUser(id=15, nom=am, prenoms=ol, telephone=6, password=$2a$10$0AZxEcFNMgvRqXqSnJJWVufC/jv3XVIDrQx0y/qfqstDUm9Y.ME7G, approles=[AppRole(id=1, roleName=USER)], roleId=null)]]
2026-03-28T23:21:44.771+01:00 TRACE 13099 --- [Pharmacies] [http-nio-8080-exec-9] o.s.web.servlet.DispatcherServlet        : No view rendering, null ModelAndView returned.
2026-03-28T23:21:44.771+01:00 TRACE 13099 --- [Pharmacies] [http-nio-8080-exec-3] o.s.web.servlet.DispatcherServlet        : No view rendering, null ModelAndView returned.
2026-03-28T23:21:44.771+01:00 DEBUG 13099 --- [Pharmacies] [http-nio-8080-exec-7] org.hibernate.SQL                        : 
    select
        a1_0.app_user_id,
        a1_1.id,
        a1_1.role_name 
    from
        users_approles a1_0 
    join
        roles a1_1 
            on a1_1.id=a1_0.approles_id 
    where
        a1_0.app_user_id=?
2026-03-28T23:21:44.771+01:00 DEBUG 13099 --- [Pharmacies] [http-nio-8080-exec-3] o.s.web.servlet.DispatcherServlet        : Completed 200 OK, headers={masked}
2026-03-28T23:21:44.771+01:00 DEBUG 13099 --- [Pharmacies] [http-nio-8080-exec-9] o.s.web.servlet.DispatcherServlet        : Completed 200 OK, headers={masked}
2026-03-28T23:21:44.773+01:00 TRACE 13099 --- [Pharmacies] [http-nio-8080-exec-1] o.s.web.servlet.DispatcherServlet        : No view rendering, null ModelAndView returned.
2026-03-28T23:21:44.773+01:00 DEBUG 13099 --- [Pharmacies] [http-nio-8080-exec-7] m.m.a.RequestResponseBodyMethodProcessor : Using 'application/json', given [application/json, text/plain, */*] and supported [application/json, application/*+json]
2026-03-28T23:21:44.774+01:00 DEBUG 13099 --- [Pharmacies] [http-nio-8080-exec-1] o.s.web.servlet.DispatcherServlet        : Completed 200 OK, headers={masked}
2026-03-28T23:21:44.774+01:00 TRACE 13099 --- [Pharmacies] [http-nio-8080-exec-7] m.m.a.RequestResponseBodyMethodProcessor : Writing [[AppUser(id=1, nom=IWIKOTAN, prenoms=thierry, telephone=95064366, password=$2a$10$DxDLFk3EVD8ebPm1k6tOpuFnTY57SDKuVXSO8uerVeSGCZh5/jML6, approles=[AppRole(id=1, roleName=USER), AppRole(id=2, roleName=ADMIN)], roleId=null), AppUser(id=2, nom=IWIKOTAN, prenoms=Landry, telephone=80167188, password=$2a$10$RTMAlz.S0NWZTzmcUlvnpeYDb8XzAUdKUb.YJ0jZdxguxCV5Kae8e, approles=[AppRole(id=2, roleName=ADMIN)], roleId=null), AppUser(id=3, nom=IWIKOTAN, prenoms=smith, telephone=85536173, password=$2a$10$.A4EcoYJnCRXiqnmu6Htuut7RwMcaimLvCMKP4kL7IDPQwQyr9GVm, approles=[AppRole(id=1, roleName=USER)], roleId=null), AppUser(id=5, nom=thirry, prenoms=tomas, telephone=20202020, password=$2a$10$aszFQBKEcO7n4t/m5dJBFOBprVb.OT4bqrT1FuGHNLkIVcMp3ERO6, approles=[], roleId=null), AppUser(id=6, nom=iwikotan, prenoms=thiery, telephone=55555555, password=$2a$10$m0sFqoNR3OFYVt0sdorlvOcQ/xwezFK885sjJzpH9LYzfJ3ikFTPu, approles=[], roleId=null), AppUser(id=9, nom=iwiko, prenoms=kok, telephone=23232323, password=$2a$10$Kua2aFk7wp6hJJIjAD/S3.WfTiGSvuV0oLmZhFiJ9kruXNN1SJKxa, approles=[], roleId=null), AppUser(id=10, nom=ad, prenoms=hh, telephone=123, password=$2a$10$hEOHJx0F8ii7Mc3TsJNe4.RJ/YJQVng5QrJf8jxH87KvHMhAM1Y2y, approles=[], roleId=null), AppUser(id=11, nom=hh, prenoms=hh, telephone=2, password=$2a$10$FaCh.aWpfWEjwHN4.M9yFuMA6h8OuJ2eSa/SDMgUtmlN5d2OFeCA., approles=[], roleId=null), AppUser(id=12, nom=k, prenoms=l, telephone=3, password=$2a$10$k2OtBR581OyGSxVceC/fvu9yZZzXaGsmAKfihFiejkzANZNyw5V4K, approles=[AppRole(id=1, roleName=USER)], roleId=null), AppUser(id=13, nom=g, prenoms=h, telephone=22, password=$2a$10$B2ghggRqzi084R8zIXVoqukSuHRaZUmtIAH0nuasgqTpy8OhVs8Me, approles=[AppRole(id=1, roleName=USER)], roleId=null), AppUser(id=14, nom=d, prenoms=d, telephone=32, password=$2a$10$tZDNbhhlq5ASWhsb1dJCs.B7lt.g9pb6cazPcAbKEWCcm2XBJDGQ6, approles=[AppRole(id=2, roleName=ADMIN)], roleId=null), AppUser(id=15, nom=am, prenoms=ol, telephone=6, password=$2a$10$0AZxEcFNMgvRqXqSnJJWVufC/jv3XVIDrQx0y/qfqstDUm9Y.ME7G, approles=[AppRole(id=1, roleName=USER)], roleId=null)]]
2026-03-28T23:21:44.774+01:00 TRACE 13099 --- [Pharmacies] [http-nio-8080-exec-7] o.s.web.servlet.DispatcherServlet        : No view rendering, null ModelAndView returned.
2026-03-28T23:21:44.775+01:00 DEBUG 13099 --- [Pharmacies] [http-nio-8080-exec-7] o.s.web.servlet.DispatcherServlet        : Completed 200 OK, headers={masked}
2026-03-28T23:21:47.823+01:00 TRACE 13099 --- [Pharmacies] [http-nio-8080-exec-2] o.s.web.servlet.DispatcherServlet        : GET "/api/v1/mesventes/actives?page=0&size=1000", parameters={masked}, headers={masked} in DispatcherServlet 'dispatcherServlet'
2026-03-28T23:21:47.823+01:00 TRACE 13099 --- [Pharmacies] [http-nio-8080-exec-2] s.w.s.m.m.a.RequestMappingHandlerMapping : Mapped to com.gestion.invoice.controller.MesVenteController#getVentesActives(String, Long, String, String, int, int)
2026-03-28T23:21:47.824+01:00 DEBUG 13099 --- [Pharmacies] [http-nio-8080-exec-2] org.hibernate.SQL                        : 
    select
        v1_0.id,
        v1_0.benefice,
        v1_0.client_id,
        v1_0.code_ticket,
        v1_0.create_at,
        v1_0.created_by_id,
        v1_0.date_vente,
        v1_0.etat,
        v1_0.payer,
        v1_0.remis,
        v1_0.remise,
        v1_0.rendue,
        v1_0.statut,
        v1_0.total,
        v1_0.tva,
        v1_0.updated_at 
    from
        vente v1_0 
    join
        client c1_0 
            on c1_0.id=v1_0.client_id 
    where
        v1_0.etat=1 
        and v1_0.statut=1 
        and (
            ? is null 
            or c1_0.nom like replace(?, '\\', '\\\\')
        ) 
        and (
            ? is null 
            or v1_0.created_by_id=?
        ) 
        and (
            ? is null 
            or v1_0.date_vente>=?
        ) 
        and (
            ? is null 
            or v1_0.date_vente<=?
        ) 
    order by
        v1_0.date_vente desc 
    limit
        ?
2026-03-28T23:21:47.826+01:00 DEBUG 13099 --- [Pharmacies] [http-nio-8080-exec-2] org.hibernate.SQL                        : 
    select
        c1_0.id,
        c1_0.adresse,
        c1_0.create_at,
        c1_0.created_by_id,
        c1_0.etat,
        c1_0.nom,
        c1_0.telephone 
    from
        client c1_0 
    where
        c1_0.id=?
2026-03-28T23:21:47.827+01:00 TRACE 13099 --- [Pharmacies] [http-nio-8080-exec-4] o.s.web.servlet.DispatcherServlet        : GET "/api/v1/mesventes/actives?page=0&size=1000", parameters={masked}, headers={masked} in DispatcherServlet 'dispatcherServlet'
2026-03-28T23:21:47.827+01:00 TRACE 13099 --- [Pharmacies] [http-nio-8080-exec-8] o.s.web.servlet.DispatcherServlet        : GET "/api/v1/users", parameters={}, headers={masked} in DispatcherServlet 'dispatcherServlet'
2026-03-28T23:21:47.827+01:00 TRACE 13099 --- [Pharmacies] [http-nio-8080-exec-8] s.w.s.m.m.a.RequestMappingHandlerMapping : Mapped to com.gestion.invoice.controller.UserController#getAllUsers()
2026-03-28T23:21:47.827+01:00 TRACE 13099 --- [Pharmacies] [http-nio-8080-exec-4] s.w.s.m.m.a.RequestMappingHandlerMapping : Mapped to com.gestion.invoice.controller.MesVenteController#getVentesActives(String, Long, String, String, int, int)
2026-03-28T23:21:47.827+01:00 DEBUG 13099 --- [Pharmacies] [http-nio-8080-exec-2] org.hibernate.SQL                        : 
    select
        c1_0.id,
        c1_0.adresse,
        c1_0.create_at,
        c1_0.created_by_id,
        c1_0.etat,
        c1_0.nom,
        c1_0.telephone 
    from
        client c1_0 
    where
        c1_0.id=?
2026-03-28T23:21:47.828+01:00 DEBUG 13099 --- [Pharmacies] [http-nio-8080-exec-4] org.hibernate.SQL                        : 
    select
        v1_0.id,
        v1_0.benefice,
        v1_0.client_id,
        v1_0.code_ticket,
        v1_0.create_at,
        v1_0.created_by_id,
        v1_0.date_vente,
        v1_0.etat,
        v1_0.payer,
        v1_0.remis,
        v1_0.remise,
        v1_0.rendue,
        v1_0.statut,
        v1_0.total,
        v1_0.tva,
        v1_0.updated_at 
    from
        vente v1_0 
    join
        client c1_0 
            on c1_0.id=v1_0.client_id 
    where
        v1_0.etat=1 
        and v1_0.statut=1 
        and (
            ? is null 
            or c1_0.nom like replace(?, '\\', '\\\\')
        ) 
        and (
            ? is null 
            or v1_0.created_by_id=?
        ) 
        and (
            ? is null 
            or v1_0.date_vente>=?
        ) 
        and (
            ? is null 
            or v1_0.date_vente<=?
        ) 
    order by
        v1_0.date_vente desc 
    limit
        ?
2026-03-28T23:21:47.829+01:00 DEBUG 13099 --- [Pharmacies] [http-nio-8080-exec-8] org.hibernate.SQL                        : 
    select
        au1_0.id,
        au1_0.nom,
        au1_0.password,
        au1_0.prenoms,
        au1_0.telephone 
    from
        users au1_0
2026-03-28T23:21:47.829+01:00 TRACE 13099 --- [Pharmacies] [http-nio-8080-exec-10] o.s.web.servlet.DispatcherServlet        : GET "/api/v1/users", parameters={}, headers={masked} in DispatcherServlet 'dispatcherServlet'
2026-03-28T23:21:47.829+01:00 TRACE 13099 --- [Pharmacies] [http-nio-8080-exec-10] s.w.s.m.m.a.RequestMappingHandlerMapping : Mapped to com.gestion.invoice.controller.UserController#getAllUsers()
2026-03-28T23:21:47.829+01:00 DEBUG 13099 --- [Pharmacies] [http-nio-8080-exec-4] org.hibernate.SQL                        : 
    select
        c1_0.id,
        c1_0.adresse,
        c1_0.create_at,
        c1_0.created_by_id,
        c1_0.etat,
        c1_0.nom,
        c1_0.telephone 
    from
        client c1_0 
    where
        c1_0.id=?
2026-03-28T23:21:47.830+01:00 DEBUG 13099 --- [Pharmacies] [http-nio-8080-exec-10] org.hibernate.SQL                        : 
    select
        au1_0.id,
        au1_0.nom,
        au1_0.password,
        au1_0.prenoms,
        au1_0.telephone 
    from
        users au1_0
2026-03-28T23:21:47.830+01:00 DEBUG 13099 --- [Pharmacies] [http-nio-8080-exec-8] org.hibernate.SQL                        : 
    select
        a1_0.app_user_id,
        a1_1.id,
        a1_1.role_name 
    from
        users_approles a1_0 
    join
        roles a1_1 
            on a1_1.id=a1_0.approles_id 
    where
        a1_0.app_user_id=?
2026-03-28T23:21:47.830+01:00 DEBUG 13099 --- [Pharmacies] [http-nio-8080-exec-4] org.hibernate.SQL                        : 
    select
        c1_0.id,
        c1_0.adresse,
        c1_0.create_at,
        c1_0.created_by_id,
        c1_0.etat,
        c1_0.nom,
        c1_0.telephone 
    from
        client c1_0 
    where
        c1_0.id=?
2026-03-28T23:21:47.831+01:00 DEBUG 13099 --- [Pharmacies] [http-nio-8080-exec-8] org.hibernate.SQL                        : 
    select
        a1_0.app_user_id,
        a1_1.id,
        a1_1.role_name 
    from
        users_approles a1_0 
    join
        roles a1_1 
            on a1_1.id=a1_0.approles_id 
    where
        a1_0.app_user_id=?
2026-03-28T23:21:47.831+01:00 DEBUG 13099 --- [Pharmacies] [http-nio-8080-exec-10] org.hibernate.SQL                        : 
    select
        a1_0.app_user_id,
        a1_1.id,
        a1_1.role_name 
    from
        users_approles a1_0 
    join
        roles a1_1 
            on a1_1.id=a1_0.approles_id 
    where
        a1_0.app_user_id=?
2026-03-28T23:21:47.831+01:00 DEBUG 13099 --- [Pharmacies] [http-nio-8080-exec-2] o.s.w.s.m.m.a.HttpEntityMethodProcessor  : Using 'application/json', given [application/json, text/plain, */*] and supported [application/json, application/*+json]
2026-03-28T23:21:47.831+01:00 DEBUG 13099 --- [Pharmacies] [http-nio-8080-exec-8] org.hibernate.SQL                        : 
    select
        a1_0.app_user_id,
        a1_1.id,
        a1_1.role_name 
    from
        users_approles a1_0 
    join
        roles a1_1 
            on a1_1.id=a1_0.approles_id 
    where
        a1_0.app_user_id=?
2026-03-28T23:21:47.831+01:00 TRACE 13099 --- [Pharmacies] [http-nio-8080-exec-2] o.s.w.s.m.m.a.HttpEntityMethodProcessor  : Writing [Page 1 of 1 containing com.gestion.invoice.models.Vente instances]
2026-03-28T23:21:47.831+01:00 DEBUG 13099 --- [Pharmacies] [http-nio-8080-exec-10] org.hibernate.SQL                        : 
    select
        a1_0.app_user_id,
        a1_1.id,
        a1_1.role_name 
    from
        users_approles a1_0 
    join
        roles a1_1 
            on a1_1.id=a1_0.approles_id 
    where
        a1_0.app_user_id=?
2026-03-28T23:21:47.832+01:00 DEBUG 13099 --- [Pharmacies] [http-nio-8080-exec-8] org.hibernate.SQL                        : 
    select
        a1_0.app_user_id,
        a1_1.id,
        a1_1.role_name 
    from
        users_approles a1_0 
    join
        roles a1_1 
            on a1_1.id=a1_0.approles_id 
    where
        a1_0.app_user_id=?
2026-03-28T23:21:47.832+01:00 DEBUG 13099 --- [Pharmacies] [http-nio-8080-exec-2] org.hibernate.SQL                        : 
    select
        au1_0.id,
        au1_0.nom,
        au1_0.password,
        au1_0.prenoms,
        au1_0.telephone,
        a1_0.app_user_id,
        a1_1.id,
        a1_1.role_name 
    from
        users au1_0 
    left join
        users_approles a1_0 
            on au1_0.id=a1_0.app_user_id 
    left join
        roles a1_1 
            on a1_1.id=a1_0.approles_id 
    where
        au1_0.id=?
2026-03-28T23:21:47.832+01:00 DEBUG 13099 --- [Pharmacies] [http-nio-8080-exec-10] org.hibernate.SQL                        : 
    select
        a1_0.app_user_id,
        a1_1.id,
        a1_1.role_name 
    from
        users_approles a1_0 
    join
        roles a1_1 
            on a1_1.id=a1_0.approles_id 
    where
        a1_0.app_user_id=?
2026-03-28T23:21:47.832+01:00 DEBUG 13099 --- [Pharmacies] [http-nio-8080-exec-10] org.hibernate.SQL                        : 
    select
        a1_0.app_user_id,
        a1_1.id,
        a1_1.role_name 
    from
        users_approles a1_0 
    join
        roles a1_1 
            on a1_1.id=a1_0.approles_id 
    where
        a1_0.app_user_id=?
2026-03-28T23:21:47.832+01:00 DEBUG 13099 --- [Pharmacies] [http-nio-8080-exec-8] org.hibernate.SQL                        : 
    select
        a1_0.app_user_id,
        a1_1.id,
        a1_1.role_name 
    from
        users_approles a1_0 
    join
        roles a1_1 
            on a1_1.id=a1_0.approles_id 
    where
        a1_0.app_user_id=?
2026-03-28T23:21:47.833+01:00 DEBUG 13099 --- [Pharmacies] [http-nio-8080-exec-8] org.hibernate.SQL                        : 
    select
        a1_0.app_user_id,
        a1_1.id,
        a1_1.role_name 
    from
        users_approles a1_0 
    join
        roles a1_1 
            on a1_1.id=a1_0.approles_id 
    where
        a1_0.app_user_id=?
2026-03-28T23:21:47.833+01:00 DEBUG 13099 --- [Pharmacies] [http-nio-8080-exec-10] org.hibernate.SQL                        : 
    select
        a1_0.app_user_id,
        a1_1.id,
        a1_1.role_name 
    from
        users_approles a1_0 
    join
        roles a1_1 
            on a1_1.id=a1_0.approles_id 
    where
        a1_0.app_user_id=?
2026-03-28T23:21:47.833+01:00 DEBUG 13099 --- [Pharmacies] [http-nio-8080-exec-8] org.hibernate.SQL                        : 
    select
        a1_0.app_user_id,
        a1_1.id,
        a1_1.role_name 
    from
        users_approles a1_0 
    join
        roles a1_1 
            on a1_1.id=a1_0.approles_id 
    where
        a1_0.app_user_id=?
2026-03-28T23:21:47.833+01:00 DEBUG 13099 --- [Pharmacies] [http-nio-8080-exec-10] org.hibernate.SQL                        : 
    select
        a1_0.app_user_id,
        a1_1.id,
        a1_1.role_name 
    from
        users_approles a1_0 
    join
        roles a1_1 
            on a1_1.id=a1_0.approles_id 
    where
        a1_0.app_user_id=?
2026-03-28T23:21:47.834+01:00 DEBUG 13099 --- [Pharmacies] [http-nio-8080-exec-8] org.hibernate.SQL                        : 
    select
        a1_0.app_user_id,
        a1_1.id,
        a1_1.role_name 
    from
        users_approles a1_0 
    join
        roles a1_1 
            on a1_1.id=a1_0.approles_id 
    where
        a1_0.app_user_id=?
2026-03-28T23:21:47.834+01:00 DEBUG 13099 --- [Pharmacies] [http-nio-8080-exec-10] org.hibernate.SQL                        : 
    select
        a1_0.app_user_id,
        a1_1.id,
        a1_1.role_name 
    from
        users_approles a1_0 
    join
        roles a1_1 
            on a1_1.id=a1_0.approles_id 
    where
        a1_0.app_user_id=?
2026-03-28T23:21:47.834+01:00 DEBUG 13099 --- [Pharmacies] [http-nio-8080-exec-4] o.s.w.s.m.m.a.HttpEntityMethodProcessor  : Using 'application/json', given [application/json, text/plain, */*] and supported [application/json, application/*+json]
2026-03-28T23:21:47.834+01:00 TRACE 13099 --- [Pharmacies] [http-nio-8080-exec-4] o.s.w.s.m.m.a.HttpEntityMethodProcessor  : Writing [Page 1 of 1 containing com.gestion.invoice.models.Vente instances]
2026-03-28T23:21:47.834+01:00 DEBUG 13099 --- [Pharmacies] [http-nio-8080-exec-10] org.hibernate.SQL                        : 
    select
        a1_0.app_user_id,
        a1_1.id,
        a1_1.role_name 
    from
        users_approles a1_0 
    join
        roles a1_1 
            on a1_1.id=a1_0.approles_id 
    where
        a1_0.app_user_id=?
2026-03-28T23:21:47.834+01:00 DEBUG 13099 --- [Pharmacies] [http-nio-8080-exec-8] org.hibernate.SQL                        : 
    select
        a1_0.app_user_id,
        a1_1.id,
        a1_1.role_name 
    from
        users_approles a1_0 
    join
        roles a1_1 
            on a1_1.id=a1_0.approles_id 
    where
        a1_0.app_user_id=?
2026-03-28T23:21:47.834+01:00 DEBUG 13099 --- [Pharmacies] [http-nio-8080-exec-4] org.hibernate.SQL                        : 
    select
        au1_0.id,
        au1_0.nom,
        au1_0.password,
        au1_0.prenoms,
        au1_0.telephone,
        a1_0.app_user_id,
        a1_1.id,
        a1_1.role_name 
    from
        users au1_0 
    left join
        users_approles a1_0 
            on au1_0.id=a1_0.app_user_id 
    left join
        roles a1_1 
            on a1_1.id=a1_0.approles_id 
    where
        au1_0.id=?
2026-03-28T23:21:47.835+01:00 DEBUG 13099 --- [Pharmacies] [http-nio-8080-exec-8] org.hibernate.SQL                        : 
    select
        a1_0.app_user_id,
        a1_1.id,
        a1_1.role_name 
    from
        users_approles a1_0 
    join
        roles a1_1 
            on a1_1.id=a1_0.approles_id 
    where
        a1_0.app_user_id=?
2026-03-28T23:21:47.835+01:00 DEBUG 13099 --- [Pharmacies] [http-nio-8080-exec-10] org.hibernate.SQL                        : 
    select
        a1_0.app_user_id,
        a1_1.id,
        a1_1.role_name 
    from
        users_approles a1_0 
    join
        roles a1_1 
            on a1_1.id=a1_0.approles_id 
    where
        a1_0.app_user_id=?
2026-03-28T23:21:47.835+01:00 TRACE 13099 --- [Pharmacies] [http-nio-8080-exec-2] o.s.web.servlet.DispatcherServlet        : No view rendering, null ModelAndView returned.
2026-03-28T23:21:47.835+01:00 DEBUG 13099 --- [Pharmacies] [http-nio-8080-exec-2] o.s.web.servlet.DispatcherServlet        : Completed 200 OK, headers={masked}
2026-03-28T23:21:47.835+01:00 DEBUG 13099 --- [Pharmacies] [http-nio-8080-exec-10] org.hibernate.SQL                        : 
    select
        a1_0.app_user_id,
        a1_1.id,
        a1_1.role_name 
    from
        users_approles a1_0 
    join
        roles a1_1 
            on a1_1.id=a1_0.approles_id 
    where
        a1_0.app_user_id=?
2026-03-28T23:21:47.835+01:00 DEBUG 13099 --- [Pharmacies] [http-nio-8080-exec-8] org.hibernate.SQL                        : 
    select
        a1_0.app_user_id,
        a1_1.id,
        a1_1.role_name 
    from
        users_approles a1_0 
    join
        roles a1_1 
            on a1_1.id=a1_0.approles_id 
    where
        a1_0.app_user_id=?
2026-03-28T23:21:47.836+01:00 DEBUG 13099 --- [Pharmacies] [http-nio-8080-exec-10] org.hibernate.SQL                        : 
    select
        a1_0.app_user_id,
        a1_1.id,
        a1_1.role_name 
    from
        users_approles a1_0 
    join
        roles a1_1 
            on a1_1.id=a1_0.approles_id 
    where
        a1_0.app_user_id=?
2026-03-28T23:21:47.836+01:00 DEBUG 13099 --- [Pharmacies] [http-nio-8080-exec-8] org.hibernate.SQL                        : 
    select
        a1_0.app_user_id,
        a1_1.id,
        a1_1.role_name 
    from
        users_approles a1_0 
    join
        roles a1_1 
            on a1_1.id=a1_0.approles_id 
    where
        a1_0.app_user_id=?
2026-03-28T23:21:47.836+01:00 DEBUG 13099 --- [Pharmacies] [http-nio-8080-exec-10] org.hibernate.SQL                        : 
    select
        a1_0.app_user_id,
        a1_1.id,
        a1_1.role_name 
    from
        users_approles a1_0 
    join
        roles a1_1 
            on a1_1.id=a1_0.approles_id 
    where
        a1_0.app_user_id=?
2026-03-28T23:21:47.836+01:00 TRACE 13099 --- [Pharmacies] [http-nio-8080-exec-4] o.s.web.servlet.DispatcherServlet        : No view rendering, null ModelAndView returned.
2026-03-28T23:21:47.837+01:00 DEBUG 13099 --- [Pharmacies] [http-nio-8080-exec-8] m.m.a.RequestResponseBodyMethodProcessor : Using 'application/json', given [application/json, text/plain, */*] and supported [application/json, application/*+json]
2026-03-28T23:21:47.837+01:00 DEBUG 13099 --- [Pharmacies] [http-nio-8080-exec-4] o.s.web.servlet.DispatcherServlet        : Completed 200 OK, headers={masked}
2026-03-28T23:21:47.837+01:00 TRACE 13099 --- [Pharmacies] [http-nio-8080-exec-8] m.m.a.RequestResponseBodyMethodProcessor : Writing [[AppUser(id=1, nom=IWIKOTAN, prenoms=thierry, telephone=95064366, password=$2a$10$DxDLFk3EVD8ebPm1k6tOpuFnTY57SDKuVXSO8uerVeSGCZh5/jML6, approles=[AppRole(id=1, roleName=USER), AppRole(id=2, roleName=ADMIN)], roleId=null), AppUser(id=2, nom=IWIKOTAN, prenoms=Landry, telephone=80167188, password=$2a$10$RTMAlz.S0NWZTzmcUlvnpeYDb8XzAUdKUb.YJ0jZdxguxCV5Kae8e, approles=[AppRole(id=2, roleName=ADMIN)], roleId=null), AppUser(id=3, nom=IWIKOTAN, prenoms=smith, telephone=85536173, password=$2a$10$.A4EcoYJnCRXiqnmu6Htuut7RwMcaimLvCMKP4kL7IDPQwQyr9GVm, approles=[AppRole(id=1, roleName=USER)], roleId=null), AppUser(id=5, nom=thirry, prenoms=tomas, telephone=20202020, password=$2a$10$aszFQBKEcO7n4t/m5dJBFOBprVb.OT4bqrT1FuGHNLkIVcMp3ERO6, approles=[], roleId=null), AppUser(id=6, nom=iwikotan, prenoms=thiery, telephone=55555555, password=$2a$10$m0sFqoNR3OFYVt0sdorlvOcQ/xwezFK885sjJzpH9LYzfJ3ikFTPu, approles=[], roleId=null), AppUser(id=9, nom=iwiko, prenoms=kok, telephone=23232323, password=$2a$10$Kua2aFk7wp6hJJIjAD/S3.WfTiGSvuV0oLmZhFiJ9kruXNN1SJKxa, approles=[], roleId=null), AppUser(id=10, nom=ad, prenoms=hh, telephone=123, password=$2a$10$hEOHJx0F8ii7Mc3TsJNe4.RJ/YJQVng5QrJf8jxH87KvHMhAM1Y2y, approles=[], roleId=null), AppUser(id=11, nom=hh, prenoms=hh, telephone=2, password=$2a$10$FaCh.aWpfWEjwHN4.M9yFuMA6h8OuJ2eSa/SDMgUtmlN5d2OFeCA., approles=[], roleId=null), AppUser(id=12, nom=k, prenoms=l, telephone=3, password=$2a$10$k2OtBR581OyGSxVceC/fvu9yZZzXaGsmAKfihFiejkzANZNyw5V4K, approles=[AppRole(id=1, roleName=USER)], roleId=null), AppUser(id=13, nom=g, prenoms=h, telephone=22, password=$2a$10$B2ghggRqzi084R8zIXVoqukSuHRaZUmtIAH0nuasgqTpy8OhVs8Me, approles=[AppRole(id=1, roleName=USER)], roleId=null), AppUser(id=14, nom=d, prenoms=d, telephone=32, password=$2a$10$tZDNbhhlq5ASWhsb1dJCs.B7lt.g9pb6cazPcAbKEWCcm2XBJDGQ6, approles=[AppRole(id=2, roleName=ADMIN)], roleId=null), AppUser(id=15, nom=am, prenoms=ol, telephone=6, password=$2a$10$0AZxEcFNMgvRqXqSnJJWVufC/jv3XVIDrQx0y/qfqstDUm9Y.ME7G, approles=[AppRole(id=1, roleName=USER)], roleId=null)]]
2026-03-28T23:21:47.837+01:00 DEBUG 13099 --- [Pharmacies] [http-nio-8080-exec-10] m.m.a.RequestResponseBodyMethodProcessor : Using 'application/json', given [application/json, text/plain, */*] and supported [application/json, application/*+json]
2026-03-28T23:21:47.837+01:00 TRACE 13099 --- [Pharmacies] [http-nio-8080-exec-10] m.m.a.RequestResponseBodyMethodProcessor : Writing [[AppUser(id=1, nom=IWIKOTAN, prenoms=thierry, telephone=95064366, password=$2a$10$DxDLFk3EVD8ebPm1k6tOpuFnTY57SDKuVXSO8uerVeSGCZh5/jML6, approles=[AppRole(id=1, roleName=USER), AppRole(id=2, roleName=ADMIN)], roleId=null), AppUser(id=2, nom=IWIKOTAN, prenoms=Landry, telephone=80167188, password=$2a$10$RTMAlz.S0NWZTzmcUlvnpeYDb8XzAUdKUb.YJ0jZdxguxCV5Kae8e, approles=[AppRole(id=2, roleName=ADMIN)], roleId=null), AppUser(id=3, nom=IWIKOTAN, prenoms=smith, telephone=85536173, password=$2a$10$.A4EcoYJnCRXiqnmu6Htuut7RwMcaimLvCMKP4kL7IDPQwQyr9GVm, approles=[AppRole(id=1, roleName=USER)], roleId=null), AppUser(id=5, nom=thirry, prenoms=tomas, telephone=20202020, password=$2a$10$aszFQBKEcO7n4t/m5dJBFOBprVb.OT4bqrT1FuGHNLkIVcMp3ERO6, approles=[], roleId=null), AppUser(id=6, nom=iwikotan, prenoms=thiery, telephone=55555555, password=$2a$10$m0sFqoNR3OFYVt0sdorlvOcQ/xwezFK885sjJzpH9LYzfJ3ikFTPu, approles=[], roleId=null), AppUser(id=9, nom=iwiko, prenoms=kok, telephone=23232323, password=$2a$10$Kua2aFk7wp6hJJIjAD/S3.WfTiGSvuV0oLmZhFiJ9kruXNN1SJKxa, approles=[], roleId=null), AppUser(id=10, nom=ad, prenoms=hh, telephone=123, password=$2a$10$hEOHJx0F8ii7Mc3TsJNe4.RJ/YJQVng5QrJf8jxH87KvHMhAM1Y2y, approles=[], roleId=null), AppUser(id=11, nom=hh, prenoms=hh, telephone=2, password=$2a$10$FaCh.aWpfWEjwHN4.M9yFuMA6h8OuJ2eSa/SDMgUtmlN5d2OFeCA., approles=[], roleId=null), AppUser(id=12, nom=k, prenoms=l, telephone=3, password=$2a$10$k2OtBR581OyGSxVceC/fvu9yZZzXaGsmAKfihFiejkzANZNyw5V4K, approles=[AppRole(id=1, roleName=USER)], roleId=null), AppUser(id=13, nom=g, prenoms=h, telephone=22, password=$2a$10$B2ghggRqzi084R8zIXVoqukSuHRaZUmtIAH0nuasgqTpy8OhVs8Me, approles=[AppRole(id=1, roleName=USER)], roleId=null), AppUser(id=14, nom=d, prenoms=d, telephone=32, password=$2a$10$tZDNbhhlq5ASWhsb1dJCs.B7lt.g9pb6cazPcAbKEWCcm2XBJDGQ6, approles=[AppRole(id=2, roleName=ADMIN)], roleId=null), AppUser(id=15, nom=am, prenoms=ol, telephone=6, password=$2a$10$0AZxEcFNMgvRqXqSnJJWVufC/jv3XVIDrQx0y/qfqstDUm9Y.ME7G, approles=[AppRole(id=1, roleName=USER)], roleId=null)]]
2026-03-28T23:21:47.837+01:00 TRACE 13099 --- [Pharmacies] [http-nio-8080-exec-8] o.s.web.servlet.DispatcherServlet        : No view rendering, null ModelAndView returned.
2026-03-28T23:21:47.837+01:00 DEBUG 13099 --- [Pharmacies] [http-nio-8080-exec-8] o.s.web.servlet.DispatcherServlet        : Completed 200 OK, headers={masked}
2026-03-28T23:21:47.838+01:00 TRACE 13099 --- [Pharmacies] [http-nio-8080-exec-10] o.s.web.servlet.DispatcherServlet        : No view rendering, null ModelAndView returned.
2026-03-28T23:21:47.838+01:00 DEBUG 13099 --- [Pharmacies] [http-nio-8080-exec-10] o.s.web.servlet.DispatcherServlet        : Completed 200 OK, headers={masked}
2026-03-28T23:32:55.876+01:00 TRACE 13099 --- [Pharmacies] [http-nio-8080-exec-4] o.s.web.servlet.DispatcherServlet        : GET "/api/v1/mesventes/actives?page=0&size=1000", parameters={masked}, headers={masked} in DispatcherServlet 'dispatcherServlet'
2026-03-28T23:32:55.876+01:00 TRACE 13099 --- [Pharmacies] [http-nio-8080-exec-8] o.s.web.servlet.DispatcherServlet        : GET "/api/v1/users", parameters={}, headers={masked} in DispatcherServlet 'dispatcherServlet'
2026-03-28T23:32:55.876+01:00 TRACE 13099 --- [Pharmacies] [http-nio-8080-exec-4] s.w.s.m.m.a.RequestMappingHandlerMapping : Mapped to com.gestion.invoice.controller.MesVenteController#getVentesActives(String, Long, String, String, int, int)
2026-03-28T23:32:55.877+01:00 TRACE 13099 --- [Pharmacies] [http-nio-8080-exec-8] s.w.s.m.m.a.RequestMappingHandlerMapping : Mapped to com.gestion.invoice.controller.UserController#getAllUsers()
2026-03-28T23:32:55.877+01:00 DEBUG 13099 --- [Pharmacies] [http-nio-8080-exec-4] org.hibernate.SQL                        : 
    select
        v1_0.id,
        v1_0.benefice,
        v1_0.client_id,
        v1_0.code_ticket,
        v1_0.create_at,
        v1_0.created_by_id,
        v1_0.date_vente,
        v1_0.etat,
        v1_0.payer,
        v1_0.remis,
        v1_0.remise,
        v1_0.rendue,
        v1_0.statut,
        v1_0.total,
        v1_0.tva,
        v1_0.updated_at 
    from
        vente v1_0 
    join
        client c1_0 
            on c1_0.id=v1_0.client_id 
    where
        v1_0.etat=1 
        and v1_0.statut=1 
        and (
            ? is null 
            or c1_0.nom like replace(?, '\\', '\\\\')
        ) 
        and (
            ? is null 
            or v1_0.created_by_id=?
        ) 
        and (
            ? is null 
            or v1_0.date_vente>=?
        ) 
        and (
            ? is null 
            or v1_0.date_vente<=?
        ) 
    order by
        v1_0.date_vente desc 
    limit
        ?
2026-03-28T23:32:55.878+01:00 DEBUG 13099 --- [Pharmacies] [http-nio-8080-exec-8] org.hibernate.SQL                        : 
    select
        au1_0.id,
        au1_0.nom,
        au1_0.password,
        au1_0.prenoms,
        au1_0.telephone 
    from
        users au1_0
2026-03-28T23:32:55.879+01:00 TRACE 13099 --- [Pharmacies] [http-nio-8080-exec-9] o.s.web.servlet.DispatcherServlet        : GET "/api/v1/users", parameters={}, headers={masked} in DispatcherServlet 'dispatcherServlet'
2026-03-28T23:32:55.879+01:00 TRACE 13099 --- [Pharmacies] [http-nio-8080-exec-9] s.w.s.m.m.a.RequestMappingHandlerMapping : Mapped to com.gestion.invoice.controller.UserController#getAllUsers()
2026-03-28T23:32:55.879+01:00 DEBUG 13099 --- [Pharmacies] [http-nio-8080-exec-4] org.hibernate.SQL                        : 
    select
        c1_0.id,
        c1_0.adresse,
        c1_0.create_at,
        c1_0.created_by_id,
        c1_0.etat,
        c1_0.nom,
        c1_0.telephone 
    from
        client c1_0 
    where
        c1_0.id=?
2026-03-28T23:32:55.880+01:00 DEBUG 13099 --- [Pharmacies] [http-nio-8080-exec-8] org.hibernate.SQL                        : 
    select
        a1_0.app_user_id,
        a1_1.id,
        a1_1.role_name 
    from
        users_approles a1_0 
    join
        roles a1_1 
            on a1_1.id=a1_0.approles_id 
    where
        a1_0.app_user_id=?
2026-03-28T23:32:55.880+01:00 DEBUG 13099 --- [Pharmacies] [http-nio-8080-exec-4] org.hibernate.SQL                        : 
    select
        c1_0.id,
        c1_0.adresse,
        c1_0.create_at,
        c1_0.created_by_id,
        c1_0.etat,
        c1_0.nom,
        c1_0.telephone 
    from
        client c1_0 
    where
        c1_0.id=?
2026-03-28T23:32:55.880+01:00 DEBUG 13099 --- [Pharmacies] [http-nio-8080-exec-9] org.hibernate.SQL                        : 
    select
        au1_0.id,
        au1_0.nom,
        au1_0.password,
        au1_0.prenoms,
        au1_0.telephone 
    from
        users au1_0
2026-03-28T23:32:55.881+01:00 DEBUG 13099 --- [Pharmacies] [http-nio-8080-exec-8] org.hibernate.SQL                        : 
    select
        a1_0.app_user_id,
        a1_1.id,
        a1_1.role_name 
    from
        users_approles a1_0 
    join
        roles a1_1 
            on a1_1.id=a1_0.approles_id 
    where
        a1_0.app_user_id=?
2026-03-28T23:32:55.881+01:00 DEBUG 13099 --- [Pharmacies] [http-nio-8080-exec-9] org.hibernate.SQL                        : 
    select
        a1_0.app_user_id,
        a1_1.id,
        a1_1.role_name 
    from
        users_approles a1_0 
    join
        roles a1_1 
            on a1_1.id=a1_0.approles_id 
    where
        a1_0.app_user_id=?
2026-03-28T23:32:55.881+01:00 TRACE 13099 --- [Pharmacies] [http-nio-8080-exec-5] o.s.web.servlet.DispatcherServlet        : GET "/api/v1/mesventes/actives?page=0&size=1000", parameters={masked}, headers={masked} in DispatcherServlet 'dispatcherServlet'
2026-03-28T23:32:55.882+01:00 TRACE 13099 --- [Pharmacies] [http-nio-8080-exec-5] s.w.s.m.m.a.RequestMappingHandlerMapping : Mapped to com.gestion.invoice.controller.MesVenteController#getVentesActives(String, Long, String, String, int, int)
2026-03-28T23:32:55.882+01:00 DEBUG 13099 --- [Pharmacies] [http-nio-8080-exec-8] org.hibernate.SQL                        : 
    select
        a1_0.app_user_id,
        a1_1.id,
        a1_1.role_name 
    from
        users_approles a1_0 
    join
        roles a1_1 
            on a1_1.id=a1_0.approles_id 
    where
        a1_0.app_user_id=?
2026-03-28T23:32:55.882+01:00 DEBUG 13099 --- [Pharmacies] [http-nio-8080-exec-9] org.hibernate.SQL                        : 
    select
        a1_0.app_user_id,
        a1_1.id,
        a1_1.role_name 
    from
        users_approles a1_0 
    join
        roles a1_1 
            on a1_1.id=a1_0.approles_id 
    where
        a1_0.app_user_id=?
2026-03-28T23:32:55.883+01:00 DEBUG 13099 --- [Pharmacies] [http-nio-8080-exec-8] org.hibernate.SQL                        : 
    select
        a1_0.app_user_id,
        a1_1.id,
        a1_1.role_name 
    from
        users_approles a1_0 
    join
        roles a1_1 
            on a1_1.id=a1_0.approles_id 
    where
        a1_0.app_user_id=?
2026-03-28T23:32:55.883+01:00 DEBUG 13099 --- [Pharmacies] [http-nio-8080-exec-9] org.hibernate.SQL                        : 
    select
        a1_0.app_user_id,
        a1_1.id,
        a1_1.role_name 
    from
        users_approles a1_0 
    join
        roles a1_1 
            on a1_1.id=a1_0.approles_id 
    where
        a1_0.app_user_id=?
2026-03-28T23:32:55.883+01:00 DEBUG 13099 --- [Pharmacies] [http-nio-8080-exec-5] org.hibernate.SQL                        : 
    select
        v1_0.id,
        v1_0.benefice,
        v1_0.client_id,
        v1_0.code_ticket,
        v1_0.create_at,
        v1_0.created_by_id,
        v1_0.date_vente,
        v1_0.etat,
        v1_0.payer,
        v1_0.remis,
        v1_0.remise,
        v1_0.rendue,
        v1_0.statut,
        v1_0.total,
        v1_0.tva,
        v1_0.updated_at 
    from
        vente v1_0 
    join
        client c1_0 
            on c1_0.id=v1_0.client_id 
    where
        v1_0.etat=1 
        and v1_0.statut=1 
        and (
            ? is null 
            or c1_0.nom like replace(?, '\\', '\\\\')
        ) 
        and (
            ? is null 
            or v1_0.created_by_id=?
        ) 
        and (
            ? is null 
            or v1_0.date_vente>=?
        ) 
        and (
            ? is null 
            or v1_0.date_vente<=?
        ) 
    order by
        v1_0.date_vente desc 
    limit
        ?
2026-03-28T23:32:55.883+01:00 DEBUG 13099 --- [Pharmacies] [http-nio-8080-exec-8] org.hibernate.SQL                        : 
    select
        a1_0.app_user_id,
        a1_1.id,
        a1_1.role_name 
    from
        users_approles a1_0 
    join
        roles a1_1 
            on a1_1.id=a1_0.approles_id 
    where
        a1_0.app_user_id=?
2026-03-28T23:32:55.883+01:00 DEBUG 13099 --- [Pharmacies] [http-nio-8080-exec-4] o.s.w.s.m.m.a.HttpEntityMethodProcessor  : Using 'application/json', given [application/json, text/plain, */*] and supported [application/json, application/*+json]
2026-03-28T23:32:55.883+01:00 DEBUG 13099 --- [Pharmacies] [http-nio-8080-exec-9] org.hibernate.SQL                        : 
    select
        a1_0.app_user_id,
        a1_1.id,
        a1_1.role_name 
    from
        users_approles a1_0 
    join
        roles a1_1 
            on a1_1.id=a1_0.approles_id 
    where
        a1_0.app_user_id=?
2026-03-28T23:32:55.884+01:00 TRACE 13099 --- [Pharmacies] [http-nio-8080-exec-4] o.s.w.s.m.m.a.HttpEntityMethodProcessor  : Writing [Page 1 of 1 containing com.gestion.invoice.models.Vente instances]
2026-03-28T23:32:55.884+01:00 DEBUG 13099 --- [Pharmacies] [http-nio-8080-exec-4] org.hibernate.SQL                        : 
    select
        au1_0.id,
        au1_0.nom,
        au1_0.password,
        au1_0.prenoms,
        au1_0.telephone,
        a1_0.app_user_id,
        a1_1.id,
        a1_1.role_name 
    from
        users au1_0 
    left join
        users_approles a1_0 
            on au1_0.id=a1_0.app_user_id 
    left join
        roles a1_1 
            on a1_1.id=a1_0.approles_id 
    where
        au1_0.id=?
2026-03-28T23:32:55.885+01:00 DEBUG 13099 --- [Pharmacies] [http-nio-8080-exec-5] org.hibernate.SQL                        : 
    select
        c1_0.id,
        c1_0.adresse,
        c1_0.create_at,
        c1_0.created_by_id,
        c1_0.etat,
        c1_0.nom,
        c1_0.telephone 
    from
        client c1_0 
    where
        c1_0.id=?
2026-03-28T23:32:55.885+01:00 DEBUG 13099 --- [Pharmacies] [http-nio-8080-exec-9] org.hibernate.SQL                        : 
    select
        a1_0.app_user_id,
        a1_1.id,
        a1_1.role_name 
    from
        users_approles a1_0 
    join
        roles a1_1 
            on a1_1.id=a1_0.approles_id 
    where
        a1_0.app_user_id=?
2026-03-28T23:32:55.885+01:00 DEBUG 13099 --- [Pharmacies] [http-nio-8080-exec-8] org.hibernate.SQL                        : 
    select
        a1_0.app_user_id,
        a1_1.id,
        a1_1.role_name 
    from
        users_approles a1_0 
    join
        roles a1_1 
            on a1_1.id=a1_0.approles_id 
    where
        a1_0.app_user_id=?
2026-03-28T23:32:55.886+01:00 DEBUG 13099 --- [Pharmacies] [http-nio-8080-exec-8] org.hibernate.SQL                        : 
    select
        a1_0.app_user_id,
        a1_1.id,
        a1_1.role_name 
    from
        users_approles a1_0 
    join
        roles a1_1 
            on a1_1.id=a1_0.approles_id 
    where
        a1_0.app_user_id=?
2026-03-28T23:32:55.886+01:00 DEBUG 13099 --- [Pharmacies] [http-nio-8080-exec-9] org.hibernate.SQL                        : 
    select
        a1_0.app_user_id,
        a1_1.id,
        a1_1.role_name 
    from
        users_approles a1_0 
    join
        roles a1_1 
            on a1_1.id=a1_0.approles_id 
    where
        a1_0.app_user_id=?
2026-03-28T23:32:55.886+01:00 DEBUG 13099 --- [Pharmacies] [http-nio-8080-exec-5] org.hibernate.SQL                        : 
    select
        c1_0.id,
        c1_0.adresse,
        c1_0.create_at,
        c1_0.created_by_id,
        c1_0.etat,
        c1_0.nom,
        c1_0.telephone 
    from
        client c1_0 
    where
        c1_0.id=?
2026-03-28T23:32:55.886+01:00 DEBUG 13099 --- [Pharmacies] [http-nio-8080-exec-9] org.hibernate.SQL                        : 
    select
        a1_0.app_user_id,
        a1_1.id,
        a1_1.role_name 
    from
        users_approles a1_0 
    join
        roles a1_1 
            on a1_1.id=a1_0.approles_id 
    where
        a1_0.app_user_id=?
2026-03-28T23:32:55.886+01:00 DEBUG 13099 --- [Pharmacies] [http-nio-8080-exec-8] org.hibernate.SQL                        : 
    select
        a1_0.app_user_id,
        a1_1.id,
        a1_1.role_name 
    from
        users_approles a1_0 
    join
        roles a1_1 
            on a1_1.id=a1_0.approles_id 
    where
        a1_0.app_user_id=?
2026-03-28T23:32:55.887+01:00 DEBUG 13099 --- [Pharmacies] [http-nio-8080-exec-9] org.hibernate.SQL                        : 
    select
        a1_0.app_user_id,
        a1_1.id,
        a1_1.role_name 
    from
        users_approles a1_0 
    join
        roles a1_1 
            on a1_1.id=a1_0.approles_id 
    where
        a1_0.app_user_id=?
2026-03-28T23:32:55.887+01:00 TRACE 13099 --- [Pharmacies] [http-nio-8080-exec-4] o.s.web.servlet.DispatcherServlet        : No view rendering, null ModelAndView returned.
2026-03-28T23:32:55.887+01:00 DEBUG 13099 --- [Pharmacies] [http-nio-8080-exec-8] org.hibernate.SQL                        : 
    select
        a1_0.app_user_id,
        a1_1.id,
        a1_1.role_name 
    from
        users_approles a1_0 
    join
        roles a1_1 
            on a1_1.id=a1_0.approles_id 
    where
        a1_0.app_user_id=?
2026-03-28T23:32:55.887+01:00 DEBUG 13099 --- [Pharmacies] [http-nio-8080-exec-4] o.s.web.servlet.DispatcherServlet        : Completed 200 OK, headers={masked}
2026-03-28T23:32:55.887+01:00 DEBUG 13099 --- [Pharmacies] [http-nio-8080-exec-8] org.hibernate.SQL                        : 
    select
        a1_0.app_user_id,
        a1_1.id,
        a1_1.role_name 
    from
        users_approles a1_0 
    join
        roles a1_1 
            on a1_1.id=a1_0.approles_id 
    where
        a1_0.app_user_id=?
2026-03-28T23:32:55.887+01:00 DEBUG 13099 --- [Pharmacies] [http-nio-8080-exec-9] org.hibernate.SQL                        : 
    select
        a1_0.app_user_id,
        a1_1.id,
        a1_1.role_name 
    from
        users_approles a1_0 
    join
        roles a1_1 
            on a1_1.id=a1_0.approles_id 
    where
        a1_0.app_user_id=?
2026-03-28T23:32:55.888+01:00 DEBUG 13099 --- [Pharmacies] [http-nio-8080-exec-8] org.hibernate.SQL                        : 
    select
        a1_0.app_user_id,
        a1_1.id,
        a1_1.role_name 
    from
        users_approles a1_0 
    join
        roles a1_1 
            on a1_1.id=a1_0.approles_id 
    where
        a1_0.app_user_id=?
2026-03-28T23:32:55.888+01:00 DEBUG 13099 --- [Pharmacies] [http-nio-8080-exec-9] org.hibernate.SQL                        : 
    select
        a1_0.app_user_id,
        a1_1.id,
        a1_1.role_name 
    from
        users_approles a1_0 
    join
        roles a1_1 
            on a1_1.id=a1_0.approles_id 
    where
        a1_0.app_user_id=?
2026-03-28T23:32:55.889+01:00 DEBUG 13099 --- [Pharmacies] [http-nio-8080-exec-8] org.hibernate.SQL                        : 
    select
        a1_0.app_user_id,
        a1_1.id,
        a1_1.role_name 
    from
        users_approles a1_0 
    join
        roles a1_1 
            on a1_1.id=a1_0.approles_id 
    where
        a1_0.app_user_id=?
2026-03-28T23:32:55.889+01:00 DEBUG 13099 --- [Pharmacies] [http-nio-8080-exec-9] org.hibernate.SQL                        : 
    select
        a1_0.app_user_id,
        a1_1.id,
        a1_1.role_name 
    from
        users_approles a1_0 
    join
        roles a1_1 
            on a1_1.id=a1_0.approles_id 
    where
        a1_0.app_user_id=?
2026-03-28T23:32:55.889+01:00 DEBUG 13099 --- [Pharmacies] [http-nio-8080-exec-9] org.hibernate.SQL                        : 
    select
        a1_0.app_user_id,
        a1_1.id,
        a1_1.role_name 
    from
        users_approles a1_0 
    join
        roles a1_1 
            on a1_1.id=a1_0.approles_id 
    where
        a1_0.app_user_id=?
2026-03-28T23:32:55.889+01:00 DEBUG 13099 --- [Pharmacies] [http-nio-8080-exec-8] m.m.a.RequestResponseBodyMethodProcessor : Using 'application/json', given [application/json, text/plain, */*] and supported [application/json, application/*+json]
2026-03-28T23:32:55.890+01:00 TRACE 13099 --- [Pharmacies] [http-nio-8080-exec-8] m.m.a.RequestResponseBodyMethodProcessor : Writing [[AppUser(id=1, nom=IWIKOTAN, prenoms=thierry, telephone=95064366, password=$2a$10$DxDLFk3EVD8ebPm1k6tOpuFnTY57SDKuVXSO8uerVeSGCZh5/jML6, approles=[AppRole(id=1, roleName=USER), AppRole(id=2, roleName=ADMIN)], roleId=null), AppUser(id=2, nom=IWIKOTAN, prenoms=Landry, telephone=80167188, password=$2a$10$RTMAlz.S0NWZTzmcUlvnpeYDb8XzAUdKUb.YJ0jZdxguxCV5Kae8e, approles=[AppRole(id=2, roleName=ADMIN)], roleId=null), AppUser(id=3, nom=IWIKOTAN, prenoms=smith, telephone=85536173, password=$2a$10$.A4EcoYJnCRXiqnmu6Htuut7RwMcaimLvCMKP4kL7IDPQwQyr9GVm, approles=[AppRole(id=1, roleName=USER)], roleId=null), AppUser(id=5, nom=thirry, prenoms=tomas, telephone=20202020, password=$2a$10$aszFQBKEcO7n4t/m5dJBFOBprVb.OT4bqrT1FuGHNLkIVcMp3ERO6, approles=[], roleId=null), AppUser(id=6, nom=iwikotan, prenoms=thiery, telephone=55555555, password=$2a$10$m0sFqoNR3OFYVt0sdorlvOcQ/xwezFK885sjJzpH9LYzfJ3ikFTPu, approles=[], roleId=null), AppUser(id=9, nom=iwiko, prenoms=kok, telephone=23232323, password=$2a$10$Kua2aFk7wp6hJJIjAD/S3.WfTiGSvuV0oLmZhFiJ9kruXNN1SJKxa, approles=[], roleId=null), AppUser(id=10, nom=ad, prenoms=hh, telephone=123, password=$2a$10$hEOHJx0F8ii7Mc3TsJNe4.RJ/YJQVng5QrJf8jxH87KvHMhAM1Y2y, approles=[], roleId=null), AppUser(id=11, nom=hh, prenoms=hh, telephone=2, password=$2a$10$FaCh.aWpfWEjwHN4.M9yFuMA6h8OuJ2eSa/SDMgUtmlN5d2OFeCA., approles=[], roleId=null), AppUser(id=12, nom=k, prenoms=l, telephone=3, password=$2a$10$k2OtBR581OyGSxVceC/fvu9yZZzXaGsmAKfihFiejkzANZNyw5V4K, approles=[AppRole(id=1, roleName=USER)], roleId=null), AppUser(id=13, nom=g, prenoms=h, telephone=22, password=$2a$10$B2ghggRqzi084R8zIXVoqukSuHRaZUmtIAH0nuasgqTpy8OhVs8Me, approles=[AppRole(id=1, roleName=USER)], roleId=null), AppUser(id=14, nom=d, prenoms=d, telephone=32, password=$2a$10$tZDNbhhlq5ASWhsb1dJCs.B7lt.g9pb6cazPcAbKEWCcm2XBJDGQ6, approles=[AppRole(id=2, roleName=ADMIN)], roleId=null), AppUser(id=15, nom=am, prenoms=ol, telephone=6, password=$2a$10$0AZxEcFNMgvRqXqSnJJWVufC/jv3XVIDrQx0y/qfqstDUm9Y.ME7G, approles=[AppRole(id=1, roleName=USER)], roleId=null)]]
2026-03-28T23:32:55.890+01:00 DEBUG 13099 --- [Pharmacies] [http-nio-8080-exec-9] m.m.a.RequestResponseBodyMethodProcessor : Using 'application/json', given [application/json, text/plain, */*] and supported [application/json, application/*+json]
2026-03-28T23:32:55.890+01:00 TRACE 13099 --- [Pharmacies] [http-nio-8080-exec-8] o.s.web.servlet.DispatcherServlet        : No view rendering, null ModelAndView returned.
2026-03-28T23:32:55.890+01:00 TRACE 13099 --- [Pharmacies] [http-nio-8080-exec-9] m.m.a.RequestResponseBodyMethodProcessor : Writing [[AppUser(id=1, nom=IWIKOTAN, prenoms=thierry, telephone=95064366, password=$2a$10$DxDLFk3EVD8ebPm1k6tOpuFnTY57SDKuVXSO8uerVeSGCZh5/jML6, approles=[AppRole(id=1, roleName=USER), AppRole(id=2, roleName=ADMIN)], roleId=null), AppUser(id=2, nom=IWIKOTAN, prenoms=Landry, telephone=80167188, password=$2a$10$RTMAlz.S0NWZTzmcUlvnpeYDb8XzAUdKUb.YJ0jZdxguxCV5Kae8e, approles=[AppRole(id=2, roleName=ADMIN)], roleId=null), AppUser(id=3, nom=IWIKOTAN, prenoms=smith, telephone=85536173, password=$2a$10$.A4EcoYJnCRXiqnmu6Htuut7RwMcaimLvCMKP4kL7IDPQwQyr9GVm, approles=[AppRole(id=1, roleName=USER)], roleId=null), AppUser(id=5, nom=thirry, prenoms=tomas, telephone=20202020, password=$2a$10$aszFQBKEcO7n4t/m5dJBFOBprVb.OT4bqrT1FuGHNLkIVcMp3ERO6, approles=[], roleId=null), AppUser(id=6, nom=iwikotan, prenoms=thiery, telephone=55555555, password=$2a$10$m0sFqoNR3OFYVt0sdorlvOcQ/xwezFK885sjJzpH9LYzfJ3ikFTPu, approles=[], roleId=null), AppUser(id=9, nom=iwiko, prenoms=kok, telephone=23232323, password=$2a$10$Kua2aFk7wp6hJJIjAD/S3.WfTiGSvuV0oLmZhFiJ9kruXNN1SJKxa, approles=[], roleId=null), AppUser(id=10, nom=ad, prenoms=hh, telephone=123, password=$2a$10$hEOHJx0F8ii7Mc3TsJNe4.RJ/YJQVng5QrJf8jxH87KvHMhAM1Y2y, approles=[], roleId=null), AppUser(id=11, nom=hh, prenoms=hh, telephone=2, password=$2a$10$FaCh.aWpfWEjwHN4.M9yFuMA6h8OuJ2eSa/SDMgUtmlN5d2OFeCA., approles=[], roleId=null), AppUser(id=12, nom=k, prenoms=l, telephone=3, password=$2a$10$k2OtBR581OyGSxVceC/fvu9yZZzXaGsmAKfihFiejkzANZNyw5V4K, approles=[AppRole(id=1, roleName=USER)], roleId=null), AppUser(id=13, nom=g, prenoms=h, telephone=22, password=$2a$10$B2ghggRqzi084R8zIXVoqukSuHRaZUmtIAH0nuasgqTpy8OhVs8Me, approles=[AppRole(id=1, roleName=USER)], roleId=null), AppUser(id=14, nom=d, prenoms=d, telephone=32, password=$2a$10$tZDNbhhlq5ASWhsb1dJCs.B7lt.g9pb6cazPcAbKEWCcm2XBJDGQ6, approles=[AppRole(id=2, roleName=ADMIN)], roleId=null), AppUser(id=15, nom=am, prenoms=ol, telephone=6, password=$2a$10$0AZxEcFNMgvRqXqSnJJWVufC/jv3XVIDrQx0y/qfqstDUm9Y.ME7G, approles=[AppRole(id=1, roleName=USER)], roleId=null)]]
2026-03-28T23:32:55.890+01:00 DEBUG 13099 --- [Pharmacies] [http-nio-8080-exec-8] o.s.web.servlet.DispatcherServlet        : Completed 200 OK, headers={masked}
2026-03-28T23:32:55.891+01:00 TRACE 13099 --- [Pharmacies] [http-nio-8080-exec-9] o.s.web.servlet.DispatcherServlet        : No view rendering, null ModelAndView returned.
2026-03-28T23:32:55.891+01:00 DEBUG 13099 --- [Pharmacies] [http-nio-8080-exec-9] o.s.web.servlet.DispatcherServlet        : Completed 200 OK, headers={masked}
2026-03-28T23:32:55.891+01:00 DEBUG 13099 --- [Pharmacies] [http-nio-8080-exec-5] o.s.w.s.m.m.a.HttpEntityMethodProcessor  : Using 'application/json', given [application/json, text/plain, */*] and supported [application/json, application/*+json]
2026-03-28T23:32:55.891+01:00 TRACE 13099 --- [Pharmacies] [http-nio-8080-exec-5] o.s.w.s.m.m.a.HttpEntityMethodProcessor  : Writing [Page 1 of 1 containing com.gestion.invoice.models.Vente instances]
2026-03-28T23:32:55.892+01:00 DEBUG 13099 --- [Pharmacies] [http-nio-8080-exec-5] org.hibernate.SQL                        : 
    select
        au1_0.id,
        au1_0.nom,
        au1_0.password,
        au1_0.prenoms,
        au1_0.telephone,
        a1_0.app_user_id,
        a1_1.id,
        a1_1.role_name 
    from
        users au1_0 
    left join
        users_approles a1_0 
            on au1_0.id=a1_0.app_user_id 
    left join
        roles a1_1 
            on a1_1.id=a1_0.approles_id 
    where
        au1_0.id=?
2026-03-28T23:32:55.895+01:00 TRACE 13099 --- [Pharmacies] [http-nio-8080-exec-5] o.s.web.servlet.DispatcherServlet        : No view rendering, null ModelAndView returned.
2026-03-28T23:32:55.896+01:00 DEBUG 13099 --- [Pharmacies] [http-nio-8080-exec-5] o.s.web.servlet.DispatcherServlet        : Completed 200 OK, headers={masked}
2026-03-28T23:32:57.876+01:00 TRACE 13099 --- [Pharmacies] [http-nio-8080-exec-6] o.s.web.servlet.DispatcherServlet        : GET "/api/v1/mesventes/actives?page=0&size=1000", parameters={masked}, headers={masked} in DispatcherServlet 'dispatcherServlet'
2026-03-28T23:32:57.876+01:00 TRACE 13099 --- [Pharmacies] [http-nio-8080-exec-3] o.s.web.servlet.DispatcherServlet        : GET "/api/v1/users", parameters={}, headers={masked} in DispatcherServlet 'dispatcherServlet'
2026-03-28T23:32:57.877+01:00 TRACE 13099 --- [Pharmacies] [http-nio-8080-exec-6] s.w.s.m.m.a.RequestMappingHandlerMapping : Mapped to com.gestion.invoice.controller.MesVenteController#getVentesActives(String, Long, String, String, int, int)
2026-03-28T23:32:57.877+01:00 TRACE 13099 --- [Pharmacies] [http-nio-8080-exec-3] s.w.s.m.m.a.RequestMappingHandlerMapping : Mapped to com.gestion.invoice.controller.UserController#getAllUsers()
2026-03-28T23:32:57.878+01:00 DEBUG 13099 --- [Pharmacies] [http-nio-8080-exec-6] org.hibernate.SQL                        : 
    select
        v1_0.id,
        v1_0.benefice,
        v1_0.client_id,
        v1_0.code_ticket,
        v1_0.create_at,
        v1_0.created_by_id,
        v1_0.date_vente,
        v1_0.etat,
        v1_0.payer,
        v1_0.remis,
        v1_0.remise,
        v1_0.rendue,
        v1_0.statut,
        v1_0.total,
        v1_0.tva,
        v1_0.updated_at 
    from
        vente v1_0 
    join
        client c1_0 
            on c1_0.id=v1_0.client_id 
    where
        v1_0.etat=1 
        and v1_0.statut=1 
        and (
            ? is null 
            or c1_0.nom like replace(?, '\\', '\\\\')
        ) 
        and (
            ? is null 
            or v1_0.created_by_id=?
        ) 
        and (
            ? is null 
            or v1_0.date_vente>=?
        ) 
        and (
            ? is null 
            or v1_0.date_vente<=?
        ) 
    order by
        v1_0.date_vente desc 
    limit
        ?
2026-03-28T23:32:57.878+01:00 TRACE 13099 --- [Pharmacies] [http-nio-8080-exec-7] o.s.web.servlet.DispatcherServlet        : GET "/api/v1/users", parameters={}, headers={masked} in DispatcherServlet 'dispatcherServlet'
2026-03-28T23:32:57.878+01:00 TRACE 13099 --- [Pharmacies] [http-nio-8080-exec-1] o.s.web.servlet.DispatcherServlet        : GET "/api/v1/mesventes/actives?page=0&size=1000", parameters={masked}, headers={masked} in DispatcherServlet 'dispatcherServlet'
2026-03-28T23:32:57.878+01:00 TRACE 13099 --- [Pharmacies] [http-nio-8080-exec-7] s.w.s.m.m.a.RequestMappingHandlerMapping : Mapped to com.gestion.invoice.controller.UserController#getAllUsers()
2026-03-28T23:32:57.878+01:00 TRACE 13099 --- [Pharmacies] [http-nio-8080-exec-1] s.w.s.m.m.a.RequestMappingHandlerMapping : Mapped to com.gestion.invoice.controller.MesVenteController#getVentesActives(String, Long, String, String, int, int)
2026-03-28T23:32:57.878+01:00 DEBUG 13099 --- [Pharmacies] [http-nio-8080-exec-3] org.hibernate.SQL                        : 
    select
        au1_0.id,
        au1_0.nom,
        au1_0.password,
        au1_0.prenoms,
        au1_0.telephone 
    from
        users au1_0
2026-03-28T23:32:57.879+01:00 DEBUG 13099 --- [Pharmacies] [http-nio-8080-exec-1] org.hibernate.SQL                        : 
    select
        v1_0.id,
        v1_0.benefice,
        v1_0.client_id,
        v1_0.code_ticket,
        v1_0.create_at,
        v1_0.created_by_id,
        v1_0.date_vente,
        v1_0.etat,
        v1_0.payer,
        v1_0.remis,
        v1_0.remise,
        v1_0.rendue,
        v1_0.statut,
        v1_0.total,
        v1_0.tva,
        v1_0.updated_at 
    from
        vente v1_0 
    join
        client c1_0 
            on c1_0.id=v1_0.client_id 
    where
        v1_0.etat=1 
        and v1_0.statut=1 
        and (
            ? is null 
            or c1_0.nom like replace(?, '\\', '\\\\')
        ) 
        and (
            ? is null 
            or v1_0.created_by_id=?
        ) 
        and (
            ? is null 
            or v1_0.date_vente>=?
        ) 
        and (
            ? is null 
            or v1_0.date_vente<=?
        ) 
    order by
        v1_0.date_vente desc 
    limit
        ?
2026-03-28T23:32:57.879+01:00 DEBUG 13099 --- [Pharmacies] [http-nio-8080-exec-7] org.hibernate.SQL                        : 
    select
        au1_0.id,
        au1_0.nom,
        au1_0.password,
        au1_0.prenoms,
        au1_0.telephone 
    from
        users au1_0
2026-03-28T23:32:57.879+01:00 DEBUG 13099 --- [Pharmacies] [http-nio-8080-exec-6] org.hibernate.SQL                        : 
    select
        c1_0.id,
        c1_0.adresse,
        c1_0.create_at,
        c1_0.created_by_id,
        c1_0.etat,
        c1_0.nom,
        c1_0.telephone 
    from
        client c1_0 
    where
        c1_0.id=?
2026-03-28T23:32:57.880+01:00 DEBUG 13099 --- [Pharmacies] [http-nio-8080-exec-1] org.hibernate.SQL                        : 
    select
        c1_0.id,
        c1_0.adresse,
        c1_0.create_at,
        c1_0.created_by_id,
        c1_0.etat,
        c1_0.nom,
        c1_0.telephone 
    from
        client c1_0 
    where
        c1_0.id=?
2026-03-28T23:32:57.880+01:00 DEBUG 13099 --- [Pharmacies] [http-nio-8080-exec-6] org.hibernate.SQL                        : 
    select
        c1_0.id,
        c1_0.adresse,
        c1_0.create_at,
        c1_0.created_by_id,
        c1_0.etat,
        c1_0.nom,
        c1_0.telephone 
    from
        client c1_0 
    where
        c1_0.id=?
2026-03-28T23:32:57.880+01:00 DEBUG 13099 --- [Pharmacies] [http-nio-8080-exec-7] org.hibernate.SQL                        : 
    select
        a1_0.app_user_id,
        a1_1.id,
        a1_1.role_name 
    from
        users_approles a1_0 
    join
        roles a1_1 
            on a1_1.id=a1_0.approles_id 
    where
        a1_0.app_user_id=?
2026-03-28T23:32:57.881+01:00 DEBUG 13099 --- [Pharmacies] [http-nio-8080-exec-3] org.hibernate.SQL                        : 
    select
        a1_0.app_user_id,
        a1_1.id,
        a1_1.role_name 
    from
        users_approles a1_0 
    join
        roles a1_1 
            on a1_1.id=a1_0.approles_id 
    where
        a1_0.app_user_id=?
2026-03-28T23:32:57.881+01:00 DEBUG 13099 --- [Pharmacies] [http-nio-8080-exec-7] org.hibernate.SQL                        : 
    select
        a1_0.app_user_id,
        a1_1.id,
        a1_1.role_name 
    from
        users_approles a1_0 
    join
        roles a1_1 
            on a1_1.id=a1_0.approles_id 
    where
        a1_0.app_user_id=?
2026-03-28T23:32:57.881+01:00 DEBUG 13099 --- [Pharmacies] [http-nio-8080-exec-1] org.hibernate.SQL                        : 
    select
        c1_0.id,
        c1_0.adresse,
        c1_0.create_at,
        c1_0.created_by_id,
        c1_0.etat,
        c1_0.nom,
        c1_0.telephone 
    from
        client c1_0 
    where
        c1_0.id=?
2026-03-28T23:32:57.882+01:00 DEBUG 13099 --- [Pharmacies] [http-nio-8080-exec-7] org.hibernate.SQL                        : 
    select
        a1_0.app_user_id,
        a1_1.id,
        a1_1.role_name 
    from
        users_approles a1_0 
    join
        roles a1_1 
            on a1_1.id=a1_0.approles_id 
    where
        a1_0.app_user_id=?
2026-03-28T23:32:57.882+01:00 DEBUG 13099 --- [Pharmacies] [http-nio-8080-exec-3] org.hibernate.SQL                        : 
    select
        a1_0.app_user_id,
        a1_1.id,
        a1_1.role_name 
    from
        users_approles a1_0 
    join
        roles a1_1 
            on a1_1.id=a1_0.approles_id 
    where
        a1_0.app_user_id=?
2026-03-28T23:32:57.882+01:00 DEBUG 13099 --- [Pharmacies] [http-nio-8080-exec-7] org.hibernate.SQL                        : 
    select
        a1_0.app_user_id,
        a1_1.id,
        a1_1.role_name 
    from
        users_approles a1_0 
    join
        roles a1_1 
            on a1_1.id=a1_0.approles_id 
    where
        a1_0.app_user_id=?
2026-03-28T23:32:57.883+01:00 DEBUG 13099 --- [Pharmacies] [http-nio-8080-exec-3] org.hibernate.SQL                        : 
    select
        a1_0.app_user_id,
        a1_1.id,
        a1_1.role_name 
    from
        users_approles a1_0 
    join
        roles a1_1 
            on a1_1.id=a1_0.approles_id 
    where
        a1_0.app_user_id=?
2026-03-28T23:32:57.883+01:00 DEBUG 13099 --- [Pharmacies] [http-nio-8080-exec-7] org.hibernate.SQL                        : 
    select
        a1_0.app_user_id,
        a1_1.id,
        a1_1.role_name 
    from
        users_approles a1_0 
    join
        roles a1_1 
            on a1_1.id=a1_0.approles_id 
    where
        a1_0.app_user_id=?
2026-03-28T23:32:57.883+01:00 DEBUG 13099 --- [Pharmacies] [http-nio-8080-exec-7] org.hibernate.SQL                        : 
    select
        a1_0.app_user_id,
        a1_1.id,
        a1_1.role_name 
    from
        users_approles a1_0 
    join
        roles a1_1 
            on a1_1.id=a1_0.approles_id 
    where
        a1_0.app_user_id=?
2026-03-28T23:32:57.883+01:00 DEBUG 13099 --- [Pharmacies] [http-nio-8080-exec-3] org.hibernate.SQL                        : 
    select
        a1_0.app_user_id,
        a1_1.id,
        a1_1.role_name 
    from
        users_approles a1_0 
    join
        roles a1_1 
            on a1_1.id=a1_0.approles_id 
    where
        a1_0.app_user_id=?
2026-03-28T23:32:57.884+01:00 DEBUG 13099 --- [Pharmacies] [http-nio-8080-exec-7] org.hibernate.SQL                        : 
    select
        a1_0.app_user_id,
        a1_1.id,
        a1_1.role_name 
    from
        users_approles a1_0 
    join
        roles a1_1 
            on a1_1.id=a1_0.approles_id 
    where
        a1_0.app_user_id=?
2026-03-28T23:32:57.884+01:00 DEBUG 13099 --- [Pharmacies] [http-nio-8080-exec-3] org.hibernate.SQL                        : 
    select
        a1_0.app_user_id,
        a1_1.id,
        a1_1.role_name 
    from
        users_approles a1_0 
    join
        roles a1_1 
            on a1_1.id=a1_0.approles_id 
    where
        a1_0.app_user_id=?
2026-03-28T23:32:57.884+01:00 DEBUG 13099 --- [Pharmacies] [http-nio-8080-exec-7] org.hibernate.SQL                        : 
    select
        a1_0.app_user_id,
        a1_1.id,
        a1_1.role_name 
    from
        users_approles a1_0 
    join
        roles a1_1 
            on a1_1.id=a1_0.approles_id 
    where
        a1_0.app_user_id=?
2026-03-28T23:32:57.884+01:00 DEBUG 13099 --- [Pharmacies] [http-nio-8080-exec-3] org.hibernate.SQL                        : 
    select
        a1_0.app_user_id,
        a1_1.id,
        a1_1.role_name 
    from
        users_approles a1_0 
    join
        roles a1_1 
            on a1_1.id=a1_0.approles_id 
    where
        a1_0.app_user_id=?
2026-03-28T23:32:57.885+01:00 DEBUG 13099 --- [Pharmacies] [http-nio-8080-exec-7] org.hibernate.SQL                        : 
    select
        a1_0.app_user_id,
        a1_1.id,
        a1_1.role_name 
    from
        users_approles a1_0 
    join
        roles a1_1 
            on a1_1.id=a1_0.approles_id 
    where
        a1_0.app_user_id=?
2026-03-28T23:32:57.885+01:00 DEBUG 13099 --- [Pharmacies] [http-nio-8080-exec-3] org.hibernate.SQL                        : 
    select
        a1_0.app_user_id,
        a1_1.id,
        a1_1.role_name 
    from
        users_approles a1_0 
    join
        roles a1_1 
            on a1_1.id=a1_0.approles_id 
    where
        a1_0.app_user_id=?
2026-03-28T23:32:57.885+01:00 DEBUG 13099 --- [Pharmacies] [http-nio-8080-exec-6] o.s.w.s.m.m.a.HttpEntityMethodProcessor  : Using 'application/json', given [application/json, text/plain, */*] and supported [application/json, application/*+json]
2026-03-28T23:32:57.885+01:00 DEBUG 13099 --- [Pharmacies] [http-nio-8080-exec-1] o.s.w.s.m.m.a.HttpEntityMethodProcessor  : Using 'application/json', given [application/json, text/plain, */*] and supported [application/json, application/*+json]
2026-03-28T23:32:57.885+01:00 TRACE 13099 --- [Pharmacies] [http-nio-8080-exec-6] o.s.w.s.m.m.a.HttpEntityMethodProcessor  : Writing [Page 1 of 1 containing com.gestion.invoice.models.Vente instances]
2026-03-28T23:32:57.885+01:00 TRACE 13099 --- [Pharmacies] [http-nio-8080-exec-1] o.s.w.s.m.m.a.HttpEntityMethodProcessor  : Writing [Page 1 of 1 containing com.gestion.invoice.models.Vente instances]
2026-03-28T23:32:57.885+01:00 DEBUG 13099 --- [Pharmacies] [http-nio-8080-exec-3] org.hibernate.SQL                        : 
    select
        a1_0.app_user_id,
        a1_1.id,
        a1_1.role_name 
    from
        users_approles a1_0 
    join
        roles a1_1 
            on a1_1.id=a1_0.approles_id 
    where
        a1_0.app_user_id=?
2026-03-28T23:32:57.885+01:00 DEBUG 13099 --- [Pharmacies] [http-nio-8080-exec-7] org.hibernate.SQL                        : 
    select
        a1_0.app_user_id,
        a1_1.id,
        a1_1.role_name 
    from
        users_approles a1_0 
    join
        roles a1_1 
            on a1_1.id=a1_0.approles_id 
    where
        a1_0.app_user_id=?
2026-03-28T23:32:57.886+01:00 DEBUG 13099 --- [Pharmacies] [http-nio-8080-exec-1] org.hibernate.SQL                        : 
    select
        au1_0.id,
        au1_0.nom,
        au1_0.password,
        au1_0.prenoms,
        au1_0.telephone,
        a1_0.app_user_id,
        a1_1.id,
        a1_1.role_name 
    from
        users au1_0 
    left join
        users_approles a1_0 
            on au1_0.id=a1_0.app_user_id 
    left join
        roles a1_1 
            on a1_1.id=a1_0.approles_id 
    where
        au1_0.id=?
2026-03-28T23:32:57.886+01:00 DEBUG 13099 --- [Pharmacies] [http-nio-8080-exec-6] org.hibernate.SQL                        : 
    select
        au1_0.id,
        au1_0.nom,
        au1_0.password,
        au1_0.prenoms,
        au1_0.telephone,
        a1_0.app_user_id,
        a1_1.id,
        a1_1.role_name 
    from
        users au1_0 
    left join
        users_approles a1_0 
            on au1_0.id=a1_0.app_user_id 
    left join
        roles a1_1 
            on a1_1.id=a1_0.approles_id 
    where
        au1_0.id=?
2026-03-28T23:32:57.886+01:00 DEBUG 13099 --- [Pharmacies] [http-nio-8080-exec-3] org.hibernate.SQL                        : 
    select
        a1_0.app_user_id,
        a1_1.id,
        a1_1.role_name 
    from
        users_approles a1_0 
    join
        roles a1_1 
            on a1_1.id=a1_0.approles_id 
    where
        a1_0.app_user_id=?
2026-03-28T23:32:57.886+01:00 DEBUG 13099 --- [Pharmacies] [http-nio-8080-exec-7] org.hibernate.SQL                        : 
    select
        a1_0.app_user_id,
        a1_1.id,
        a1_1.role_name 
    from
        users_approles a1_0 
    join
        roles a1_1 
            on a1_1.id=a1_0.approles_id 
    where
        a1_0.app_user_id=?
2026-03-28T23:32:57.886+01:00 DEBUG 13099 --- [Pharmacies] [http-nio-8080-exec-3] org.hibernate.SQL                        : 
    select
        a1_0.app_user_id,
        a1_1.id,
        a1_1.role_name 
    from
        users_approles a1_0 
    join
        roles a1_1 
            on a1_1.id=a1_0.approles_id 
    where
        a1_0.app_user_id=?
2026-03-28T23:32:57.887+01:00 DEBUG 13099 --- [Pharmacies] [http-nio-8080-exec-7] org.hibernate.SQL                        : 
    select
        a1_0.app_user_id,
        a1_1.id,
        a1_1.role_name 
    from
        users_approles a1_0 
    join
        roles a1_1 
            on a1_1.id=a1_0.approles_id 
    where
        a1_0.app_user_id=?
2026-03-28T23:32:57.887+01:00 DEBUG 13099 --- [Pharmacies] [http-nio-8080-exec-3] org.hibernate.SQL                        : 
    select
        a1_0.app_user_id,
        a1_1.id,
        a1_1.role_name 
    from
        users_approles a1_0 
    join
        roles a1_1 
            on a1_1.id=a1_0.approles_id 
    where
        a1_0.app_user_id=?
2026-03-28T23:32:57.888+01:00 DEBUG 13099 --- [Pharmacies] [http-nio-8080-exec-7] m.m.a.RequestResponseBodyMethodProcessor : Using 'application/json', given [application/json, text/plain, */*] and supported [application/json, application/*+json]
2026-03-28T23:32:57.888+01:00 TRACE 13099 --- [Pharmacies] [http-nio-8080-exec-1] o.s.web.servlet.DispatcherServlet        : No view rendering, null ModelAndView returned.
2026-03-28T23:32:57.888+01:00 TRACE 13099 --- [Pharmacies] [http-nio-8080-exec-7] m.m.a.RequestResponseBodyMethodProcessor : Writing [[AppUser(id=1, nom=IWIKOTAN, prenoms=thierry, telephone=95064366, password=$2a$10$DxDLFk3EVD8ebPm1k6tOpuFnTY57SDKuVXSO8uerVeSGCZh5/jML6, approles=[AppRole(id=1, roleName=USER), AppRole(id=2, roleName=ADMIN)], roleId=null), AppUser(id=2, nom=IWIKOTAN, prenoms=Landry, telephone=80167188, password=$2a$10$RTMAlz.S0NWZTzmcUlvnpeYDb8XzAUdKUb.YJ0jZdxguxCV5Kae8e, approles=[AppRole(id=2, roleName=ADMIN)], roleId=null), AppUser(id=3, nom=IWIKOTAN, prenoms=smith, telephone=85536173, password=$2a$10$.A4EcoYJnCRXiqnmu6Htuut7RwMcaimLvCMKP4kL7IDPQwQyr9GVm, approles=[AppRole(id=1, roleName=USER)], roleId=null), AppUser(id=5, nom=thirry, prenoms=tomas, telephone=20202020, password=$2a$10$aszFQBKEcO7n4t/m5dJBFOBprVb.OT4bqrT1FuGHNLkIVcMp3ERO6, approles=[], roleId=null), AppUser(id=6, nom=iwikotan, prenoms=thiery, telephone=55555555, password=$2a$10$m0sFqoNR3OFYVt0sdorlvOcQ/xwezFK885sjJzpH9LYzfJ3ikFTPu, approles=[], roleId=null), AppUser(id=9, nom=iwiko, prenoms=kok, telephone=23232323, password=$2a$10$Kua2aFk7wp6hJJIjAD/S3.WfTiGSvuV0oLmZhFiJ9kruXNN1SJKxa, approles=[], roleId=null), AppUser(id=10, nom=ad, prenoms=hh, telephone=123, password=$2a$10$hEOHJx0F8ii7Mc3TsJNe4.RJ/YJQVng5QrJf8jxH87KvHMhAM1Y2y, approles=[], roleId=null), AppUser(id=11, nom=hh, prenoms=hh, telephone=2, password=$2a$10$FaCh.aWpfWEjwHN4.M9yFuMA6h8OuJ2eSa/SDMgUtmlN5d2OFeCA., approles=[], roleId=null), AppUser(id=12, nom=k, prenoms=l, telephone=3, password=$2a$10$k2OtBR581OyGSxVceC/fvu9yZZzXaGsmAKfihFiejkzANZNyw5V4K, approles=[AppRole(id=1, roleName=USER)], roleId=null), AppUser(id=13, nom=g, prenoms=h, telephone=22, password=$2a$10$B2ghggRqzi084R8zIXVoqukSuHRaZUmtIAH0nuasgqTpy8OhVs8Me, approles=[AppRole(id=1, roleName=USER)], roleId=null), AppUser(id=14, nom=d, prenoms=d, telephone=32, password=$2a$10$tZDNbhhlq5ASWhsb1dJCs.B7lt.g9pb6cazPcAbKEWCcm2XBJDGQ6, approles=[AppRole(id=2, roleName=ADMIN)], roleId=null), AppUser(id=15, nom=am, prenoms=ol, telephone=6, password=$2a$10$0AZxEcFNMgvRqXqSnJJWVufC/jv3XVIDrQx0y/qfqstDUm9Y.ME7G, approles=[AppRole(id=1, roleName=USER)], roleId=null)]]
2026-03-28T23:32:57.888+01:00 TRACE 13099 --- [Pharmacies] [http-nio-8080-exec-6] o.s.web.servlet.DispatcherServlet        : No view rendering, null ModelAndView returned.
2026-03-28T23:32:57.888+01:00 DEBUG 13099 --- [Pharmacies] [http-nio-8080-exec-1] o.s.web.servlet.DispatcherServlet        : Completed 200 OK, headers={masked}
2026-03-28T23:32:57.888+01:00 DEBUG 13099 --- [Pharmacies] [http-nio-8080-exec-6] o.s.web.servlet.DispatcherServlet        : Completed 200 OK, headers={masked}
2026-03-28T23:32:57.888+01:00 TRACE 13099 --- [Pharmacies] [http-nio-8080-exec-7] o.s.web.servlet.DispatcherServlet        : No view rendering, null ModelAndView returned.
2026-03-28T23:32:57.889+01:00 DEBUG 13099 --- [Pharmacies] [http-nio-8080-exec-7] o.s.web.servlet.DispatcherServlet        : Completed 200 OK, headers={masked}
2026-03-28T23:32:57.889+01:00 DEBUG 13099 --- [Pharmacies] [http-nio-8080-exec-3] org.hibernate.SQL                        : 
    select
        a1_0.app_user_id,
        a1_1.id,
        a1_1.role_name 
    from
        users_approles a1_0 
    join
        roles a1_1 
            on a1_1.id=a1_0.approles_id 
    where
        a1_0.app_user_id=?
2026-03-28T23:32:57.891+01:00 DEBUG 13099 --- [Pharmacies] [http-nio-8080-exec-3] m.m.a.RequestResponseBodyMethodProcessor : Using 'application/json', given [application/json, text/plain, */*] and supported [application/json, application/*+json]
2026-03-28T23:32:57.891+01:00 TRACE 13099 --- [Pharmacies] [http-nio-8080-exec-3] m.m.a.RequestResponseBodyMethodProcessor : Writing [[AppUser(id=1, nom=IWIKOTAN, prenoms=thierry, telephone=95064366, password=$2a$10$DxDLFk3EVD8ebPm1k6tOpuFnTY57SDKuVXSO8uerVeSGCZh5/jML6, approles=[AppRole(id=1, roleName=USER), AppRole(id=2, roleName=ADMIN)], roleId=null), AppUser(id=2, nom=IWIKOTAN, prenoms=Landry, telephone=80167188, password=$2a$10$RTMAlz.S0NWZTzmcUlvnpeYDb8XzAUdKUb.YJ0jZdxguxCV5Kae8e, approles=[AppRole(id=2, roleName=ADMIN)], roleId=null), AppUser(id=3, nom=IWIKOTAN, prenoms=smith, telephone=85536173, password=$2a$10$.A4EcoYJnCRXiqnmu6Htuut7RwMcaimLvCMKP4kL7IDPQwQyr9GVm, approles=[AppRole(id=1, roleName=USER)], roleId=null), AppUser(id=5, nom=thirry, prenoms=tomas, telephone=20202020, password=$2a$10$aszFQBKEcO7n4t/m5dJBFOBprVb.OT4bqrT1FuGHNLkIVcMp3ERO6, approles=[], roleId=null), AppUser(id=6, nom=iwikotan, prenoms=thiery, telephone=55555555, password=$2a$10$m0sFqoNR3OFYVt0sdorlvOcQ/xwezFK885sjJzpH9LYzfJ3ikFTPu, approles=[], roleId=null), AppUser(id=9, nom=iwiko, prenoms=kok, telephone=23232323, password=$2a$10$Kua2aFk7wp6hJJIjAD/S3.WfTiGSvuV0oLmZhFiJ9kruXNN1SJKxa, approles=[], roleId=null), AppUser(id=10, nom=ad, prenoms=hh, telephone=123, password=$2a$10$hEOHJx0F8ii7Mc3TsJNe4.RJ/YJQVng5QrJf8jxH87KvHMhAM1Y2y, approles=[], roleId=null), AppUser(id=11, nom=hh, prenoms=hh, telephone=2, password=$2a$10$FaCh.aWpfWEjwHN4.M9yFuMA6h8OuJ2eSa/SDMgUtmlN5d2OFeCA., approles=[], roleId=null), AppUser(id=12, nom=k, prenoms=l, telephone=3, password=$2a$10$k2OtBR581OyGSxVceC/fvu9yZZzXaGsmAKfihFiejkzANZNyw5V4K, approles=[AppRole(id=1, roleName=USER)], roleId=null), AppUser(id=13, nom=g, prenoms=h, telephone=22, password=$2a$10$B2ghggRqzi084R8zIXVoqukSuHRaZUmtIAH0nuasgqTpy8OhVs8Me, approles=[AppRole(id=1, roleName=USER)], roleId=null), AppUser(id=14, nom=d, prenoms=d, telephone=32, password=$2a$10$tZDNbhhlq5ASWhsb1dJCs.B7lt.g9pb6cazPcAbKEWCcm2XBJDGQ6, approles=[AppRole(id=2, roleName=ADMIN)], roleId=null), AppUser(id=15, nom=am, prenoms=ol, telephone=6, password=$2a$10$0AZxEcFNMgvRqXqSnJJWVufC/jv3XVIDrQx0y/qfqstDUm9Y.ME7G, approles=[AppRole(id=1, roleName=USER)], roleId=null)]]
2026-03-28T23:32:57.892+01:00 TRACE 13099 --- [Pharmacies] [http-nio-8080-exec-3] o.s.web.servlet.DispatcherServlet        : No view rendering, null ModelAndView returned.
2026-03-28T23:32:57.892+01:00 DEBUG 13099 --- [Pharmacies] [http-nio-8080-exec-3] o.s.web.servlet.DispatcherServlet        : Completed 200 OK, headers={masked}
2026-03-28T23:33:07.686+01:00 TRACE 13099 --- [Pharmacies] [http-nio-8080-exec-6] o.s.web.servlet.DispatcherServlet        : GET "/api/v1/users", parameters={}, headers={masked} in DispatcherServlet 'dispatcherServlet'
2026-03-28T23:33:07.686+01:00 TRACE 13099 --- [Pharmacies] [http-nio-8080-exec-9] o.s.web.servlet.DispatcherServlet        : GET "/api/v1/mesventes/actives?page=0&size=1000", parameters={masked}, headers={masked} in DispatcherServlet 'dispatcherServlet'
2026-03-28T23:33:07.686+01:00 TRACE 13099 --- [Pharmacies] [http-nio-8080-exec-1] o.s.web.servlet.DispatcherServlet        : GET "/api/v1/users", parameters={}, headers={masked} in DispatcherServlet 'dispatcherServlet'
2026-03-28T23:33:07.686+01:00 TRACE 13099 --- [Pharmacies] [http-nio-8080-exec-5] o.s.web.servlet.DispatcherServlet        : GET "/api/v1/mesventes/actives?page=0&size=1000", parameters={masked}, headers={masked} in DispatcherServlet 'dispatcherServlet'
2026-03-28T23:33:07.686+01:00 TRACE 13099 --- [Pharmacies] [http-nio-8080-exec-6] s.w.s.m.m.a.RequestMappingHandlerMapping : Mapped to com.gestion.invoice.controller.UserController#getAllUsers()
2026-03-28T23:33:07.686+01:00 TRACE 13099 --- [Pharmacies] [http-nio-8080-exec-1] s.w.s.m.m.a.RequestMappingHandlerMapping : Mapped to com.gestion.invoice.controller.UserController#getAllUsers()
2026-03-28T23:33:07.686+01:00 TRACE 13099 --- [Pharmacies] [http-nio-8080-exec-9] s.w.s.m.m.a.RequestMappingHandlerMapping : Mapped to com.gestion.invoice.controller.MesVenteController#getVentesActives(String, Long, String, String, int, int)
2026-03-28T23:33:07.686+01:00 TRACE 13099 --- [Pharmacies] [http-nio-8080-exec-5] s.w.s.m.m.a.RequestMappingHandlerMapping : Mapped to com.gestion.invoice.controller.MesVenteController#getVentesActives(String, Long, String, String, int, int)
2026-03-28T23:33:07.687+01:00 DEBUG 13099 --- [Pharmacies] [http-nio-8080-exec-5] org.hibernate.SQL                        : 
    select
        v1_0.id,
        v1_0.benefice,
        v1_0.client_id,
        v1_0.code_ticket,
        v1_0.create_at,
        v1_0.created_by_id,
        v1_0.date_vente,
        v1_0.etat,
        v1_0.payer,
        v1_0.remis,
        v1_0.remise,
        v1_0.rendue,
        v1_0.statut,
        v1_0.total,
        v1_0.tva,
        v1_0.updated_at 
    from
        vente v1_0 
    join
        client c1_0 
            on c1_0.id=v1_0.client_id 
    where
        v1_0.etat=1 
        and v1_0.statut=1 
        and (
            ? is null 
            or c1_0.nom like replace(?, '\\', '\\\\')
        ) 
        and (
            ? is null 
            or v1_0.created_by_id=?
        ) 
        and (
            ? is null 
            or v1_0.date_vente>=?
        ) 
        and (
            ? is null 
            or v1_0.date_vente<=?
        ) 
    order by
        v1_0.date_vente desc 
    limit
        ?
2026-03-28T23:33:07.687+01:00 DEBUG 13099 --- [Pharmacies] [http-nio-8080-exec-9] org.hibernate.SQL                        : 
    select
        v1_0.id,
        v1_0.benefice,
        v1_0.client_id,
        v1_0.code_ticket,
        v1_0.create_at,
        v1_0.created_by_id,
        v1_0.date_vente,
        v1_0.etat,
        v1_0.payer,
        v1_0.remis,
        v1_0.remise,
        v1_0.rendue,
        v1_0.statut,
        v1_0.total,
        v1_0.tva,
        v1_0.updated_at 
    from
        vente v1_0 
    join
        client c1_0 
            on c1_0.id=v1_0.client_id 
    where
        v1_0.etat=1 
        and v1_0.statut=1 
        and (
            ? is null 
            or c1_0.nom like replace(?, '\\', '\\\\')
        ) 
        and (
            ? is null 
            or v1_0.created_by_id=?
        ) 
        and (
            ? is null 
            or v1_0.date_vente>=?
        ) 
        and (
            ? is null 
            or v1_0.date_vente<=?
        ) 
    order by
        v1_0.date_vente desc 
    limit
        ?
2026-03-28T23:33:07.687+01:00 DEBUG 13099 --- [Pharmacies] [http-nio-8080-exec-1] org.hibernate.SQL                        : 
    select
        au1_0.id,
        au1_0.nom,
        au1_0.password,
        au1_0.prenoms,
        au1_0.telephone 
    from
        users au1_0
2026-03-28T23:33:07.687+01:00 DEBUG 13099 --- [Pharmacies] [http-nio-8080-exec-6] org.hibernate.SQL                        : 
    select
        au1_0.id,
        au1_0.nom,
        au1_0.password,
        au1_0.prenoms,
        au1_0.telephone 
    from
        users au1_0
2026-03-28T23:33:07.688+01:00 DEBUG 13099 --- [Pharmacies] [http-nio-8080-exec-5] org.hibernate.SQL                        : 
    select
        c1_0.id,
        c1_0.adresse,
        c1_0.create_at,
        c1_0.created_by_id,
        c1_0.etat,
        c1_0.nom,
        c1_0.telephone 
    from
        client c1_0 
    where
        c1_0.id=?
2026-03-28T23:33:07.688+01:00 DEBUG 13099 --- [Pharmacies] [http-nio-8080-exec-9] org.hibernate.SQL                        : 
    select
        c1_0.id,
        c1_0.adresse,
        c1_0.create_at,
        c1_0.created_by_id,
        c1_0.etat,
        c1_0.nom,
        c1_0.telephone 
    from
        client c1_0 
    where
        c1_0.id=?
2026-03-28T23:33:07.689+01:00 DEBUG 13099 --- [Pharmacies] [http-nio-8080-exec-6] org.hibernate.SQL                        : 
    select
        a1_0.app_user_id,
        a1_1.id,
        a1_1.role_name 
    from
        users_approles a1_0 
    join
        roles a1_1 
            on a1_1.id=a1_0.approles_id 
    where
        a1_0.app_user_id=?
2026-03-28T23:33:07.689+01:00 DEBUG 13099 --- [Pharmacies] [http-nio-8080-exec-1] org.hibernate.SQL                        : 
    select
        a1_0.app_user_id,
        a1_1.id,
        a1_1.role_name 
    from
        users_approles a1_0 
    join
        roles a1_1 
            on a1_1.id=a1_0.approles_id 
    where
        a1_0.app_user_id=?
2026-03-28T23:33:07.689+01:00 DEBUG 13099 --- [Pharmacies] [http-nio-8080-exec-5] org.hibernate.SQL                        : 
    select
        c1_0.id,
        c1_0.adresse,
        c1_0.create_at,
        c1_0.created_by_id,
        c1_0.etat,
        c1_0.nom,
        c1_0.telephone 
    from
        client c1_0 
    where
        c1_0.id=?
2026-03-28T23:33:07.689+01:00 DEBUG 13099 --- [Pharmacies] [http-nio-8080-exec-9] org.hibernate.SQL                        : 
    select
        c1_0.id,
        c1_0.adresse,
        c1_0.create_at,
        c1_0.created_by_id,
        c1_0.etat,
        c1_0.nom,
        c1_0.telephone 
    from
        client c1_0 
    where
        c1_0.id=?
2026-03-28T23:33:07.689+01:00 DEBUG 13099 --- [Pharmacies] [http-nio-8080-exec-1] org.hibernate.SQL                        : 
    select
        a1_0.app_user_id,
        a1_1.id,
        a1_1.role_name 
    from
        users_approles a1_0 
    join
        roles a1_1 
            on a1_1.id=a1_0.approles_id 
    where
        a1_0.app_user_id=?
2026-03-28T23:33:07.689+01:00 DEBUG 13099 --- [Pharmacies] [http-nio-8080-exec-6] org.hibernate.SQL                        : 
    select
        a1_0.app_user_id,
        a1_1.id,
        a1_1.role_name 
    from
        users_approles a1_0 
    join
        roles a1_1 
            on a1_1.id=a1_0.approles_id 
    where
        a1_0.app_user_id=?
2026-03-28T23:33:07.690+01:00 DEBUG 13099 --- [Pharmacies] [http-nio-8080-exec-6] org.hibernate.SQL                        : 
    select
        a1_0.app_user_id,
        a1_1.id,
        a1_1.role_name 
    from
        users_approles a1_0 
    join
        roles a1_1 
            on a1_1.id=a1_0.approles_id 
    where
        a1_0.app_user_id=?
2026-03-28T23:33:07.690+01:00 DEBUG 13099 --- [Pharmacies] [http-nio-8080-exec-1] org.hibernate.SQL                        : 
    select
        a1_0.app_user_id,
        a1_1.id,
        a1_1.role_name 
    from
        users_approles a1_0 
    join
        roles a1_1 
            on a1_1.id=a1_0.approles_id 
    where
        a1_0.app_user_id=?
2026-03-28T23:33:07.691+01:00 DEBUG 13099 --- [Pharmacies] [http-nio-8080-exec-1] org.hibernate.SQL                        : 
    select
        a1_0.app_user_id,
        a1_1.id,
        a1_1.role_name 
    from
        users_approles a1_0 
    join
        roles a1_1 
            on a1_1.id=a1_0.approles_id 
    where
        a1_0.app_user_id=?
2026-03-28T23:33:07.691+01:00 DEBUG 13099 --- [Pharmacies] [http-nio-8080-exec-1] org.hibernate.SQL                        : 
    select
        a1_0.app_user_id,
        a1_1.id,
        a1_1.role_name 
    from
        users_approles a1_0 
    join
        roles a1_1 
            on a1_1.id=a1_0.approles_id 
    where
        a1_0.app_user_id=?
2026-03-28T23:33:07.692+01:00 DEBUG 13099 --- [Pharmacies] [http-nio-8080-exec-6] org.hibernate.SQL                        : 
    select
        a1_0.app_user_id,
        a1_1.id,
        a1_1.role_name 
    from
        users_approles a1_0 
    join
        roles a1_1 
            on a1_1.id=a1_0.approles_id 
    where
        a1_0.app_user_id=?
2026-03-28T23:33:07.692+01:00 DEBUG 13099 --- [Pharmacies] [http-nio-8080-exec-1] org.hibernate.SQL                        : 
    select
        a1_0.app_user_id,
        a1_1.id,
        a1_1.role_name 
    from
        users_approles a1_0 
    join
        roles a1_1 
            on a1_1.id=a1_0.approles_id 
    where
        a1_0.app_user_id=?
2026-03-28T23:33:07.692+01:00 DEBUG 13099 --- [Pharmacies] [http-nio-8080-exec-5] o.s.w.s.m.m.a.HttpEntityMethodProcessor  : Using 'application/json', given [application/json, text/plain, */*] and supported [application/json, application/*+json]
2026-03-28T23:33:07.692+01:00 DEBUG 13099 --- [Pharmacies] [http-nio-8080-exec-9] o.s.w.s.m.m.a.HttpEntityMethodProcessor  : Using 'application/json', given [application/json, text/plain, */*] and supported [application/json, application/*+json]
2026-03-28T23:33:07.692+01:00 DEBUG 13099 --- [Pharmacies] [http-nio-8080-exec-6] org.hibernate.SQL                        : 
    select
        a1_0.app_user_id,
        a1_1.id,
        a1_1.role_name 
    from
        users_approles a1_0 
    join
        roles a1_1 
            on a1_1.id=a1_0.approles_id 
    where
        a1_0.app_user_id=?
2026-03-28T23:33:07.692+01:00 TRACE 13099 --- [Pharmacies] [http-nio-8080-exec-9] o.s.w.s.m.m.a.HttpEntityMethodProcessor  : Writing [Page 1 of 1 containing com.gestion.invoice.models.Vente instances]
2026-03-28T23:33:07.692+01:00 TRACE 13099 --- [Pharmacies] [http-nio-8080-exec-5] o.s.w.s.m.m.a.HttpEntityMethodProcessor  : Writing [Page 1 of 1 containing com.gestion.invoice.models.Vente instances]
2026-03-28T23:33:07.693+01:00 DEBUG 13099 --- [Pharmacies] [http-nio-8080-exec-6] org.hibernate.SQL                        : 
    select
        a1_0.app_user_id,
        a1_1.id,
        a1_1.role_name 
    from
        users_approles a1_0 
    join
        roles a1_1 
            on a1_1.id=a1_0.approles_id 
    where
        a1_0.app_user_id=?
2026-03-28T23:33:07.693+01:00 DEBUG 13099 --- [Pharmacies] [http-nio-8080-exec-5] org.hibernate.SQL                        : 
    select
        au1_0.id,
        au1_0.nom,
        au1_0.password,
        au1_0.prenoms,
        au1_0.telephone,
        a1_0.app_user_id,
        a1_1.id,
        a1_1.role_name 
    from
        users au1_0 
    left join
        users_approles a1_0 
            on au1_0.id=a1_0.app_user_id 
    left join
        roles a1_1 
            on a1_1.id=a1_0.approles_id 
    where
        au1_0.id=?
2026-03-28T23:33:07.693+01:00 DEBUG 13099 --- [Pharmacies] [http-nio-8080-exec-9] org.hibernate.SQL                        : 
    select
        au1_0.id,
        au1_0.nom,
        au1_0.password,
        au1_0.prenoms,
        au1_0.telephone,
        a1_0.app_user_id,
        a1_1.id,
        a1_1.role_name 
    from
        users au1_0 
    left join
        users_approles a1_0 
            on au1_0.id=a1_0.app_user_id 
    left join
        roles a1_1 
            on a1_1.id=a1_0.approles_id 
    where
        au1_0.id=?
2026-03-28T23:33:07.693+01:00 DEBUG 13099 --- [Pharmacies] [http-nio-8080-exec-1] org.hibernate.SQL                        : 
    select
        a1_0.app_user_id,
        a1_1.id,
        a1_1.role_name 
    from
        users_approles a1_0 
    join
        roles a1_1 
            on a1_1.id=a1_0.approles_id 
    where
        a1_0.app_user_id=?
2026-03-28T23:33:07.693+01:00 DEBUG 13099 --- [Pharmacies] [http-nio-8080-exec-6] org.hibernate.SQL                        : 
    select
        a1_0.app_user_id,
        a1_1.id,
        a1_1.role_name 
    from
        users_approles a1_0 
    join
        roles a1_1 
            on a1_1.id=a1_0.approles_id 
    where
        a1_0.app_user_id=?
2026-03-28T23:33:07.693+01:00 DEBUG 13099 --- [Pharmacies] [http-nio-8080-exec-6] org.hibernate.SQL                        : 
    select
        a1_0.app_user_id,
        a1_1.id,
        a1_1.role_name 
    from
        users_approles a1_0 
    join
        roles a1_1 
            on a1_1.id=a1_0.approles_id 
    where
        a1_0.app_user_id=?
2026-03-28T23:33:07.694+01:00 DEBUG 13099 --- [Pharmacies] [http-nio-8080-exec-1] org.hibernate.SQL                        : 
    select
        a1_0.app_user_id,
        a1_1.id,
        a1_1.role_name 
    from
        users_approles a1_0 
    join
        roles a1_1 
            on a1_1.id=a1_0.approles_id 
    where
        a1_0.app_user_id=?
2026-03-28T23:33:07.694+01:00 DEBUG 13099 --- [Pharmacies] [http-nio-8080-exec-6] org.hibernate.SQL                        : 
    select
        a1_0.app_user_id,
        a1_1.id,
        a1_1.role_name 
    from
        users_approles a1_0 
    join
        roles a1_1 
            on a1_1.id=a1_0.approles_id 
    where
        a1_0.app_user_id=?
2026-03-28T23:33:07.694+01:00 DEBUG 13099 --- [Pharmacies] [http-nio-8080-exec-1] org.hibernate.SQL                        : 
    select
        a1_0.app_user_id,
        a1_1.id,
        a1_1.role_name 
    from
        users_approles a1_0 
    join
        roles a1_1 
            on a1_1.id=a1_0.approles_id 
    where
        a1_0.app_user_id=?
2026-03-28T23:33:07.694+01:00 DEBUG 13099 --- [Pharmacies] [http-nio-8080-exec-6] org.hibernate.SQL                        : 
    select
        a1_0.app_user_id,
        a1_1.id,
        a1_1.role_name 
    from
        users_approles a1_0 
    join
        roles a1_1 
            on a1_1.id=a1_0.approles_id 
    where
        a1_0.app_user_id=?
2026-03-28T23:33:07.695+01:00 DEBUG 13099 --- [Pharmacies] [http-nio-8080-exec-1] org.hibernate.SQL                        : 
    select
        a1_0.app_user_id,
        a1_1.id,
        a1_1.role_name 
    from
        users_approles a1_0 
    join
        roles a1_1 
            on a1_1.id=a1_0.approles_id 
    where
        a1_0.app_user_id=?
2026-03-28T23:33:07.695+01:00 TRACE 13099 --- [Pharmacies] [http-nio-8080-exec-5] o.s.web.servlet.DispatcherServlet        : No view rendering, null ModelAndView returned.
2026-03-28T23:33:07.695+01:00 DEBUG 13099 --- [Pharmacies] [http-nio-8080-exec-6] org.hibernate.SQL                        : 
    select
        a1_0.app_user_id,
        a1_1.id,
        a1_1.role_name 
    from
        users_approles a1_0 
    join
        roles a1_1 
            on a1_1.id=a1_0.approles_id 
    where
        a1_0.app_user_id=?
2026-03-28T23:33:07.695+01:00 TRACE 13099 --- [Pharmacies] [http-nio-8080-exec-9] o.s.web.servlet.DispatcherServlet        : No view rendering, null ModelAndView returned.
2026-03-28T23:33:07.695+01:00 DEBUG 13099 --- [Pharmacies] [http-nio-8080-exec-5] o.s.web.servlet.DispatcherServlet        : Completed 200 OK, headers={masked}
2026-03-28T23:33:07.695+01:00 DEBUG 13099 --- [Pharmacies] [http-nio-8080-exec-1] org.hibernate.SQL                        : 
    select
        a1_0.app_user_id,
        a1_1.id,
        a1_1.role_name 
    from
        users_approles a1_0 
    join
        roles a1_1 
            on a1_1.id=a1_0.approles_id 
    where
        a1_0.app_user_id=?
2026-03-28T23:33:07.695+01:00 DEBUG 13099 --- [Pharmacies] [http-nio-8080-exec-9] o.s.web.servlet.DispatcherServlet        : Completed 200 OK, headers={masked}
2026-03-28T23:33:07.695+01:00 DEBUG 13099 --- [Pharmacies] [http-nio-8080-exec-6] org.hibernate.SQL                        : 
    select
        a1_0.app_user_id,
        a1_1.id,
        a1_1.role_name 
    from
        users_approles a1_0 
    join
        roles a1_1 
            on a1_1.id=a1_0.approles_id 
    where
        a1_0.app_user_id=?
2026-03-28T23:33:07.695+01:00 DEBUG 13099 --- [Pharmacies] [http-nio-8080-exec-1] org.hibernate.SQL                        : 
    select
        a1_0.app_user_id,
        a1_1.id,
        a1_1.role_name 
    from
        users_approles a1_0 
    join
        roles a1_1 
            on a1_1.id=a1_0.approles_id 
    where
        a1_0.app_user_id=?
2026-03-28T23:33:07.696+01:00 DEBUG 13099 --- [Pharmacies] [http-nio-8080-exec-6] m.m.a.RequestResponseBodyMethodProcessor : Using 'application/json', given [application/json, text/plain, */*] and supported [application/json, application/*+json]
2026-03-28T23:33:07.696+01:00 DEBUG 13099 --- [Pharmacies] [http-nio-8080-exec-1] m.m.a.RequestResponseBodyMethodProcessor : Using 'application/json', given [application/json, text/plain, */*] and supported [application/json, application/*+json]
2026-03-28T23:33:07.697+01:00 TRACE 13099 --- [Pharmacies] [http-nio-8080-exec-6] m.m.a.RequestResponseBodyMethodProcessor : Writing [[AppUser(id=1, nom=IWIKOTAN, prenoms=thierry, telephone=95064366, password=$2a$10$DxDLFk3EVD8ebPm1k6tOpuFnTY57SDKuVXSO8uerVeSGCZh5/jML6, approles=[AppRole(id=1, roleName=USER), AppRole(id=2, roleName=ADMIN)], roleId=null), AppUser(id=2, nom=IWIKOTAN, prenoms=Landry, telephone=80167188, password=$2a$10$RTMAlz.S0NWZTzmcUlvnpeYDb8XzAUdKUb.YJ0jZdxguxCV5Kae8e, approles=[AppRole(id=2, roleName=ADMIN)], roleId=null), AppUser(id=3, nom=IWIKOTAN, prenoms=smith, telephone=85536173, password=$2a$10$.A4EcoYJnCRXiqnmu6Htuut7RwMcaimLvCMKP4kL7IDPQwQyr9GVm, approles=[AppRole(id=1, roleName=USER)], roleId=null), AppUser(id=5, nom=thirry, prenoms=tomas, telephone=20202020, password=$2a$10$aszFQBKEcO7n4t/m5dJBFOBprVb.OT4bqrT1FuGHNLkIVcMp3ERO6, approles=[], roleId=null), AppUser(id=6, nom=iwikotan, prenoms=thiery, telephone=55555555, password=$2a$10$m0sFqoNR3OFYVt0sdorlvOcQ/xwezFK885sjJzpH9LYzfJ3ikFTPu, approles=[], roleId=null), AppUser(id=9, nom=iwiko, prenoms=kok, telephone=23232323, password=$2a$10$Kua2aFk7wp6hJJIjAD/S3.WfTiGSvuV0oLmZhFiJ9kruXNN1SJKxa, approles=[], roleId=null), AppUser(id=10, nom=ad, prenoms=hh, telephone=123, password=$2a$10$hEOHJx0F8ii7Mc3TsJNe4.RJ/YJQVng5QrJf8jxH87KvHMhAM1Y2y, approles=[], roleId=null), AppUser(id=11, nom=hh, prenoms=hh, telephone=2, password=$2a$10$FaCh.aWpfWEjwHN4.M9yFuMA6h8OuJ2eSa/SDMgUtmlN5d2OFeCA., approles=[], roleId=null), AppUser(id=12, nom=k, prenoms=l, telephone=3, password=$2a$10$k2OtBR581OyGSxVceC/fvu9yZZzXaGsmAKfihFiejkzANZNyw5V4K, approles=[AppRole(id=1, roleName=USER)], roleId=null), AppUser(id=13, nom=g, prenoms=h, telephone=22, password=$2a$10$B2ghggRqzi084R8zIXVoqukSuHRaZUmtIAH0nuasgqTpy8OhVs8Me, approles=[AppRole(id=1, roleName=USER)], roleId=null), AppUser(id=14, nom=d, prenoms=d, telephone=32, password=$2a$10$tZDNbhhlq5ASWhsb1dJCs.B7lt.g9pb6cazPcAbKEWCcm2XBJDGQ6, approles=[AppRole(id=2, roleName=ADMIN)], roleId=null), AppUser(id=15, nom=am, prenoms=ol, telephone=6, password=$2a$10$0AZxEcFNMgvRqXqSnJJWVufC/jv3XVIDrQx0y/qfqstDUm9Y.ME7G, approles=[AppRole(id=1, roleName=USER)], roleId=null)]]
2026-03-28T23:33:07.697+01:00 TRACE 13099 --- [Pharmacies] [http-nio-8080-exec-1] m.m.a.RequestResponseBodyMethodProcessor : Writing [[AppUser(id=1, nom=IWIKOTAN, prenoms=thierry, telephone=95064366, password=$2a$10$DxDLFk3EVD8ebPm1k6tOpuFnTY57SDKuVXSO8uerVeSGCZh5/jML6, approles=[AppRole(id=1, roleName=USER), AppRole(id=2, roleName=ADMIN)], roleId=null), AppUser(id=2, nom=IWIKOTAN, prenoms=Landry, telephone=80167188, password=$2a$10$RTMAlz.S0NWZTzmcUlvnpeYDb8XzAUdKUb.YJ0jZdxguxCV5Kae8e, approles=[AppRole(id=2, roleName=ADMIN)], roleId=null), AppUser(id=3, nom=IWIKOTAN, prenoms=smith, telephone=85536173, password=$2a$10$.A4EcoYJnCRXiqnmu6Htuut7RwMcaimLvCMKP4kL7IDPQwQyr9GVm, approles=[AppRole(id=1, roleName=USER)], roleId=null), AppUser(id=5, nom=thirry, prenoms=tomas, telephone=20202020, password=$2a$10$aszFQBKEcO7n4t/m5dJBFOBprVb.OT4bqrT1FuGHNLkIVcMp3ERO6, approles=[], roleId=null), AppUser(id=6, nom=iwikotan, prenoms=thiery, telephone=55555555, password=$2a$10$m0sFqoNR3OFYVt0sdorlvOcQ/xwezFK885sjJzpH9LYzfJ3ikFTPu, approles=[], roleId=null), AppUser(id=9, nom=iwiko, prenoms=kok, telephone=23232323, password=$2a$10$Kua2aFk7wp6hJJIjAD/S3.WfTiGSvuV0oLmZhFiJ9kruXNN1SJKxa, approles=[], roleId=null), AppUser(id=10, nom=ad, prenoms=hh, telephone=123, password=$2a$10$hEOHJx0F8ii7Mc3TsJNe4.RJ/YJQVng5QrJf8jxH87KvHMhAM1Y2y, approles=[], roleId=null), AppUser(id=11, nom=hh, prenoms=hh, telephone=2, password=$2a$10$FaCh.aWpfWEjwHN4.M9yFuMA6h8OuJ2eSa/SDMgUtmlN5d2OFeCA., approles=[], roleId=null), AppUser(id=12, nom=k, prenoms=l, telephone=3, password=$2a$10$k2OtBR581OyGSxVceC/fvu9yZZzXaGsmAKfihFiejkzANZNyw5V4K, approles=[AppRole(id=1, roleName=USER)], roleId=null), AppUser(id=13, nom=g, prenoms=h, telephone=22, password=$2a$10$B2ghggRqzi084R8zIXVoqukSuHRaZUmtIAH0nuasgqTpy8OhVs8Me, approles=[AppRole(id=1, roleName=USER)], roleId=null), AppUser(id=14, nom=d, prenoms=d, telephone=32, password=$2a$10$tZDNbhhlq5ASWhsb1dJCs.B7lt.g9pb6cazPcAbKEWCcm2XBJDGQ6, approles=[AppRole(id=2, roleName=ADMIN)], roleId=null), AppUser(id=15, nom=am, prenoms=ol, telephone=6, password=$2a$10$0AZxEcFNMgvRqXqSnJJWVufC/jv3XVIDrQx0y/qfqstDUm9Y.ME7G, approles=[AppRole(id=1, roleName=USER)], roleId=null)]]
2026-03-28T23:33:07.697+01:00 TRACE 13099 --- [Pharmacies] [http-nio-8080-exec-1] o.s.web.servlet.DispatcherServlet        : No view rendering, null ModelAndView returned.
2026-03-28T23:33:07.697+01:00 TRACE 13099 --- [Pharmacies] [http-nio-8080-exec-6] o.s.web.servlet.DispatcherServlet        : No view rendering, null ModelAndView returned.
2026-03-28T23:33:07.697+01:00 DEBUG 13099 --- [Pharmacies] [http-nio-8080-exec-1] o.s.web.servlet.DispatcherServlet        : Completed 200 OK, headers={masked}
2026-03-28T23:33:07.697+01:00 DEBUG 13099 --- [Pharmacies] [http-nio-8080-exec-6] o.s.web.servlet.DispatcherServlet        : Completed 200 OK, headers={masked}
2026-03-28T23:33:39.102+01:00 TRACE 13099 --- [Pharmacies] [http-nio-8080-exec-4] o.s.web.servlet.DispatcherServlet        : GET "/api/v1/mesventes/actives?page=0&size=1000", parameters={masked}, headers={masked} in DispatcherServlet 'dispatcherServlet'
2026-03-28T23:33:39.102+01:00 TRACE 13099 --- [Pharmacies] [http-nio-8080-exec-4] s.w.s.m.m.a.RequestMappingHandlerMapping : Mapped to com.gestion.invoice.controller.MesVenteController#getVentesActives(String, Long, String, String, int, int)
2026-03-28T23:33:39.103+01:00 TRACE 13099 --- [Pharmacies] [http-nio-8080-exec-3] o.s.web.servlet.DispatcherServlet        : GET "/api/v1/mesventes/actives?page=0&size=1000", parameters={masked}, headers={masked} in DispatcherServlet 'dispatcherServlet'
2026-03-28T23:33:39.103+01:00 TRACE 13099 --- [Pharmacies] [http-nio-8080-exec-3] s.w.s.m.m.a.RequestMappingHandlerMapping : Mapped to com.gestion.invoice.controller.MesVenteController#getVentesActives(String, Long, String, String, int, int)
2026-03-28T23:33:39.103+01:00 TRACE 13099 --- [Pharmacies] [http-nio-8080-exec-8] o.s.web.servlet.DispatcherServlet        : GET "/api/v1/users", parameters={}, headers={masked} in DispatcherServlet 'dispatcherServlet'
2026-03-28T23:33:39.103+01:00 DEBUG 13099 --- [Pharmacies] [http-nio-8080-exec-4] org.hibernate.SQL                        : 
    select
        v1_0.id,
        v1_0.benefice,
        v1_0.client_id,
        v1_0.code_ticket,
        v1_0.create_at,
        v1_0.created_by_id,
        v1_0.date_vente,
        v1_0.etat,
        v1_0.payer,
        v1_0.remis,
        v1_0.remise,
        v1_0.rendue,
        v1_0.statut,
        v1_0.total,
        v1_0.tva,
        v1_0.updated_at 
    from
        vente v1_0 
    join
        client c1_0 
            on c1_0.id=v1_0.client_id 
    where
        v1_0.etat=1 
        and v1_0.statut=1 
        and (
            ? is null 
            or c1_0.nom like replace(?, '\\', '\\\\')
        ) 
        and (
            ? is null 
            or v1_0.created_by_id=?
        ) 
        and (
            ? is null 
            or v1_0.date_vente>=?
        ) 
        and (
            ? is null 
            or v1_0.date_vente<=?
        ) 
    order by
        v1_0.date_vente desc 
    limit
        ?
2026-03-28T23:33:39.103+01:00 TRACE 13099 --- [Pharmacies] [http-nio-8080-exec-2] o.s.web.servlet.DispatcherServlet        : GET "/api/v1/users", parameters={}, headers={masked} in DispatcherServlet 'dispatcherServlet'
2026-03-28T23:33:39.103+01:00 TRACE 13099 --- [Pharmacies] [http-nio-8080-exec-8] s.w.s.m.m.a.RequestMappingHandlerMapping : Mapped to com.gestion.invoice.controller.UserController#getAllUsers()
2026-03-28T23:33:39.103+01:00 TRACE 13099 --- [Pharmacies] [http-nio-8080-exec-2] s.w.s.m.m.a.RequestMappingHandlerMapping : Mapped to com.gestion.invoice.controller.UserController#getAllUsers()
2026-03-28T23:33:39.104+01:00 DEBUG 13099 --- [Pharmacies] [http-nio-8080-exec-3] org.hibernate.SQL                        : 
    select
        v1_0.id,
        v1_0.benefice,
        v1_0.client_id,
        v1_0.code_ticket,
        v1_0.create_at,
        v1_0.created_by_id,
        v1_0.date_vente,
        v1_0.etat,
        v1_0.payer,
        v1_0.remis,
        v1_0.remise,
        v1_0.rendue,
        v1_0.statut,
        v1_0.total,
        v1_0.tva,
        v1_0.updated_at 
    from
        vente v1_0 
    join
        client c1_0 
            on c1_0.id=v1_0.client_id 
    where
        v1_0.etat=1 
        and v1_0.statut=1 
        and (
            ? is null 
            or c1_0.nom like replace(?, '\\', '\\\\')
        ) 
        and (
            ? is null 
            or v1_0.created_by_id=?
        ) 
        and (
            ? is null 
            or v1_0.date_vente>=?
        ) 
        and (
            ? is null 
            or v1_0.date_vente<=?
        ) 
    order by
        v1_0.date_vente desc 
    limit
        ?
2026-03-28T23:33:39.105+01:00 DEBUG 13099 --- [Pharmacies] [http-nio-8080-exec-4] org.hibernate.SQL                        : 
    select
        c1_0.id,
        c1_0.adresse,
        c1_0.create_at,
        c1_0.created_by_id,
        c1_0.etat,
        c1_0.nom,
        c1_0.telephone 
    from
        client c1_0 
    where
        c1_0.id=?
2026-03-28T23:33:39.105+01:00 DEBUG 13099 --- [Pharmacies] [http-nio-8080-exec-3] org.hibernate.SQL                        : 
    select
        c1_0.id,
        c1_0.adresse,
        c1_0.create_at,
        c1_0.created_by_id,
        c1_0.etat,
        c1_0.nom,
        c1_0.telephone 
    from
        client c1_0 
    where
        c1_0.id=?
2026-03-28T23:33:39.105+01:00 DEBUG 13099 --- [Pharmacies] [http-nio-8080-exec-8] org.hibernate.SQL                        : 
    select
        au1_0.id,
        au1_0.nom,
        au1_0.password,
        au1_0.prenoms,
        au1_0.telephone 
    from
        users au1_0
2026-03-28T23:33:39.105+01:00 DEBUG 13099 --- [Pharmacies] [http-nio-8080-exec-2] org.hibernate.SQL                        : 
    select
        au1_0.id,
        au1_0.nom,
        au1_0.password,
        au1_0.prenoms,
        au1_0.telephone 
    from
        users au1_0
2026-03-28T23:33:39.106+01:00 DEBUG 13099 --- [Pharmacies] [http-nio-8080-exec-4] org.hibernate.SQL                        : 
    select
        c1_0.id,
        c1_0.adresse,
        c1_0.create_at,
        c1_0.created_by_id,
        c1_0.etat,
        c1_0.nom,
        c1_0.telephone 
    from
        client c1_0 
    where
        c1_0.id=?
2026-03-28T23:33:39.106+01:00 DEBUG 13099 --- [Pharmacies] [http-nio-8080-exec-3] org.hibernate.SQL                        : 
    select
        c1_0.id,
        c1_0.adresse,
        c1_0.create_at,
        c1_0.created_by_id,
        c1_0.etat,
        c1_0.nom,
        c1_0.telephone 
    from
        client c1_0 
    where
        c1_0.id=?
2026-03-28T23:33:39.106+01:00 DEBUG 13099 --- [Pharmacies] [http-nio-8080-exec-8] org.hibernate.SQL                        : 
    select
        a1_0.app_user_id,
        a1_1.id,
        a1_1.role_name 
    from
        users_approles a1_0 
    join
        roles a1_1 
            on a1_1.id=a1_0.approles_id 
    where
        a1_0.app_user_id=?
2026-03-28T23:33:39.106+01:00 DEBUG 13099 --- [Pharmacies] [http-nio-8080-exec-2] org.hibernate.SQL                        : 
    select
        a1_0.app_user_id,
        a1_1.id,
        a1_1.role_name 
    from
        users_approles a1_0 
    join
        roles a1_1 
            on a1_1.id=a1_0.approles_id 
    where
        a1_0.app_user_id=?
2026-03-28T23:33:39.107+01:00 DEBUG 13099 --- [Pharmacies] [http-nio-8080-exec-8] org.hibernate.SQL                        : 
    select
        a1_0.app_user_id,
        a1_1.id,
        a1_1.role_name 
    from
        users_approles a1_0 
    join
        roles a1_1 
            on a1_1.id=a1_0.approles_id 
    where
        a1_0.app_user_id=?
2026-03-28T23:33:39.107+01:00 DEBUG 13099 --- [Pharmacies] [http-nio-8080-exec-2] org.hibernate.SQL                        : 
    select
        a1_0.app_user_id,
        a1_1.id,
        a1_1.role_name 
    from
        users_approles a1_0 
    join
        roles a1_1 
            on a1_1.id=a1_0.approles_id 
    where
        a1_0.app_user_id=?
2026-03-28T23:33:39.108+01:00 DEBUG 13099 --- [Pharmacies] [http-nio-8080-exec-8] org.hibernate.SQL                        : 
    select
        a1_0.app_user_id,
        a1_1.id,
        a1_1.role_name 
    from
        users_approles a1_0 
    join
        roles a1_1 
            on a1_1.id=a1_0.approles_id 
    where
        a1_0.app_user_id=?
2026-03-28T23:33:39.108+01:00 DEBUG 13099 --- [Pharmacies] [http-nio-8080-exec-2] org.hibernate.SQL                        : 
    select
        a1_0.app_user_id,
        a1_1.id,
        a1_1.role_name 
    from
        users_approles a1_0 
    join
        roles a1_1 
            on a1_1.id=a1_0.approles_id 
    where
        a1_0.app_user_id=?
2026-03-28T23:33:39.109+01:00 DEBUG 13099 --- [Pharmacies] [http-nio-8080-exec-2] org.hibernate.SQL                        : 
    select
        a1_0.app_user_id,
        a1_1.id,
        a1_1.role_name 
    from
        users_approles a1_0 
    join
        roles a1_1 
            on a1_1.id=a1_0.approles_id 
    where
        a1_0.app_user_id=?
2026-03-28T23:33:39.109+01:00 DEBUG 13099 --- [Pharmacies] [http-nio-8080-exec-8] org.hibernate.SQL                        : 
    select
        a1_0.app_user_id,
        a1_1.id,
        a1_1.role_name 
    from
        users_approles a1_0 
    join
        roles a1_1 
            on a1_1.id=a1_0.approles_id 
    where
        a1_0.app_user_id=?
2026-03-28T23:33:39.109+01:00 DEBUG 13099 --- [Pharmacies] [http-nio-8080-exec-4] o.s.w.s.m.m.a.HttpEntityMethodProcessor  : Using 'application/json', given [application/json, text/plain, */*] and supported [application/json, application/*+json]
2026-03-28T23:33:39.109+01:00 TRACE 13099 --- [Pharmacies] [http-nio-8080-exec-4] o.s.w.s.m.m.a.HttpEntityMethodProcessor  : Writing [Page 1 of 1 containing com.gestion.invoice.models.Vente instances]
2026-03-28T23:33:39.109+01:00 DEBUG 13099 --- [Pharmacies] [http-nio-8080-exec-2] org.hibernate.SQL                        : 
    select
        a1_0.app_user_id,
        a1_1.id,
        a1_1.role_name 
    from
        users_approles a1_0 
    join
        roles a1_1 
            on a1_1.id=a1_0.approles_id 
    where
        a1_0.app_user_id=?
2026-03-28T23:33:39.110+01:00 DEBUG 13099 --- [Pharmacies] [http-nio-8080-exec-4] org.hibernate.SQL                        : 
    select
        au1_0.id,
        au1_0.nom,
        au1_0.password,
        au1_0.prenoms,
        au1_0.telephone,
        a1_0.app_user_id,
        a1_1.id,
        a1_1.role_name 
    from
        users au1_0 
    left join
        users_approles a1_0 
            on au1_0.id=a1_0.app_user_id 
    left join
        roles a1_1 
            on a1_1.id=a1_0.approles_id 
    where
        au1_0.id=?
2026-03-28T23:33:39.110+01:00 DEBUG 13099 --- [Pharmacies] [http-nio-8080-exec-2] org.hibernate.SQL                        : 
    select
        a1_0.app_user_id,
        a1_1.id,
        a1_1.role_name 
    from
        users_approles a1_0 
    join
        roles a1_1 
            on a1_1.id=a1_0.approles_id 
    where
        a1_0.app_user_id=?
2026-03-28T23:33:39.114+01:00 DEBUG 13099 --- [Pharmacies] [http-nio-8080-exec-2] org.hibernate.SQL                        : 
    select
        a1_0.app_user_id,
        a1_1.id,
        a1_1.role_name 
    from
        users_approles a1_0 
    join
        roles a1_1 
            on a1_1.id=a1_0.approles_id 
    where
        a1_0.app_user_id=?
2026-03-28T23:33:39.115+01:00 DEBUG 13099 --- [Pharmacies] [http-nio-8080-exec-2] org.hibernate.SQL                        : 
    select
        a1_0.app_user_id,
        a1_1.id,
        a1_1.role_name 
    from
        users_approles a1_0 
    join
        roles a1_1 
            on a1_1.id=a1_0.approles_id 
    where
        a1_0.app_user_id=?
2026-03-28T23:33:39.116+01:00 DEBUG 13099 --- [Pharmacies] [http-nio-8080-exec-2] org.hibernate.SQL                        : 
    select
        a1_0.app_user_id,
        a1_1.id,
        a1_1.role_name 
    from
        users_approles a1_0 
    join
        roles a1_1 
            on a1_1.id=a1_0.approles_id 
    where
        a1_0.app_user_id=?
2026-03-28T23:33:39.117+01:00 DEBUG 13099 --- [Pharmacies] [http-nio-8080-exec-8] org.hibernate.SQL                        : 
    select
        a1_0.app_user_id,
        a1_1.id,
        a1_1.role_name 
    from
        users_approles a1_0 
    join
        roles a1_1 
            on a1_1.id=a1_0.approles_id 
    where
        a1_0.app_user_id=?
2026-03-28T23:33:39.117+01:00 DEBUG 13099 --- [Pharmacies] [http-nio-8080-exec-2] org.hibernate.SQL                        : 
    select
        a1_0.app_user_id,
        a1_1.id,
        a1_1.role_name 
    from
        users_approles a1_0 
    join
        roles a1_1 
            on a1_1.id=a1_0.approles_id 
    where
        a1_0.app_user_id=?
2026-03-28T23:33:39.117+01:00 DEBUG 13099 --- [Pharmacies] [http-nio-8080-exec-3] o.s.w.s.m.m.a.HttpEntityMethodProcessor  : Using 'application/json', given [application/json, text/plain, */*] and supported [application/json, application/*+json]
2026-03-28T23:33:39.118+01:00 TRACE 13099 --- [Pharmacies] [http-nio-8080-exec-3] o.s.w.s.m.m.a.HttpEntityMethodProcessor  : Writing [Page 1 of 1 containing com.gestion.invoice.models.Vente instances]
2026-03-28T23:33:39.118+01:00 DEBUG 13099 --- [Pharmacies] [http-nio-8080-exec-3] org.hibernate.SQL                        : 
    select
        au1_0.id,
        au1_0.nom,
        au1_0.password,
        au1_0.prenoms,
        au1_0.telephone,
        a1_0.app_user_id,
        a1_1.id,
        a1_1.role_name 
    from
        users au1_0 
    left join
        users_approles a1_0 
            on au1_0.id=a1_0.app_user_id 
    left join
        roles a1_1 
            on a1_1.id=a1_0.approles_id 
    where
        au1_0.id=?
2026-03-28T23:33:39.118+01:00 DEBUG 13099 --- [Pharmacies] [http-nio-8080-exec-2] org.hibernate.SQL                        : 
    select
        a1_0.app_user_id,
        a1_1.id,
        a1_1.role_name 
    from
        users_approles a1_0 
    join
        roles a1_1 
            on a1_1.id=a1_0.approles_id 
    where
        a1_0.app_user_id=?
2026-03-28T23:33:39.119+01:00 DEBUG 13099 --- [Pharmacies] [http-nio-8080-exec-2] org.hibernate.SQL                        : 
    select
        a1_0.app_user_id,
        a1_1.id,
        a1_1.role_name 
    from
        users_approles a1_0 
    join
        roles a1_1 
            on a1_1.id=a1_0.approles_id 
    where
        a1_0.app_user_id=?
2026-03-28T23:33:39.120+01:00 DEBUG 13099 --- [Pharmacies] [http-nio-8080-exec-2] m.m.a.RequestResponseBodyMethodProcessor : Using 'application/json', given [application/json, text/plain, */*] and supported [application/json, application/*+json]
2026-03-28T23:33:39.118+01:00 DEBUG 13099 --- [Pharmacies] [http-nio-8080-exec-8] org.hibernate.SQL                        : 
    select
        a1_0.app_user_id,
        a1_1.id,
        a1_1.role_name 
    from
        users_approles a1_0 
    join
        roles a1_1 
            on a1_1.id=a1_0.approles_id 
    where
        a1_0.app_user_id=?
2026-03-28T23:33:39.120+01:00 TRACE 13099 --- [Pharmacies] [http-nio-8080-exec-2] m.m.a.RequestResponseBodyMethodProcessor : Writing [[AppUser(id=1, nom=IWIKOTAN, prenoms=thierry, telephone=95064366, password=$2a$10$DxDLFk3EVD8ebPm1k6tOpuFnTY57SDKuVXSO8uerVeSGCZh5/jML6, approles=[AppRole(id=1, roleName=USER), AppRole(id=2, roleName=ADMIN)], roleId=null), AppUser(id=2, nom=IWIKOTAN, prenoms=Landry, telephone=80167188, password=$2a$10$RTMAlz.S0NWZTzmcUlvnpeYDb8XzAUdKUb.YJ0jZdxguxCV5Kae8e, approles=[AppRole(id=2, roleName=ADMIN)], roleId=null), AppUser(id=3, nom=IWIKOTAN, prenoms=smith, telephone=85536173, password=$2a$10$.A4EcoYJnCRXiqnmu6Htuut7RwMcaimLvCMKP4kL7IDPQwQyr9GVm, approles=[AppRole(id=1, roleName=USER)], roleId=null), AppUser(id=5, nom=thirry, prenoms=tomas, telephone=20202020, password=$2a$10$aszFQBKEcO7n4t/m5dJBFOBprVb.OT4bqrT1FuGHNLkIVcMp3ERO6, approles=[], roleId=null), AppUser(id=6, nom=iwikotan, prenoms=thiery, telephone=55555555, password=$2a$10$m0sFqoNR3OFYVt0sdorlvOcQ/xwezFK885sjJzpH9LYzfJ3ikFTPu, approles=[], roleId=null), AppUser(id=9, nom=iwiko, prenoms=kok, telephone=23232323, password=$2a$10$Kua2aFk7wp6hJJIjAD/S3.WfTiGSvuV0oLmZhFiJ9kruXNN1SJKxa, approles=[], roleId=null), AppUser(id=10, nom=ad, prenoms=hh, telephone=123, password=$2a$10$hEOHJx0F8ii7Mc3TsJNe4.RJ/YJQVng5QrJf8jxH87KvHMhAM1Y2y, approles=[], roleId=null), AppUser(id=11, nom=hh, prenoms=hh, telephone=2, password=$2a$10$FaCh.aWpfWEjwHN4.M9yFuMA6h8OuJ2eSa/SDMgUtmlN5d2OFeCA., approles=[], roleId=null), AppUser(id=12, nom=k, prenoms=l, telephone=3, password=$2a$10$k2OtBR581OyGSxVceC/fvu9yZZzXaGsmAKfihFiejkzANZNyw5V4K, approles=[AppRole(id=1, roleName=USER)], roleId=null), AppUser(id=13, nom=g, prenoms=h, telephone=22, password=$2a$10$B2ghggRqzi084R8zIXVoqukSuHRaZUmtIAH0nuasgqTpy8OhVs8Me, approles=[AppRole(id=1, roleName=USER)], roleId=null), AppUser(id=14, nom=d, prenoms=d, telephone=32, password=$2a$10$tZDNbhhlq5ASWhsb1dJCs.B7lt.g9pb6cazPcAbKEWCcm2XBJDGQ6, approles=[AppRole(id=2, roleName=ADMIN)], roleId=null), AppUser(id=15, nom=am, prenoms=ol, telephone=6, password=$2a$10$0AZxEcFNMgvRqXqSnJJWVufC/jv3XVIDrQx0y/qfqstDUm9Y.ME7G, approles=[AppRole(id=1, roleName=USER)], roleId=null)]]
2026-03-28T23:33:39.120+01:00 TRACE 13099 --- [Pharmacies] [http-nio-8080-exec-3] o.s.web.servlet.DispatcherServlet        : No view rendering, null ModelAndView returned.
2026-03-28T23:33:39.121+01:00 TRACE 13099 --- [Pharmacies] [http-nio-8080-exec-2] o.s.web.servlet.DispatcherServlet        : No view rendering, null ModelAndView returned.
2026-03-28T23:33:39.121+01:00 DEBUG 13099 --- [Pharmacies] [http-nio-8080-exec-3] o.s.web.servlet.DispatcherServlet        : Completed 200 OK, headers={masked}
2026-03-28T23:33:39.121+01:00 DEBUG 13099 --- [Pharmacies] [http-nio-8080-exec-8] org.hibernate.SQL                        : 
    select
        a1_0.app_user_id,
        a1_1.id,
        a1_1.role_name 
    from
        users_approles a1_0 
    join
        roles a1_1 
            on a1_1.id=a1_0.approles_id 
    where
        a1_0.app_user_id=?
2026-03-28T23:33:39.121+01:00 DEBUG 13099 --- [Pharmacies] [http-nio-8080-exec-2] o.s.web.servlet.DispatcherServlet        : Completed 200 OK, headers={masked}
2026-03-28T23:33:39.121+01:00 TRACE 13099 --- [Pharmacies] [http-nio-8080-exec-4] o.s.web.servlet.DispatcherServlet        : No view rendering, null ModelAndView returned.
2026-03-28T23:33:39.121+01:00 DEBUG 13099 --- [Pharmacies] [http-nio-8080-exec-4] o.s.web.servlet.DispatcherServlet        : Completed 200 OK, headers={masked}
2026-03-28T23:33:39.122+01:00 DEBUG 13099 --- [Pharmacies] [http-nio-8080-exec-8] org.hibernate.SQL                        : 
    select
        a1_0.app_user_id,
        a1_1.id,
        a1_1.role_name 
    from
        users_approles a1_0 
    join
        roles a1_1 
            on a1_1.id=a1_0.approles_id 
    where
        a1_0.app_user_id=?
2026-03-28T23:33:39.122+01:00 DEBUG 13099 --- [Pharmacies] [http-nio-8080-exec-8] org.hibernate.SQL                        : 
    select
        a1_0.app_user_id,
        a1_1.id,
        a1_1.role_name 
    from
        users_approles a1_0 
    join
        roles a1_1 
            on a1_1.id=a1_0.approles_id 
    where
        a1_0.app_user_id=?
2026-03-28T23:33:39.123+01:00 DEBUG 13099 --- [Pharmacies] [http-nio-8080-exec-8] org.hibernate.SQL                        : 
    select
        a1_0.app_user_id,
        a1_1.id,
        a1_1.role_name 
    from
        users_approles a1_0 
    join
        roles a1_1 
            on a1_1.id=a1_0.approles_id 
    where
        a1_0.app_user_id=?
2026-03-28T23:33:39.123+01:00 DEBUG 13099 --- [Pharmacies] [http-nio-8080-exec-8] org.hibernate.SQL                        : 
    select
        a1_0.app_user_id,
        a1_1.id,
        a1_1.role_name 
    from
        users_approles a1_0 
    join
        roles a1_1 
            on a1_1.id=a1_0.approles_id 
    where
        a1_0.app_user_id=?
2026-03-28T23:33:39.125+01:00 DEBUG 13099 --- [Pharmacies] [http-nio-8080-exec-8] org.hibernate.SQL                        : 
    select
        a1_0.app_user_id,
        a1_1.id,
        a1_1.role_name 
    from
        users_approles a1_0 
    join
        roles a1_1 
            on a1_1.id=a1_0.approles_id 
    where
        a1_0.app_user_id=?
2026-03-28T23:33:39.127+01:00 DEBUG 13099 --- [Pharmacies] [http-nio-8080-exec-8] m.m.a.RequestResponseBodyMethodProcessor : Using 'application/json', given [application/json, text/plain, */*] and supported [application/json, application/*+json]
2026-03-28T23:33:39.127+01:00 TRACE 13099 --- [Pharmacies] [http-nio-8080-exec-8] m.m.a.RequestResponseBodyMethodProcessor : Writing [[AppUser(id=1, nom=IWIKOTAN, prenoms=thierry, telephone=95064366, password=$2a$10$DxDLFk3EVD8ebPm1k6tOpuFnTY57SDKuVXSO8uerVeSGCZh5/jML6, approles=[AppRole(id=1, roleName=USER), AppRole(id=2, roleName=ADMIN)], roleId=null), AppUser(id=2, nom=IWIKOTAN, prenoms=Landry, telephone=80167188, password=$2a$10$RTMAlz.S0NWZTzmcUlvnpeYDb8XzAUdKUb.YJ0jZdxguxCV5Kae8e, approles=[AppRole(id=2, roleName=ADMIN)], roleId=null), AppUser(id=3, nom=IWIKOTAN, prenoms=smith, telephone=85536173, password=$2a$10$.A4EcoYJnCRXiqnmu6Htuut7RwMcaimLvCMKP4kL7IDPQwQyr9GVm, approles=[AppRole(id=1, roleName=USER)], roleId=null), AppUser(id=5, nom=thirry, prenoms=tomas, telephone=20202020, password=$2a$10$aszFQBKEcO7n4t/m5dJBFOBprVb.OT4bqrT1FuGHNLkIVcMp3ERO6, approles=[], roleId=null), AppUser(id=6, nom=iwikotan, prenoms=thiery, telephone=55555555, password=$2a$10$m0sFqoNR3OFYVt0sdorlvOcQ/xwezFK885sjJzpH9LYzfJ3ikFTPu, approles=[], roleId=null), AppUser(id=9, nom=iwiko, prenoms=kok, telephone=23232323, password=$2a$10$Kua2aFk7wp6hJJIjAD/S3.WfTiGSvuV0oLmZhFiJ9kruXNN1SJKxa, approles=[], roleId=null), AppUser(id=10, nom=ad, prenoms=hh, telephone=123, password=$2a$10$hEOHJx0F8ii7Mc3TsJNe4.RJ/YJQVng5QrJf8jxH87KvHMhAM1Y2y, approles=[], roleId=null), AppUser(id=11, nom=hh, prenoms=hh, telephone=2, password=$2a$10$FaCh.aWpfWEjwHN4.M9yFuMA6h8OuJ2eSa/SDMgUtmlN5d2OFeCA., approles=[], roleId=null), AppUser(id=12, nom=k, prenoms=l, telephone=3, password=$2a$10$k2OtBR581OyGSxVceC/fvu9yZZzXaGsmAKfihFiejkzANZNyw5V4K, approles=[AppRole(id=1, roleName=USER)], roleId=null), AppUser(id=13, nom=g, prenoms=h, telephone=22, password=$2a$10$B2ghggRqzi084R8zIXVoqukSuHRaZUmtIAH0nuasgqTpy8OhVs8Me, approles=[AppRole(id=1, roleName=USER)], roleId=null), AppUser(id=14, nom=d, prenoms=d, telephone=32, password=$2a$10$tZDNbhhlq5ASWhsb1dJCs.B7lt.g9pb6cazPcAbKEWCcm2XBJDGQ6, approles=[AppRole(id=2, roleName=ADMIN)], roleId=null), AppUser(id=15, nom=am, prenoms=ol, telephone=6, password=$2a$10$0AZxEcFNMgvRqXqSnJJWVufC/jv3XVIDrQx0y/qfqstDUm9Y.ME7G, approles=[AppRole(id=1, roleName=USER)], roleId=null)]]
2026-03-28T23:33:39.128+01:00 TRACE 13099 --- [Pharmacies] [http-nio-8080-exec-8] o.s.web.servlet.DispatcherServlet        : No view rendering, null ModelAndView returned.
2026-03-28T23:33:39.128+01:00 DEBUG 13099 --- [Pharmacies] [http-nio-8080-exec-8] o.s.web.servlet.DispatcherServlet        : Completed 200 OK, headers={masked}
2026-03-28T23:33:59.462+01:00 TRACE 13099 --- [Pharmacies] [http-nio-8080-exec-1] o.s.web.servlet.DispatcherServlet        : GET "/mesventes", parameters={}, headers={masked} in DispatcherServlet 'dispatcherServlet'
2026-03-28T23:33:59.463+01:00 TRACE 13099 --- [Pharmacies] [http-nio-8080-exec-1] o.s.w.s.handler.SimpleUrlHandlerMapping  : Mapped to HandlerExecutionChain with [ResourceHttpRequestHandler [classpath [META-INF/resources/], classpath [resources/], classpath [static/], classpath [public/], ServletContext [/]]] and 4 interceptors
2026-03-28T23:33:59.464+01:00 DEBUG 13099 --- [Pharmacies] [http-nio-8080-exec-1] o.s.w.s.r.ResourceHttpRequestHandler     : Resource not found
2026-03-28T23:33:59.465+01:00 DEBUG 13099 --- [Pharmacies] [http-nio-8080-exec-1] .w.s.m.s.DefaultHandlerExceptionResolver : Resolved [org.springframework.web.servlet.resource.NoResourceFoundException: No static resource mesventes.]
2026-03-28T23:33:59.465+01:00 TRACE 13099 --- [Pharmacies] [http-nio-8080-exec-1] o.s.web.servlet.DispatcherServlet        : No view rendering, null ModelAndView returned.
2026-03-28T23:33:59.465+01:00 DEBUG 13099 --- [Pharmacies] [http-nio-8080-exec-1] o.s.web.servlet.DispatcherServlet        : Completed 404 NOT_FOUND, headers={masked}
2026-03-28T23:33:59.469+01:00 TRACE 13099 --- [Pharmacies] [http-nio-8080-exec-1] s.w.s.m.m.a.RequestMappingHandlerMapping : 2 matching mappings: [{ [/error], produces [text/html]}, { [/error]}]
2026-03-28T23:33:59.469+01:00 TRACE 13099 --- [Pharmacies] [http-nio-8080-exec-1] o.s.web.servlet.DispatcherServlet        : "ERROR" dispatch for GET "/error", parameters={}, headers={masked} in DispatcherServlet 'dispatcherServlet'
2026-03-28T23:33:59.470+01:00 TRACE 13099 --- [Pharmacies] [http-nio-8080-exec-1] s.w.s.m.m.a.RequestMappingHandlerMapping : 2 matching mappings: [{ [/error], produces [text/html]}, { [/error]}]
2026-03-28T23:33:59.470+01:00 TRACE 13099 --- [Pharmacies] [http-nio-8080-exec-1] s.w.s.m.m.a.RequestMappingHandlerMapping : Mapped to org.springframework.boot.autoconfigure.web.servlet.error.BasicErrorController#errorHtml(HttpServletRequest, HttpServletResponse)
2026-03-28T23:33:59.478+01:00 DEBUG 13099 --- [Pharmacies] [http-nio-8080-exec-1] o.s.w.s.v.ContentNegotiatingViewResolver : Selected 'text/html' given [text/html, text/html;q=0.8]
2026-03-28T23:33:59.478+01:00 TRACE 13099 --- [Pharmacies] [http-nio-8080-exec-1] o.s.web.servlet.DispatcherServlet        : Rendering view [org.springframework.boot.autoconfigure.web.servlet.error.ErrorMvcAutoConfiguration$StaticView@6d1073c3] 
2026-03-28T23:33:59.483+01:00 DEBUG 13099 --- [Pharmacies] [http-nio-8080-exec-1] o.s.web.servlet.DispatcherServlet        : Exiting from "ERROR" dispatch, status 404, headers={masked}
2026-03-28T23:33:59.500+01:00 TRACE 13099 --- [Pharmacies] [http-nio-8080-exec-6] o.s.web.servlet.DispatcherServlet        : GET "/favicon.ico", parameters={}, headers={masked} in DispatcherServlet 'dispatcherServlet'
2026-03-28T23:33:59.500+01:00 TRACE 13099 --- [Pharmacies] [http-nio-8080-exec-6] o.s.w.s.handler.SimpleUrlHandlerMapping  : Mapped to HandlerExecutionChain with [ResourceHttpRequestHandler [classpath [META-INF/resources/], classpath [resources/], classpath [static/], classpath [public/], ServletContext [/]]] and 4 interceptors
2026-03-28T23:33:59.501+01:00 DEBUG 13099 --- [Pharmacies] [http-nio-8080-exec-6] o.s.w.s.r.ResourceHttpRequestHandler     : Resource not found
2026-03-28T23:33:59.502+01:00 DEBUG 13099 --- [Pharmacies] [http-nio-8080-exec-6] .w.s.m.s.DefaultHandlerExceptionResolver : Resolved [org.springframework.web.servlet.resource.NoResourceFoundException: No static resource favicon.ico.]
2026-03-28T23:33:59.502+01:00 TRACE 13099 --- [Pharmacies] [http-nio-8080-exec-6] o.s.web.servlet.DispatcherServlet        : No view rendering, null ModelAndView returned.
2026-03-28T23:33:59.502+01:00 DEBUG 13099 --- [Pharmacies] [http-nio-8080-exec-6] o.s.web.servlet.DispatcherServlet        : Completed 404 NOT_FOUND, headers={masked}
2026-03-28T23:33:59.502+01:00 TRACE 13099 --- [Pharmacies] [http-nio-8080-exec-6] s.w.s.m.m.a.RequestMappingHandlerMapping : 2 matching mappings: [{ [/error]}, { [/error], produces [text/html]}]
2026-03-28T23:33:59.503+01:00 TRACE 13099 --- [Pharmacies] [http-nio-8080-exec-6] o.s.web.servlet.DispatcherServlet        : "ERROR" dispatch for GET "/error", parameters={}, headers={masked} in DispatcherServlet 'dispatcherServlet'
2026-03-28T23:33:59.503+01:00 TRACE 13099 --- [Pharmacies] [http-nio-8080-exec-6] s.w.s.m.m.a.RequestMappingHandlerMapping : 2 matching mappings: [{ [/error]}, { [/error], produces [text/html]}]
2026-03-28T23:33:59.503+01:00 TRACE 13099 --- [Pharmacies] [http-nio-8080-exec-6] s.w.s.m.m.a.RequestMappingHandlerMapping : Mapped to org.springframework.boot.autoconfigure.web.servlet.error.BasicErrorController#error(HttpServletRequest)
2026-03-28T23:33:59.504+01:00 DEBUG 13099 --- [Pharmacies] [http-nio-8080-exec-6] o.s.w.s.m.m.a.HttpEntityMethodProcessor  : Using 'application/json;q=0.5', given [image/avif, image/webp, image/png, image/svg+xml, image/*;q=0.8, */*;q=0.5] and supported [application/json, application/*+json]
2026-03-28T23:33:59.505+01:00 TRACE 13099 --- [Pharmacies] [http-nio-8080-exec-6] o.s.w.s.m.m.a.HttpEntityMethodProcessor  : Writing [{timestamp=Sat Mar 28 23:33:59 WAT 2026, status=404, error=Not Found, trace=org.springframework.web.servlet.resource.NoResourceFoundException: No static resource favicon.ico.
	at org.springframework.web.servlet.resource.ResourceHttpRequestHandler.handleRequest(ResourceHttpRequestHandler.java:585)
	at org.springframework.web.servlet.mvc.HttpRequestHandlerAdapter.handle(HttpRequestHandlerAdapter.java:52)
	at org.springframework.web.servlet.DispatcherServlet.doDispatch(DispatcherServlet.java:1089)
	at org.springframework.web.servlet.DispatcherServlet.doService(DispatcherServlet.java:979)
	at org.springframework.web.servlet.FrameworkServlet.processRequest(FrameworkServlet.java:1014)
	at org.springframework.web.servlet.FrameworkServlet.doGet(FrameworkServlet.java:903)
	at jakarta.servlet.http.HttpServlet.service(HttpServlet.java:564)
	at org.springframework.web.servlet.FrameworkServlet.service(FrameworkServlet.java:885)
	at jakarta.servlet.http.HttpServlet.service(HttpServlet.java:658)
	at org.apache.catalina.core.ApplicationFilterChain.internalDoFilter(ApplicationFilterChain.java:195)
	at org.apache.catalina.core.ApplicationFilterChain.doFilter(ApplicationFilterChain.java:140)
	at org.apache.tomcat.websocket.server.WsFilter.doFilter(WsFilter.java:51)
	at org.apache.catalina.core.ApplicationFilterChain.internalDoFilter(ApplicationFilterChain.java:164)
	at org.apache.catalina.core.ApplicationFilterChain.doFilter(ApplicationFilterChain.java:140)
	at org.springframework.web.filter.CompositeFilter$VirtualFilterChain.doFilter(CompositeFilter.java:108)
	at org.springframework.web.filter.CompositeFilter$VirtualFilterChain.doFilter(CompositeFilter.java:108)
	at org.springframework.security.web.FilterChainProxy.lambda$doFilterInternal$3(FilterChainProxy.java:231)
	at org.springframework.security.web.FilterChainProxy$VirtualFilterChain.doFilter(FilterChainProxy.java:365)
	at org.springframework.security.web.access.intercept.AuthorizationFilter.doFilter(AuthorizationFilter.java:101)
	at org.springframework.security.web.FilterChainProxy$VirtualFilterChain.doFilter(FilterChainProxy.java:374)
	at org.springframework.security.web.access.ExceptionTranslationFilter.doFilter(ExceptionTranslationFilter.java:125)
	at org.springframework.security.web.access.ExceptionTranslationFilter.doFilter(ExceptionTranslationFilter.java:119)
	at org.springframework.security.web.FilterChainProxy$VirtualFilterChain.doFilter(FilterChainProxy.java:374)
	at org.springframework.security.web.session.SessionManagementFilter.doFilter(SessionManagementFilter.java:131)
	at org.springframework.security.web.session.SessionManagementFilter.doFilter(SessionManagementFilter.java:85)
	at org.springframework.security.web.FilterChainProxy$VirtualFilterChain.doFilter(FilterChainProxy.java:374)
	at org.springframework.security.web.authentication.AnonymousAuthenticationFilter.doFilter(AnonymousAuthenticationFilter.java:100)
	at org.springframework.security.web.FilterChainProxy$VirtualFilterChain.doFilter(FilterChainProxy.java:374)
	at org.springframework.security.web.servletapi.SecurityContextHolderAwareRequestFilter.doFilter(SecurityContextHolderAwareRequestFilter.java:179)
	at org.springframework.security.web.FilterChainProxy$VirtualFilterChain.doFilter(FilterChainProxy.java:374)
	at org.springframework.security.web.savedrequest.RequestCacheAwareFilter.doFilter(RequestCacheAwareFilter.java:63)
	at org.springframework.security.web.FilterChainProxy$VirtualFilterChain.doFilter(FilterChainProxy.java:374)
	at org.springframework.security.web.authentication.AbstractAuthenticationProcessingFilter.doFilter(AbstractAuthenticationProcessingFilter.java:235)
	at org.springframework.security.web.authentication.AbstractAuthenticationProcessingFilter.doFilter(AbstractAuthenticationProcessingFilter.java:229)
	at org.springframework.security.web.FilterChainProxy$VirtualFilterChain.doFilter(FilterChainProxy.java:374)
	at com.gestion.invoice.filter.JwtAuthorizationFilter.doFilterInternal(JwtAuthorizationFilter.java:68)
	at org.springframework.web.filter.OncePerRequestFilter.doFilter(OncePerRequestFilter.java:116)
	at org.springframework.security.web.FilterChainProxy$VirtualFilterChain.doFilter(FilterChainProxy.java:374)
	at org.springframework.security.web.authentication.logout.LogoutFilter.doFilter(LogoutFilter.java:107)
	at org.springframework.security.web.authentication.logout.LogoutFilter.doFilter(LogoutFilter.java:93)
	at org.springframework.security.web.FilterChainProxy$VirtualFilterChain.doFilter(FilterChainProxy.java:374)
	at org.springframework.web.filter.CorsFilter.doFilterInternal(CorsFilter.java:91)
	at org.springframework.web.filter.OncePerRequestFilter.doFilter(OncePerRequestFilter.java:116)
	at org.springframework.security.web.FilterChainProxy$VirtualFilterChain.doFilter(FilterChainProxy.java:374)
	at org.springframework.security.web.header.HeaderWriterFilter.doHeadersAfter(HeaderWriterFilter.java:90)
	at org.springframework.security.web.header.HeaderWriterFilter.doFilterInternal(HeaderWriterFilter.java:75)
	at org.springframework.web.filter.OncePerRequestFilter.doFilter(OncePerRequestFilter.java:116)
	at org.springframework.security.web.FilterChainProxy$VirtualFilterChain.doFilter(FilterChainProxy.java:374)
	at org.springframework.security.web.context.SecurityContextHolderFilter.doFilter(SecurityContextHolderFilter.java:82)
	at org.springframework.security.web.context.SecurityContextHolderFilter.doFilter(SecurityContextHolderFilter.java:69)
	at org.springframework.security.web.FilterChainProxy$VirtualFilterChain.doFilter(FilterChainProxy.java:374)
	at org.springframework.security.web.context.request.async.WebAsyncManagerIntegrationFilter.doFilterInternal(WebAsyncManagerIntegrationFilter.java:62)
	at org.springframework.web.filter.OncePerRequestFilter.doFilter(OncePerRequestFilter.java:116)
	at org.springframework.security.web.FilterChainProxy$VirtualFilterChain.doFilter(FilterChainProxy.java:374)
	at org.springframework.security.web.session.DisableEncodeUrlFilter.doFilterInternal(DisableEncodeUrlFilter.java:42)
	at org.springframework.web.filter.OncePerRequestFilter.doFilter(OncePerRequestFilter.java:116)
	at org.springframework.security.web.FilterChainProxy$VirtualFilterChain.doFilter(FilterChainProxy.java:374)
	at org.springframework.security.web.FilterChainProxy.doFilterInternal(FilterChainProxy.java:233)
	at org.springframework.security.web.FilterChainProxy.doFilter(FilterChainProxy.java:191)
	at org.springframework.web.filter.CompositeFilter$VirtualFilterChain.doFilter(CompositeFilter.java:113)
	at org.springframework.web.filter.ServletRequestPathFilter.doFilter(ServletRequestPathFilter.java:52)
	at org.springframework.web.filter.CompositeFilter$VirtualFilterChain.doFilter(CompositeFilter.java:113)
	at org.springframework.web.filter.CompositeFilter.doFilter(CompositeFilter.java:74)
	at org.springframework.security.config.annotation.web.configuration.WebSecurityConfiguration$CompositeFilterChainProxy.doFilter(WebSecurityConfiguration.java:319)
	at org.springframework.web.filter.CompositeFilter$VirtualFilterChain.doFilter(CompositeFilter.java:113)
	at org.springframework.web.servlet.handler.HandlerMappingIntrospector.lambda$createCacheFilter$4(HandlerMappingIntrospector.java:267)
	at org.springframework.web.filter.CompositeFilter$VirtualFilterChain.doFilter(CompositeFilter.java:113)
	at org.springframework.web.filter.CompositeFilter.doFilter(CompositeFilter.java:74)
	at org.springframework.security.config.annotation.web.configuration.WebMvcSecurityConfiguration$CompositeFilterChainProxy.doFilter(WebMvcSecurityConfiguration.java:240)
	at org.springframework.web.filter.DelegatingFilterProxy.invokeDelegate(DelegatingFilterProxy.java:362)
	at org.springframework.web.filter.DelegatingFilterProxy.doFilter(DelegatingFilterProxy.java:278)
	at org.apache.catalina.core.ApplicationFilterChain.internalDoFilter(ApplicationFilterChain.java:164)
	at org.apache.catalina.core.ApplicationFilterChain.doFilter(ApplicationFilterChain.java:140)
	at org.springframework.web.filter.RequestContextFilter.doFilterInternal(RequestContextFilter.java:100)
	at org.springframework.web.filter.OncePerRequestFilter.doFilter(OncePerRequestFilter.java:116)
	at org.apache.catalina.core.ApplicationFilterChain.internalDoFilter(ApplicationFilterChain.java:164)
	at org.apache.catalina.core.ApplicationFilterChain.doFilter(ApplicationFilterChain.java:140)
	at org.springframework.web.filter.FormContentFilter.doFilterInternal(FormContentFilter.java:93)
	at org.springframework.web.filter.OncePerRequestFilter.doFilter(OncePerRequestFilter.java:116)
	at org.apache.catalina.core.ApplicationFilterChain.internalDoFilter(ApplicationFilterChain.java:164)
	at org.apache.catalina.core.ApplicationFilterChain.doFilter(ApplicationFilterChain.java:140)
	at org.springframework.web.filter.CharacterEncodingFilter.doFilterInternal(CharacterEncodingFilter.java:201)
	at org.springframework.web.filter.OncePerRequestFilter.doFilter(OncePerRequestFilter.java:116)
	at org.apache.catalina.core.ApplicationFilterChain.internalDoFilter(ApplicationFilterChain.java:164)
	at org.apache.catalina.core.ApplicationFilterChain.doFilter(ApplicationFilterChain.java:140)
	at org.apache.catalina.core.StandardWrapperValve.invoke(StandardWrapperValve.java:167)
	at org.apache.catalina.core.StandardContextValve.invoke(StandardContextValve.java:90)
	at org.apache.catalina.authenticator.AuthenticatorBase.invoke(AuthenticatorBase.java:483)
	at org.apache.catalina.core.StandardHostValve.invoke(StandardHostValve.java:116)
	at org.apache.catalina.valves.ErrorReportValve.invoke(ErrorReportValve.java:93)
	at org.apache.catalina.core.StandardEngineValve.invoke(StandardEngineValve.java:74)
	at org.apache.catalina.connector.CoyoteAdapter.service(CoyoteAdapter.java:344)
	at org.apache.coyote.http11.Http11Processor.service(Http11Processor.java:398)
	at org.apache.coyote.AbstractProcessorLight.process(AbstractProcessorLight.java:63)
	at org.apache.coyote.AbstractProtocol$ConnectionHandler.process(AbstractProtocol.java:903)
	at org.apache.tomcat.util.net.NioEndpoint$SocketProcessor.doRun(NioEndpoint.java:1776)
	at org.apache.tomcat.util.net.SocketProcessorBase.run(SocketProcessorBase.java:52)
	at org.apache.tomcat.util.threads.ThreadPoolExecutor.runWorker(ThreadPoolExecutor.java:975)
	at org.apache.tomcat.util.threads.ThreadPoolExecutor$Worker.run(ThreadPoolExecutor.java:493)
	at org.apache.tomcat.util.threads.TaskThread$WrappingRunnable.run(TaskThread.java:63)
	at java.base/java.lang.Thread.run(Thread.java:840)
, message=No static resource favicon.ico., path=/favicon.ico}]
2026-03-28T23:33:59.511+01:00 TRACE 13099 --- [Pharmacies] [http-nio-8080-exec-6] o.s.web.servlet.DispatcherServlet        : No view rendering, null ModelAndView returned.
2026-03-28T23:33:59.511+01:00 DEBUG 13099 --- [Pharmacies] [http-nio-8080-exec-6] o.s.web.servlet.DispatcherServlet        : Exiting from "ERROR" dispatch, status 404, headers={masked}
2026-03-28T23:52:31.112+01:00  INFO 13099 --- [Pharmacies] [SpringApplicationShutdownHook] o.s.b.w.e.tomcat.GracefulShutdown        : Commencing graceful shutdown. Waiting for active requests to complete
2026-03-28T23:52:31.116+01:00  INFO 13099 --- [Pharmacies] [tomcat-shutdown] o.s.b.w.e.tomcat.GracefulShutdown        : Graceful shutdown complete
2026-03-28T23:52:31.126+01:00  INFO 13099 --- [Pharmacies] [SpringApplicationShutdownHook] j.LocalContainerEntityManagerFactoryBean : Closing JPA EntityManagerFactory for persistence unit 'default'
2026-03-28T23:52:31.131+01:00  INFO 13099 --- [Pharmacies] [SpringApplicationShutdownHook] com.zaxxer.hikari.HikariDataSource       : HikariPool-1 - Shutdown initiated...
2026-03-28T23:52:31.133+01:00  INFO 13099 --- [Pharmacies] [SpringApplicationShutdownHook] com.zaxxer.hikari.HikariDataSource       : HikariPool-1 - Shutdown completed.
2026-03-28T23:52:56.469+01:00  INFO 16607 --- [Pharmacies] [main] c.gestion.invoice.JwtApplicationTests    : Starting JwtApplicationTests using Java 17.0.18 with PID 16607 (started by thierry in /home/thierry/Clients/fullstock/gestions/Pharmacies)
2026-03-28T23:52:56.470+01:00 DEBUG 16607 --- [Pharmacies] [main] c.gestion.invoice.JwtApplicationTests    : Running with Spring Boot v3.5.6, Spring v6.2.11
2026-03-28T23:52:56.471+01:00  INFO 16607 --- [Pharmacies] [main] c.gestion.invoice.JwtApplicationTests    : No active profile set, falling back to 1 default profile: "default"
2026-03-28T23:52:56.504+01:00 DEBUG 16607 --- [Pharmacies] [main] o.s.w.c.s.GenericWebApplicationContext   : Refreshing org.springframework.web.context.support.GenericWebApplicationContext@678040b3
2026-03-28T23:52:57.130+01:00  INFO 16607 --- [Pharmacies] [main] .s.d.r.c.RepositoryConfigurationDelegate : Bootstrapping Spring Data JPA repositories in DEFAULT mode.
2026-03-28T23:52:57.213+01:00  INFO 16607 --- [Pharmacies] [main] .s.d.r.c.RepositoryConfigurationDelegate : Finished Spring Data repository scanning in 75 ms. Found 13 JPA repository interfaces.
2026-03-28T23:52:57.764+01:00  INFO 16607 --- [Pharmacies] [main] o.hibernate.jpa.internal.util.LogHelper  : HHH000204: Processing PersistenceUnitInfo [name: default]
2026-03-28T23:52:57.801+01:00  INFO 16607 --- [Pharmacies] [main] org.hibernate.Version                    : HHH000412: Hibernate ORM core version 6.6.29.Final
2026-03-28T23:52:57.834+01:00  INFO 16607 --- [Pharmacies] [main] o.h.c.internal.RegionFactoryInitiator    : HHH000026: Second-level cache disabled
2026-03-28T23:52:58.051+01:00  INFO 16607 --- [Pharmacies] [main] o.s.o.j.p.SpringPersistenceUnitInfo      : No LoadTimeWeaver setup: ignoring JPA class transformer
2026-03-28T23:52:58.074+01:00  INFO 16607 --- [Pharmacies] [main] com.zaxxer.hikari.HikariDataSource       : HikariPool-1 - Starting...
2026-03-28T23:52:58.224+01:00  INFO 16607 --- [Pharmacies] [main] com.zaxxer.hikari.pool.HikariPool        : HikariPool-1 - Added connection com.mysql.cj.jdbc.ConnectionImpl@566f4659
2026-03-28T23:52:58.226+01:00  INFO 16607 --- [Pharmacies] [main] com.zaxxer.hikari.HikariDataSource       : HikariPool-1 - Start completed.
2026-03-28T23:52:58.273+01:00  WARN 16607 --- [Pharmacies] [main] org.hibernate.dialect.Dialect            : HHH000511: The 5.5.5 version for [org.hibernate.dialect.MySQLDialect] is no longer supported, hence certain features may not work properly. The minimum supported version is 8.0.0. Check the community dialects project for available legacy versions.
2026-03-28T23:52:58.294+01:00  INFO 16607 --- [Pharmacies] [main] org.hibernate.orm.connections.pooling    : HHH10001005: Database info:
	Database JDBC URL [Connecting through datasource 'HikariDataSource (HikariPool-1)']
	Database driver: undefined/unknown
	Database version: 5.5.5
	Autocommit mode: undefined/unknown
	Isolation level: undefined/unknown
	Minimum pool size: undefined/unknown
	Maximum pool size: undefined/unknown
2026-03-28T23:52:59.236+01:00  INFO 16607 --- [Pharmacies] [main] o.h.e.t.j.p.i.JtaPlatformInitiator       : HHH000489: No JTA platform available (set 'hibernate.transaction.jta.platform' to enable JTA platform integration)
2026-03-28T23:52:59.347+01:00  INFO 16607 --- [Pharmacies] [main] j.LocalContainerEntityManagerFactoryBean : Initialized JPA EntityManagerFactory for persistence unit 'default'
2026-03-28T23:52:59.699+01:00  INFO 16607 --- [Pharmacies] [main] o.s.d.j.r.query.QueryEnhancerFactory     : Hibernate is in classpath; If applicable, HQL parser will be used.
2026-03-28T23:53:01.433+01:00  INFO 16607 --- [Pharmacies] [main] r$InitializeUserDetailsManagerConfigurer : Global AuthenticationManager configured with UserDetailsService bean with name userDetailsService
2026-03-28T23:53:01.455+01:00  WARN 16607 --- [Pharmacies] [main] JpaBaseConfiguration$JpaWebConfiguration : spring.jpa.open-in-view is enabled by default. Therefore, database queries may be performed during view rendering. Explicitly configure spring.jpa.open-in-view to disable this warning
2026-03-28T23:53:01.582+01:00  INFO 16607 --- [Pharmacies] [main] o.s.b.a.w.s.WelcomePageHandlerMapping    : Adding welcome page: class path resource [static/index.html]
2026-03-28T23:53:01.620+01:00 TRACE 16607 --- [Pharmacies] [main] s.w.s.m.m.a.RequestMappingHandlerMapping : 
	c.g.i.c.CategorieController:
	{GET [/api/v1/categorie/all]}: allCategories()
	{PUT [/api/v1/categorie/update/{id}]}: updateCategorie(Long,CategorieProduit)
	{DELETE [/api/v1/categorie/delete/{id}]}: deleteCategorie(Long)
	{POST [/api/v1/categorie/add]}: addCategorie(CategorieProduit)
2026-03-28T23:53:01.627+01:00 TRACE 16607 --- [Pharmacies] [main] s.w.s.m.m.a.RequestMappingHandlerMapping : 
	c.g.i.c.ClientController:
	{POST [/api/v1/client/add]}: addClient(Client)
	{PUT [/api/v1/client/update/{id}]}: updateClient(Long,Client)
	{DELETE [/api/v1/client/delete/{id}]}: deleteClient(Long)
	{GET [/api/v1/client/all]}: getAllClients()
2026-03-28T23:53:01.629+01:00 TRACE 16607 --- [Pharmacies] [main] s.w.s.m.m.a.RequestMappingHandlerMapping : 
	c.g.i.c.CpteTicketsController:
	{GET [/api/v1/compteurticket]}: generateTk()
2026-03-28T23:53:01.631+01:00 TRACE 16607 --- [Pharmacies] [main] s.w.s.m.m.a.RequestMappingHandlerMapping : 
	c.g.i.c.DetailsVenteController:
	{PUT [/api/v1/detailsticket/update/{id}]}: updateDetailsTicket(Long,DetailsVentes)
	{POST [/api/v1/detailsticket/add]}: addDetailsTicket(DetailsVentes)
	{DELETE [/api/v1/detailsticket/delete/{id}]}: deleteDetailsTicket(Long)
	{PUT [/api/v1/detailsticket/disable/{produitId}/{ticketCode}]}: deleteDetailsTicketByProduit(Long,String)
	{PUT [/api/v1/detailsticket/finaliser/{codeTicket}]}: finaliserTicket(String,FinaliserTicketDTO)
	{GET [/api/v1/detailsticket/all]}: allDetailsTickets()
2026-03-28T23:53:01.634+01:00 TRACE 16607 --- [Pharmacies] [main] s.w.s.m.m.a.RequestMappingHandlerMapping : 
	c.g.i.c.EntreeStockController:
	{GET [/api/v1/entree-stock/search]}: searchEntrees(String,Pageable)
	{POST [/api/v1/entree-stock/add]}: addEntreeStock(EntreeStock)
	{GET [/api/v1/entree-stock/all]}: allEntrees()
	{GET [/api/v1/entree-stock]}: allEntrees(Pageable)
	{PUT [/api/v1/entree-stock/update/{id}]}: updateEntreeStock(Long,EntreeStock)
	{DELETE [/api/v1/entree-stock/delete/{id}]}: deleteEntreeStock(Long)
2026-03-28T23:53:01.638+01:00 TRACE 16607 --- [Pharmacies] [main] s.w.s.m.m.a.RequestMappingHandlerMapping : 
	c.g.i.c.FournisseurController:
	{POST [/api/v1/fournisseur/add]}: addFournisseur(Fournisseur)
	{PUT [/api/v1/fournisseur/update/{id}]}: updateFournisseur(Long,Fournisseur)
	{DELETE [/api/v1/fournisseur/delete/{id}]}: deleteFournisseur(Long)
	{GET [/api/v1/fournisseur/all]}: allFournisseurs()
2026-03-28T23:53:01.640+01:00 TRACE 16607 --- [Pharmacies] [main] s.w.s.m.m.a.RequestMappingHandlerMapping : 
	c.g.i.c.MesVenteController:
	{GET [/api/v1/mesventes/actives]}: getVentesActives(String,Long,String,String,int,int)
	{GET [/api/v1/mesventes/jour/by-phone/{phone}]}: getVentesDuJourByPhone(String)
	{POST [/api/v1/mesventes/annuler/{id}]}: annulerVente(Long)
2026-03-28T23:53:01.642+01:00 TRACE 16607 --- [Pharmacies] [main] s.w.s.m.m.a.RequestMappingHandlerMapping : 
	c.g.i.c.NomProduitController:
	{GET [/api/v1/nomproduit/all]}: allNomProduits()
	{POST [/api/v1/nomproduit/add]}: addNomProduit(NomProduit)
	{PUT [/api/v1/nomproduit/{id}]}: updateNomProduit(Long,NomProduit)
	{DELETE [/api/v1/nomproduit/{id}]}: deleteNomProduit(Long)
	{GET [/api/v1/nomproduit/search]}: searchNomProduit(String)
	{GET [/api/v1/nomproduit/{id}]}: getNomProduit(Long)
2026-03-28T23:53:01.644+01:00 TRACE 16607 --- [Pharmacies] [main] s.w.s.m.m.a.RequestMappingHandlerMapping : 
	c.g.i.c.PresentationController:
	{POST [/api/v1/presentation/add]}: create(Presentation)
	{GET [/api/v1/presentation/all]}: getAll()
	{PUT [/api/v1/presentation/{id}]}: updatePresentation(Long,Presentation)
	{DELETE [/api/v1/presentation/{id}]}: deletePresentation(Long)
2026-03-28T23:53:01.646+01:00 TRACE 16607 --- [Pharmacies] [main] s.w.s.m.m.a.RequestMappingHandlerMapping : 
	c.g.i.c.ProduitController:
	{POST [/api/v1/produit/add]}: addProduit(Produit)
	{PUT [/api/v1/produit/update/{id}]}: updateProduit(Long,Produit)
	{DELETE [/api/v1/produit/delete/{id}]}: deleteProduit(Long)
	{GET [/api/v1/produit/search]}: searchProduits(String,Pageable)
	{GET [/api/v1/produit/all]}: allProduits()
	{GET [/api/v1/produit]}: allProduits(Pageable)
	{GET [/api/v1/produit/stats/{produitId}]}: getProduitStats(Long)
2026-03-28T23:53:01.648+01:00 TRACE 16607 --- [Pharmacies] [main] s.w.s.m.m.a.RequestMappingHandlerMapping : 
	c.g.i.c.RecuPdfController:
	{GET [/api/v1/tickets/{codeTicket}/pdf]}: getOrCreatePdf(String)
	{GET [/api/v1/tickets/recu/all]}: getAllRecus(int,int)
	{DELETE [/api/v1/tickets/recu/{codeTicket}]}: deleteRecu(String)
2026-03-28T23:53:01.650+01:00 TRACE 16607 --- [Pharmacies] [main] s.w.s.m.m.a.RequestMappingHandlerMapping : 
	c.g.i.c.UserController:
	{POST [/api/v1/users/auth/login]}: login(Map,HttpServletRequest)
	{POST [/api/v1/users]}: addUser(AppUser)
	{POST [/api/v1/users/roles]}: addRole(AppRole)
	{PUT [/api/v1/users/{telephone}]}: updateUser(String,AppUser)
	{POST [/api/v1/users/auth/change-password]}: changePassword(Map)
	{GET [/api/v1/users]}: getAllUsers()
	{POST [/api/v1/users/addRoleToUser]}: addRoleToUser(UserToRole)
2026-03-28T23:53:01.652+01:00 TRACE 16607 --- [Pharmacies] [main] s.w.s.m.m.a.RequestMappingHandlerMapping : 
	c.g.i.c.VenteController:
	{PUT [/api/v1/ticket/update/{id}]}: updateTicket(Long,Vente)
	{DELETE [/api/v1/ticket/delete/{id}]}: deleteTicket(Long)
	{POST [/api/v1/ticket/create]}: createTicket(VenteCreateDTO)
	{GET [/api/v1/ticket/all]}: allTickets()
	{GET [/api/v1/ticket]}: allTickets(Pageable)
	{GET [/api/v1/ticket/find/{code}]}: findByCode(String)
2026-03-28T23:53:01.656+01:00 TRACE 16607 --- [Pharmacies] [main] s.w.s.m.m.a.RequestMappingHandlerMapping : 
	o.s.b.a.w.s.e.BasicErrorController:
	{ [/error]}: error(HttpServletRequest)
	{ [/error], produces [text/html]}: errorHtml(HttpServletRequest,HttpServletResponse)
2026-03-28T23:53:01.659+01:00 DEBUG 16607 --- [Pharmacies] [main] s.w.s.m.m.a.RequestMappingHandlerMapping : 63 mappings in 'requestMappingHandlerMapping'
2026-03-28T23:53:01.670+01:00 DEBUG 16607 --- [Pharmacies] [main] o.s.w.s.h.BeanNameUrlHandlerMapping      : Detected 0 mappings in 'beanNameHandlerMapping'
2026-03-28T23:53:01.774+01:00 TRACE 16607 --- [Pharmacies] [main] o.s.w.s.f.support.RouterFunctionMapping  : 0 RouterFunction(s) in 'routerFunctionMapping'
2026-03-28T23:53:01.788+01:00 TRACE 16607 --- [Pharmacies] [main] o.s.w.s.handler.SimpleUrlHandlerMapping  : Mapped [/webjars/**] onto ResourceHttpRequestHandler [classpath [META-INF/resources/webjars/]]
2026-03-28T23:53:01.788+01:00 TRACE 16607 --- [Pharmacies] [main] o.s.w.s.handler.SimpleUrlHandlerMapping  : Mapped [/**] onto ResourceHttpRequestHandler [classpath [META-INF/resources/], classpath [resources/], classpath [static/], classpath [public/], ServletContext [/]]
2026-03-28T23:53:01.789+01:00 DEBUG 16607 --- [Pharmacies] [main] o.s.w.s.handler.SimpleUrlHandlerMapping  : Patterns [/webjars/**, /**] in 'resourceHandlerMapping'
2026-03-28T23:53:01.968+01:00 DEBUG 16607 --- [Pharmacies] [main] s.w.s.m.m.a.RequestMappingHandlerAdapter : ControllerAdvice beans: 0 @ModelAttribute, 0 @InitBinder, 1 RequestBodyAdvice, 1 ResponseBodyAdvice
2026-03-28T23:53:02.011+01:00  WARN 16607 --- [Pharmacies] [main] ion$DefaultTemplateResolverConfiguration : Cannot find template location: classpath:/templates/ (please add some templates, check your Thymeleaf configuration, or set spring.thymeleaf.check-template-location=false)
2026-03-28T23:53:02.042+01:00 DEBUG 16607 --- [Pharmacies] [main] .m.m.a.ExceptionHandlerExceptionResolver : ControllerAdvice beans: 1 @ExceptionHandler, 1 ResponseBodyAdvice
2026-03-28T23:53:02.199+01:00  INFO 16607 --- [Pharmacies] [main] c.gestion.invoice.JwtApplicationTests    : Started JwtApplicationTests in 6.042 seconds (process running for 6.89)
2026-03-28T23:53:02.622+01:00 DEBUG 16607 --- [Pharmacies] [SpringApplicationShutdownHook] o.s.w.c.s.GenericWebApplicationContext   : Closing org.springframework.web.context.support.GenericWebApplicationContext@678040b3, started on Sat Mar 28 23:52:56 WAT 2026
2026-03-28T23:53:02.631+01:00  INFO 16607 --- [Pharmacies] [SpringApplicationShutdownHook] j.LocalContainerEntityManagerFactoryBean : Closing JPA EntityManagerFactory for persistence unit 'default'
2026-03-28T23:53:02.635+01:00  INFO 16607 --- [Pharmacies] [SpringApplicationShutdownHook] com.zaxxer.hikari.HikariDataSource       : HikariPool-1 - Shutdown initiated...
2026-03-28T23:53:02.644+01:00  INFO 16607 --- [Pharmacies] [SpringApplicationShutdownHook] com.zaxxer.hikari.HikariDataSource       : HikariPool-1 - Shutdown completed.
2026-03-29T21:26:45.890+01:00  INFO 31994 --- [Pharmacies] [main] c.gestion.invoice.JwtApplicationTests    : Starting JwtApplicationTests using Java 17.0.18 with PID 31994 (started by thierry in /home/thierry/Clients/fullstock/Backend)
2026-03-29T21:26:45.892+01:00 DEBUG 31994 --- [Pharmacies] [main] c.gestion.invoice.JwtApplicationTests    : Running with Spring Boot v3.5.6, Spring v6.2.11
2026-03-29T21:26:45.894+01:00  INFO 31994 --- [Pharmacies] [main] c.gestion.invoice.JwtApplicationTests    : No active profile set, falling back to 1 default profile: "default"
2026-03-29T21:26:45.967+01:00 DEBUG 31994 --- [Pharmacies] [main] o.s.w.c.s.GenericWebApplicationContext   : Refreshing org.springframework.web.context.support.GenericWebApplicationContext@678040b3
2026-03-29T21:26:47.310+01:00  INFO 31994 --- [Pharmacies] [main] .s.d.r.c.RepositoryConfigurationDelegate : Bootstrapping Spring Data JPA repositories in DEFAULT mode.
2026-03-29T21:26:47.479+01:00  INFO 31994 --- [Pharmacies] [main] .s.d.r.c.RepositoryConfigurationDelegate : Finished Spring Data repository scanning in 154 ms. Found 13 JPA repository interfaces.
2026-03-29T21:26:48.483+01:00  INFO 31994 --- [Pharmacies] [main] o.hibernate.jpa.internal.util.LogHelper  : HHH000204: Processing PersistenceUnitInfo [name: default]
2026-03-29T21:26:48.609+01:00  INFO 31994 --- [Pharmacies] [main] org.hibernate.Version                    : HHH000412: Hibernate ORM core version 6.6.29.Final
2026-03-29T21:26:48.702+01:00  INFO 31994 --- [Pharmacies] [main] o.h.c.internal.RegionFactoryInitiator    : HHH000026: Second-level cache disabled
2026-03-29T21:26:49.245+01:00  INFO 31994 --- [Pharmacies] [main] o.s.o.j.p.SpringPersistenceUnitInfo      : No LoadTimeWeaver setup: ignoring JPA class transformer
2026-03-29T21:26:49.304+01:00  INFO 31994 --- [Pharmacies] [main] com.zaxxer.hikari.HikariDataSource       : HikariPool-1 - Starting...
2026-03-29T21:26:49.613+01:00  INFO 31994 --- [Pharmacies] [main] com.zaxxer.hikari.pool.HikariPool        : HikariPool-1 - Added connection com.mysql.cj.jdbc.ConnectionImpl@61c5fd78
2026-03-29T21:26:49.616+01:00  INFO 31994 --- [Pharmacies] [main] com.zaxxer.hikari.HikariDataSource       : HikariPool-1 - Start completed.
2026-03-29T21:26:49.711+01:00  WARN 31994 --- [Pharmacies] [main] org.hibernate.dialect.Dialect            : HHH000511: The 5.5.5 version for [org.hibernate.dialect.MySQLDialect] is no longer supported, hence certain features may not work properly. The minimum supported version is 8.0.0. Check the community dialects project for available legacy versions.
2026-03-29T21:26:49.751+01:00  INFO 31994 --- [Pharmacies] [main] org.hibernate.orm.connections.pooling    : HHH10001005: Database info:
	Database JDBC URL [Connecting through datasource 'HikariDataSource (HikariPool-1)']
	Database driver: undefined/unknown
	Database version: 5.5.5
	Autocommit mode: undefined/unknown
	Isolation level: undefined/unknown
	Minimum pool size: undefined/unknown
	Maximum pool size: undefined/unknown
2026-03-29T21:26:51.790+01:00  INFO 31994 --- [Pharmacies] [main] o.h.e.t.j.p.i.JtaPlatformInitiator       : HHH000489: No JTA platform available (set 'hibernate.transaction.jta.platform' to enable JTA platform integration)
2026-03-29T21:26:51.984+01:00  INFO 31994 --- [Pharmacies] [main] j.LocalContainerEntityManagerFactoryBean : Initialized JPA EntityManagerFactory for persistence unit 'default'
2026-03-29T21:26:52.647+01:00  INFO 31994 --- [Pharmacies] [main] o.s.d.j.r.query.QueryEnhancerFactory     : Hibernate is in classpath; If applicable, HQL parser will be used.
2026-03-29T21:26:56.133+01:00  INFO 31994 --- [Pharmacies] [main] r$InitializeUserDetailsManagerConfigurer : Global AuthenticationManager configured with UserDetailsService bean with name userDetailsService
2026-03-29T21:26:56.176+01:00  WARN 31994 --- [Pharmacies] [main] JpaBaseConfiguration$JpaWebConfiguration : spring.jpa.open-in-view is enabled by default. Therefore, database queries may be performed during view rendering. Explicitly configure spring.jpa.open-in-view to disable this warning
2026-03-29T21:26:56.468+01:00  INFO 31994 --- [Pharmacies] [main] o.s.b.a.w.s.WelcomePageHandlerMapping    : Adding welcome page: class path resource [static/index.html]
2026-03-29T21:26:56.538+01:00 TRACE 31994 --- [Pharmacies] [main] s.w.s.m.m.a.RequestMappingHandlerMapping : 
	c.g.i.c.CategorieController:
	{POST [/api/v1/categorie/add]}: addCategorie(CategorieProduit)
	{GET [/api/v1/categorie/all]}: allCategories()
	{PUT [/api/v1/categorie/update/{id}]}: updateCategorie(Long,CategorieProduit)
	{DELETE [/api/v1/categorie/delete/{id}]}: deleteCategorie(Long)
2026-03-29T21:26:56.553+01:00 TRACE 31994 --- [Pharmacies] [main] s.w.s.m.m.a.RequestMappingHandlerMapping : 
	c.g.i.c.ClientController:
	{POST [/api/v1/client/add]}: addClient(Client)
	{PUT [/api/v1/client/update/{id}]}: updateClient(Long,Client)
	{DELETE [/api/v1/client/delete/{id}]}: deleteClient(Long)
	{GET [/api/v1/client/all]}: getAllClients()
2026-03-29T21:26:56.557+01:00 TRACE 31994 --- [Pharmacies] [main] s.w.s.m.m.a.RequestMappingHandlerMapping : 
	c.g.i.c.CpteTicketsController:
	{GET [/api/v1/compteurticket]}: generateTk()
2026-03-29T21:26:56.564+01:00 TRACE 31994 --- [Pharmacies] [main] s.w.s.m.m.a.RequestMappingHandlerMapping : 
	c.g.i.c.DetailsVenteController:
	{PUT [/api/v1/detailsticket/update/{id}]}: updateDetailsTicket(Long,DetailsVentes)
	{POST [/api/v1/detailsticket/add]}: addDetailsTicket(DetailsVentes)
	{DELETE [/api/v1/detailsticket/delete/{id}]}: deleteDetailsTicket(Long)
	{PUT [/api/v1/detailsticket/disable/{produitId}/{ticketCode}]}: deleteDetailsTicketByProduit(Long,String)
	{PUT [/api/v1/detailsticket/finaliser/{codeTicket}]}: finaliserTicket(String,FinaliserTicketDTO)
	{GET [/api/v1/detailsticket/all]}: allDetailsTickets()
2026-03-29T21:26:56.574+01:00 TRACE 31994 --- [Pharmacies] [main] s.w.s.m.m.a.RequestMappingHandlerMapping : 
	c.g.i.c.EntreeStockController:
	{GET [/api/v1/entree-stock/search]}: searchEntrees(String,Pageable)
	{POST [/api/v1/entree-stock/add]}: addEntreeStock(EntreeStock)
	{GET [/api/v1/entree-stock/all]}: allEntrees()
	{GET [/api/v1/entree-stock]}: allEntrees(Pageable)
	{PUT [/api/v1/entree-stock/update/{id}]}: updateEntreeStock(Long,EntreeStock)
	{DELETE [/api/v1/entree-stock/delete/{id}]}: deleteEntreeStock(Long)
2026-03-29T21:26:56.585+01:00 TRACE 31994 --- [Pharmacies] [main] s.w.s.m.m.a.RequestMappingHandlerMapping : 
	c.g.i.c.FournisseurController:
	{POST [/api/v1/fournisseur/add]}: addFournisseur(Fournisseur)
	{PUT [/api/v1/fournisseur/update/{id}]}: updateFournisseur(Long,Fournisseur)
	{DELETE [/api/v1/fournisseur/delete/{id}]}: deleteFournisseur(Long)
	{GET [/api/v1/fournisseur/all]}: allFournisseurs()
2026-03-29T21:26:56.590+01:00 TRACE 31994 --- [Pharmacies] [main] s.w.s.m.m.a.RequestMappingHandlerMapping : 
	c.g.i.c.MesVenteController:
	{GET [/api/v1/mesventes/actives]}: getVentesActives(String,Long,String,String,int,int)
	{GET [/api/v1/mesventes/jour/by-phone/{phone}]}: getVentesDuJourByPhone(String)
	{POST [/api/v1/mesventes/annuler/{id}]}: annulerVente(Long)
2026-03-29T21:26:56.596+01:00 TRACE 31994 --- [Pharmacies] [main] s.w.s.m.m.a.RequestMappingHandlerMapping : 
	c.g.i.c.NomProduitController:
	{GET [/api/v1/nomproduit/all]}: allNomProduits()
	{POST [/api/v1/nomproduit/add]}: addNomProduit(NomProduit)
	{PUT [/api/v1/nomproduit/{id}]}: updateNomProduit(Long,NomProduit)
	{DELETE [/api/v1/nomproduit/{id}]}: deleteNomProduit(Long)
	{GET [/api/v1/nomproduit/search]}: searchNomProduit(String)
	{GET [/api/v1/nomproduit/{id}]}: getNomProduit(Long)
2026-03-29T21:26:56.600+01:00 TRACE 31994 --- [Pharmacies] [main] s.w.s.m.m.a.RequestMappingHandlerMapping : 
	c.g.i.c.PresentationController:
	{POST [/api/v1/presentation/add]}: create(Presentation)
	{GET [/api/v1/presentation/all]}: getAll()
	{PUT [/api/v1/presentation/{id}]}: updatePresentation(Long,Presentation)
	{DELETE [/api/v1/presentation/{id}]}: deletePresentation(Long)
2026-03-29T21:26:56.605+01:00 TRACE 31994 --- [Pharmacies] [main] s.w.s.m.m.a.RequestMappingHandlerMapping : 
	c.g.i.c.ProduitController:
	{POST [/api/v1/produit/add]}: addProduit(Produit)
	{PUT [/api/v1/produit/update/{id}]}: updateProduit(Long,Produit)
	{DELETE [/api/v1/produit/delete/{id}]}: deleteProduit(Long)
	{GET [/api/v1/produit/search]}: searchProduits(String,Pageable)
	{GET [/api/v1/produit/all]}: allProduits()
	{GET [/api/v1/produit]}: allProduits(Pageable)
	{GET [/api/v1/produit/stats/{produitId}]}: getProduitStats(Long)
2026-03-29T21:26:56.610+01:00 TRACE 31994 --- [Pharmacies] [main] s.w.s.m.m.a.RequestMappingHandlerMapping : 
	c.g.i.c.RecuPdfController:
	{GET [/api/v1/tickets/{codeTicket}/pdf]}: getOrCreatePdf(String)
	{GET [/api/v1/tickets/recu/all]}: getAllRecus(int,int)
	{DELETE [/api/v1/tickets/recu/{codeTicket}]}: deleteRecu(String)
2026-03-29T21:26:56.614+01:00 TRACE 31994 --- [Pharmacies] [main] s.w.s.m.m.a.RequestMappingHandlerMapping : 
	c.g.i.c.UserController:
	{POST [/api/v1/users/auth/login]}: login(Map,HttpServletRequest)
	{POST [/api/v1/users]}: addUser(AppUser)
	{POST [/api/v1/users/roles]}: addRole(AppRole)
	{PUT [/api/v1/users/{telephone}]}: updateUser(String,AppUser)
	{POST [/api/v1/users/auth/change-password]}: changePassword(Map)
	{GET [/api/v1/users]}: getAllUsers()
	{POST [/api/v1/users/addRoleToUser]}: addRoleToUser(UserToRole)
2026-03-29T21:26:56.619+01:00 TRACE 31994 --- [Pharmacies] [main] s.w.s.m.m.a.RequestMappingHandlerMapping : 
	c.g.i.c.VenteController:
	{PUT [/api/v1/ticket/update/{id}]}: updateTicket(Long,Vente)
	{DELETE [/api/v1/ticket/delete/{id}]}: deleteTicket(Long)
	{POST [/api/v1/ticket/create]}: createTicket(VenteCreateDTO)
	{GET [/api/v1/ticket/all]}: allTickets()
	{GET [/api/v1/ticket]}: allTickets(Pageable)
	{GET [/api/v1/ticket/find/{code}]}: findByCode(String)
2026-03-29T21:26:56.627+01:00 TRACE 31994 --- [Pharmacies] [main] s.w.s.m.m.a.RequestMappingHandlerMapping : 
	o.s.b.a.w.s.e.BasicErrorController:
	{ [/error]}: error(HttpServletRequest)
	{ [/error], produces [text/html]}: errorHtml(HttpServletRequest,HttpServletResponse)
2026-03-29T21:26:56.632+01:00 DEBUG 31994 --- [Pharmacies] [main] s.w.s.m.m.a.RequestMappingHandlerMapping : 63 mappings in 'requestMappingHandlerMapping'
2026-03-29T21:26:56.671+01:00 DEBUG 31994 --- [Pharmacies] [main] o.s.w.s.h.BeanNameUrlHandlerMapping      : Detected 0 mappings in 'beanNameHandlerMapping'
2026-03-29T21:26:56.900+01:00 TRACE 31994 --- [Pharmacies] [main] o.s.w.s.f.support.RouterFunctionMapping  : 0 RouterFunction(s) in 'routerFunctionMapping'
2026-03-29T21:26:56.928+01:00 TRACE 31994 --- [Pharmacies] [main] o.s.w.s.handler.SimpleUrlHandlerMapping  : Mapped [/webjars/**] onto ResourceHttpRequestHandler [classpath [META-INF/resources/webjars/]]
2026-03-29T21:26:56.929+01:00 TRACE 31994 --- [Pharmacies] [main] o.s.w.s.handler.SimpleUrlHandlerMapping  : Mapped [/**] onto ResourceHttpRequestHandler [classpath [META-INF/resources/], classpath [resources/], classpath [static/], classpath [public/], ServletContext [/]]
2026-03-29T21:26:56.930+01:00 DEBUG 31994 --- [Pharmacies] [main] o.s.w.s.handler.SimpleUrlHandlerMapping  : Patterns [/webjars/**, /**] in 'resourceHandlerMapping'
2026-03-29T21:26:57.309+01:00 DEBUG 31994 --- [Pharmacies] [main] s.w.s.m.m.a.RequestMappingHandlerAdapter : ControllerAdvice beans: 0 @ModelAttribute, 0 @InitBinder, 1 RequestBodyAdvice, 1 ResponseBodyAdvice
2026-03-29T21:26:57.406+01:00  WARN 31994 --- [Pharmacies] [main] ion$DefaultTemplateResolverConfiguration : Cannot find template location: classpath:/templates/ (please add some templates, check your Thymeleaf configuration, or set spring.thymeleaf.check-template-location=false)
2026-03-29T21:26:57.485+01:00 DEBUG 31994 --- [Pharmacies] [main] .m.m.a.ExceptionHandlerExceptionResolver : ControllerAdvice beans: 1 @ExceptionHandler, 1 ResponseBodyAdvice
2026-03-29T21:26:57.806+01:00  INFO 31994 --- [Pharmacies] [main] c.gestion.invoice.JwtApplicationTests    : Started JwtApplicationTests in 12.518 seconds (process running for 14.251)
2026-03-29T21:26:58.472+01:00 DEBUG 31994 --- [Pharmacies] [SpringApplicationShutdownHook] o.s.w.c.s.GenericWebApplicationContext   : Closing org.springframework.web.context.support.GenericWebApplicationContext@678040b3, started on Sun Mar 29 21:26:45 WAT 2026
2026-03-29T21:26:58.486+01:00  INFO 31994 --- [Pharmacies] [SpringApplicationShutdownHook] j.LocalContainerEntityManagerFactoryBean : Closing JPA EntityManagerFactory for persistence unit 'default'
2026-03-29T21:26:58.491+01:00  INFO 31994 --- [Pharmacies] [SpringApplicationShutdownHook] com.zaxxer.hikari.HikariDataSource       : HikariPool-1 - Shutdown initiated...
2026-03-29T21:26:58.502+01:00  INFO 31994 --- [Pharmacies] [SpringApplicationShutdownHook] com.zaxxer.hikari.HikariDataSource       : HikariPool-1 - Shutdown completed.
